activity_date,port_code,portwatch_id,portwatch_name,portcalls_container,portcalls_total,import_container_tons,import_total_tons,export_container_tons,export_total_tons
2024-07-01,AEJEA,port744,Jebel Ali,13,25,489141,665624,279633,351069
2024-07-01,BRSSZ,port1160,Santos,6,19,0,18452,106263,612024
2024-07-01,CNSHA,port1188,Shanghai,34,132,537111,1828233,312415,1450685
2024-07-01,CNSZX,port1414,Yantian,9,9,3816,3816,71893,71893
2024-07-01,DEHAM,port446,Hamburg,11,17,58010,58166,86906,90004
2024-07-01,EGALY,port23,Alexandria,2,12,46170,143773,8267,54230
2024-07-01,GBFXT,port343,Felixstowe,3,5,96002,96474,0,58
2024-07-01,INNSA,port776,Mumbai-Jawaharlal Nehru (Nhava Sheva),8,26,102472,207776,66938,122236
2024-07-01,KRPUS,port1065,Busan,39,70,142562,179579,350593,369426
2024-07-01,NLRTM,port1114,Rotterdam,18,82,195321,547401,62507,201742
2024-07-01,PLGDN,port380,Gdansk,3,11,34674,185229,48709,54124
2024-07-01,SGSIN,port1201,Singapore,31,135,552023,1071972,792441,1170288
2024-07-01,TRMER,port735,Mersin,2,6,18377,19215,17773,28671
2024-07-01,UAODS,port843,Odessa,0,3,0,923,0,12070
2024-07-01,USLGB,port664,Los Angeles-Long Beach,3,10,152087,216731,0,68902
2024-07-01,USNYC,port815,New York-New Jersey,6,13,121363,201532,66049,84163
2024-07-02,AEJEA,port744,Jebel Ali,14,22,371031,428118,451817,454150
2024-07-02,BRSSZ,port1160,Santos,9,20,69833,80262,92230,502804
2024-07-02,CNSHA,port1188,Shanghai,43,145,450673,1795758,612762,1031802
2024-07-02,CNSZX,port1414,Yantian,6,6,0,0,95947,95947
2024-07-02,DEHAM,port446,Hamburg,11,17,33548,119781,133557,135202
2024-07-02,EGALY,port23,Alexandria,3,9,17415,46503,2172,46542
2024-07-02,GBFXT,port343,Felixstowe,3,6,33308,37326,23320,23320
2024-07-02,INNSA,port776,Mumbai-Jawaharlal Nehru (Nhava Sheva),5,22,238513,365312,0,40423
2024-07-02,KRPUS,port1065,Busan,34,50,94783,127988,266996,281449
2024-07-02,NLRTM,port1114,Rotterdam,22,97,228496,830825,139521,273857
2024-07-02,PLGDN,port380,Gdansk,3,9,164581,361622,0,11083
2024-07-02,SGSIN,port1201,Singapore,35,110,570902,835104,334036,927619
2024-07-02,TRMER,port735,Mersin,5,10,4785,10863,45560,46859
2024-07-02,UAODS,port843,Odessa,0,0,0,0,0,0
2024-07-02,USLGB,port664,Los Angeles-Long Beach,5,10,420615,480119,0,86149
2024-07-02,USNYC,port815,New York-New Jersey,8,12,221432,273471,26060,29906
2024-07-03,AEJEA,port744,Jebel Ali,10,17,156239,271113,150758,150857
2024-07-03,BRSSZ,port1160,Santos,6,17,26350,148212,29668,388413
2024-07-03,CNSHA,port1188,Shanghai,35,142,287357,1433661,403506,1445020
2024-07-03,CNSZX,port1414,Yantian,4,5,37032,38832,5750,5750
2024-07-03,DEHAM,port446,Hamburg,12,19,149949,153171,149115,153367
2024-07-03,EGALY,port23,Alexandria,3,6,27616,53053,4267,12422
2024-07-03,GBFXT,port343,Felixstowe,3,5,88827,92993,2356,2356
2024-07-03,INNSA,port776,Mumbai-Jawaharlal Nehru (Nhava Sheva),7,19,106123,357165,51419,53717
2024-07-03,KRPUS,port1065,Busan,40,77,210810,279357,126405,154535
2024-07-03,NLRTM,port1114,Rotterdam,18,79,78350,650067,210222,462258
2024-07-03,PLGDN,port380,Gdansk,4,12,42070,293443,40790,52221
2024-07-03,SGSIN,port1201,Singapore,40,121,827597,1051138,896584,1236130
2024-07-03,TRMER,port735,Mersin,5,9,30756,32698,31491,31938
2024-07-03,UAODS,port843,Odessa,0,0,0,0,0,0
2024-07-03,USLGB,port664,Los Angeles-Long Beach,8,12,380604,416963,490723,520328
2024-07-03,USNYC,port815,New York-New Jersey,8,16,248278,377223,1418,3594
2024-07-04,AEJEA,port744,Jebel Ali,11,24,115740,176375,267295,401212
2024-07-04,BRSSZ,port1160,Santos,5,16,61244,170628,198289,460204
2024-07-04,CNSHA,port1188,Shanghai,40,163,452705,1423651,403096,1293410
2024-07-04,CNSZX,port1414,Yantian,5,6,2194,6141,29389,29389
2024-07-04,DEHAM,port446,Hamburg,10,18,34523,44680,112023,118109
2024-07-04,EGALY,port23,Alexandria,4,12,39204,172441,38332,61812
2024-07-04,GBFXT,port343,Felixstowe,3,3,76498,76498,59550,59550
2024-07-04,INNSA,port776,Mumbai-Jawaharlal Nehru (Nhava Sheva),7,23,65178,178012,86857,162060
2024-07-04,KRPUS,port1065,Busan,37,56,352412,394466,114683,126756
2024-07-04,NLRTM,port1114,Rotterdam,20,86,45636,815678,126959,205177
2024-07-04,PLGDN,port380,Gdansk,1,5,0,228005,10332,26522
2024-07-04,SGSIN,port1201,Singapore,34,112,923655,1520212,534615,813402
2024-07-04,TRMER,port735,Mersin,4,7,8552,9116,25309,25756
2024-07-04,UAODS,port843,Odessa,0,1,0,0,0,3099
2024-07-04,USLGB,port664,Los Angeles-Long Beach,4,8,82194,375997,72605,73125
2024-07-04,USNYC,port815,New York-New Jersey,2,6,61616,163962,8479,8479
2024-07-05,AEJEA,port744,Jebel Ali,15,25,556579,645682,150310,159251
2024-07-05,BRSSZ,port1160,Santos,7,16,84569,102283,43075,399435
2024-07-05,CNSHA,port1188,Shanghai,39,151,504743,1549338,442161,1690802
2024-07-05,CNSZX,port1414,Yantian,8,8,0,0,78752,78752
2024-07-05,DEHAM,port446,Hamburg,8,16,154964,183950,167145,206324
2024-07-05,EGALY,port23,Alexandria,2,9,26200,115965,0,4944
2024-07-05,GBFXT,port343,Felixstowe,2,2,312,312,17426,17426
2024-07-05,INNSA,port776,Mumbai-Jawaharlal Nehru (Nhava Sheva),8,23,157597,327842,125171,136654
2024-07-05,KRPUS,port1065,Busan,30,53,84714,132541,152788,219706
2024-07-05,NLRTM,port1114,Rotterdam,17,85,216866,601719,46161,126371
2024-07-05,PLGDN,port380,Gdansk,4,12,142455,320393,136780,138471
2024-07-05,SGSIN,port1201,Singapore,34,112,796739,1153214,762345,1096109
2024-07-05,TRMER,port735,Mersin,2,8,0,24632,4171,21148
2024-07-05,UAODS,port843,Odessa,0,3,0,2044,0,40267
2024-07-05,USLGB,port664,Los Angeles-Long Beach,0,4,0,234281,0,585
2024-07-05,USNYC,port815,New York-New Jersey,7,11,164336,179581,185585,185846
2024-07-06,AEJEA,port744,Jebel Ali,13,25,197815,308571,219184,258251
2024-07-06,BRSSZ,port1160,Santos,6,14,36164,66091,134285,334411
2024-07-06,CNSHA,port1188,Shanghai,41,154,357749,919529,361934,1500085
2024-07-06,CNSZX,port1414,Yantian,8,9,2194,5498,109392,109392
2024-07-06,DEHAM,port446,Hamburg,7,14,155635,198987,50811,59221
2024-07-06,EGALY,port23,Alexandria,5,11,8498,89835,42670,79325
2024-07-06,GBFXT,port343,Felixstowe,2,4,67447,70708,32613,37325
2024-07-06,INNSA,port776,Mumbai-Jawaharlal Nehru (Nhava Sheva),7,22,44405,143355,74009,137253
2024-07-06,KRPUS,port1065,Busan,36,59,181833,222569,146425,161076
2024-07-06,NLRTM,port1114,Rotterdam,17,91,225033,480631,90945,303358
2024-07-06,PLGDN,port380,Gdansk,1,10,29978,159309,22852,55037
2024-07-06,SGSIN,port1201,Singapore,34,103,694168,847372,432751,755127
2024-07-06,TRMER,port735,Mersin,7,11,57050,65535,24041,28501
2024-07-06,UAODS,port843,Odessa,0,3,0,0,0,56306
2024-07-06,USLGB,port664,Los Angeles-Long Beach,8,17,640309,964344,8642,8642
2024-07-06,USNYC,port815,New York-New Jersey,2,4,64128,148606,0,0
2024-07-07,AEJEA,port744,Jebel Ali,12,18,356753,367666,343719,343899
2024-07-07,BRSSZ,port1160,Santos,5,13,84611,167863,19544,163821
2024-07-07,CNSHA,port1188,Shanghai,44,159,725897,1970628,329457,1277595
2024-07-07,CNSZX,port1414,Yantian,7,7,0,0,81854,81854
2024-07-07,DEHAM,port446,Hamburg,9,13,47179,50156,145628,178478
2024-07-07,EGALY,port23,Alexandria,3,10,69849,133373,13398,26722
2024-07-07,GBFXT,port343,Felixstowe,3,3,52344,52344,44036,44036
2024-07-07,INNSA,port776,Mumbai-Jawaharlal Nehru (Nhava Sheva),6,15,121696,299210,0,38827
2024-07-07,KRPUS,port1065,Busan,28,43,220457,237962,225182,231214
2024-07-07,NLRTM,port1114,Rotterdam,14,77,104227,613486,60993,279443
2024-07-07,PLGDN,port380,Gdansk,3,6,60240,166540,123764,124820
2024-07-07,SGSIN,port1201,Singapore,38,112,606731,895766,711215,998534
2024-07-07,TRMER,port735,Mersin,3,4,32887,43249,8944,8944
2024-07-07,UAODS,port843,Odessa,0,1,0,0,0,27822
2024-07-07,USLGB,port664,Los Angeles-Long Beach,6,10,428869,443567,0,0
2024-07-07,USNYC,port815,New York-New Jersey,9,13,249533,342793,197878,197878
2024-07-08,AEJEA,port744,Jebel Ali,14,23,367084,504802,260306,294779
2024-07-08,BRSSZ,port1160,Santos,6,16,34992,58711,70032,283109
2024-07-08,CNSHA,port1188,Shanghai,41,162,502556,1794352,535546,1300220
2024-07-08,CNSZX,port1414,Yantian,2,4,2194,7224,46687,46707
2024-07-08,DEHAM,port446,Hamburg,7,18,277762,479841,51789,74111
2024-07-08,EGALY,port23,Alexandria,3,12,8498,37834,28134,35942
2024-07-08,GBFXT,port343,Felixstowe,3,6,10517,14525,0,0
2024-07-08,INNSA,port776,Mumbai-Jawaharlal Nehru (Nhava Sheva),9,38,234565,549515,130151,238418
2024-07-08,KRPUS,port1065,Busan,30,48,177758,202147,144768,155515
2024-07-08,NLRTM,port1114,Rotterdam,21,97,146765,567173,100283,220891
2024-07-08,PLGDN,port380,Gdansk,2,11,0,185917,87412,128003
2024-07-08,SGSIN,port1201,Singapore,36,128,549668,1488132,448951,773063
2024-07-08,TRMER,port735,Mersin,4,11,0,17700,43503,60200
2024-07-08,UAODS,port843,Odessa,0,5,0,923,0,38292
2024-07-08,USLGB,port664,Los Angeles-Long Beach,8,14,427029,548500,98373,115031
2024-07-08,USNYC,port815,New York-New Jersey,6,10,60785,153988,34039,35654
2024-07-09,AEJEA,port744,Jebel Ali,12,18,231917,295859,307442,309171
2024-07-09,BRSSZ,port1160,Santos,9,13,41643,45361,143184,164776
2024-07-09,CNSHA,port1188,Shanghai,37,165,222272,1344281,376092,1182744
2024-07-09,CNSZX,port1414,Yantian,7,8,0,0,44269,47849
2024-07-09,DEHAM,port446,Hamburg,6,10,47046,47788,44861,48730
2024-07-09,EGALY,port23,Alexandria,2,12,101315,240340,12169,24495
2024-07-09,GBFXT,port343,Felixstowe,2,5,3977,4450,17809,17867
2024-07-09,INNSA,port776,Mumbai-Jawaharlal Nehru (Nhava Sheva),7,25,118608,180076,18376,26962
2024-07-09,KRPUS,port1065,Busan,41,62,154431,188064,183133,198093
2024-07-09,NLRTM,port1114,Rotterdam,25,85,234790,529856,150271,238214
2024-07-09,PLGDN,port380,Gdansk,1,9,0,246698,31891,40153
2024-07-09,SGSIN,port1201,Singapore,40,136,704029,1906361,622895,914141
2024-07-09,TRMER,port735,Mersin,5,10,26517,86267,23337,30482
2024-07-09,UAODS,port843,Odessa,0,1,0,461,0,2705
2024-07-09,USLGB,port664,Los Angeles-Long Beach,6,14,564930,613914,19113,60110
2024-07-09,USNYC,port815,New York-New Jersey,4,11,171906,356442,13696,15311
2024-07-10,AEJEA,port744,Jebel Ali,14,34,221792,324487,121855,196165
2024-07-10,BRSSZ,port1160,Santos,4,9,28618,70561,3251,213706
2024-07-10,CNSHA,port1188,Shanghai,36,166,280113,1584653,475504,1052771
2024-07-10,CNSZX,port1414,Yantian,7,7,0,0,135263,135263
2024-07-10,DEHAM,port446,Hamburg,2,9,33756,75835,8369,26152
2024-07-10,EGALY,port23,Alexandria,4,15,22521,129918,7098,31840
2024-07-10,GBFXT,port343,Felixstowe,2,3,27980,29583,68889,69207
2024-07-10,INNSA,port776,Mumbai-Jawaharlal Nehru (Nhava Sheva),9,22,192912,407227,85217,91549
2024-07-10,KRPUS,port1065,Busan,42,63,140968,161573,226660,243435
2024-07-10,NLRTM,port1114,Rotterdam,20,97,193882,496474,195174,357674
2024-07-10,PLGDN,port380,Gdansk,3,8,142443,351574,0,1764
2024-07-10,SGSIN,port1201,Singapore,33,102,796960,1208898,651747,875983
2024-07-10,TRMER,port735,Mersin,3,10,42148,50158,952,5386
2024-07-10,UAODS,port843,Odessa,0,2,0,0,0,29824
2024-07-10,USLGB,port664,Los Angeles-Long Beach,3,5,264280,395066,158639,159751
2024-07-10,USNYC,port815,New York-New Jersey,6,8,108458,112109,37143,37143
2024-07-11,AEJEA,port744,Jebel Ali,16,25,127601,146330,550992,568607
2024-07-11,BRSSZ,port1160,Santos,6,18,115376,203595,88487,366493
2024-07-11,CNSHA,port1188,Shanghai,34,144,448998,1443490,320333,1105337
2024-07-11,CNSZX,port1414,Yantian,9,9,4389,4389,87682,87682
2024-07-11,DEHAM,port446,Hamburg,10,17,20471,58233,256240,260367
2024-07-11,EGALY,port23,Alexandria,2,8,0,25985,19345,32664
2024-07-11,GBFXT,port343,Felixstowe,2,2,17120,17120,102155,102155
2024-07-11,INNSA,port776,Mumbai-Jawaharlal Nehru (Nhava Sheva),6,19,53118,133557,37990,91743
2024-07-11,KRPUS,port1065,Busan,33,53,162200,211188,131834,138566
2024-07-11,NLRTM,port1114,Rotterdam,20,83,88489,474777,188665,362872
2024-07-11,PLGDN,port380,Gdansk,1,11,0,15583,25212,29697
2024-07-11,SGSIN,port1201,Singapore,37,115,348791,1049152,1064935,1267499
2024-07-11,TRMER,port735,Mersin,3,8,8031,9708,17066,23254
2024-07-11,UAODS,port843,Odessa,0,3,0,0,0,69430
2024-07-11,USLGB,port664,Los Angeles-Long Beach,3,9,323362,403265,0,98659
2024-07-11,USNYC,port815,New York-New Jersey,5,10,93982,137481,9896,10079
2024-07-12,AEJEA,port744,Jebel Ali,17,25,320379,356395,243337,243805
2024-07-12,BRSSZ,port1160,Santos,7,16,97477,150669,77927,251476
2024-07-12,CNSHA,port1188,Shanghai,37,156,459898,1470890,445058,1455939
2024-07-12,CNSZX,port1414,Yantian,10,10,32795,32795,49207,49207
2024-07-12,DEHAM,port446,Hamburg,16,19,569659,574946,99223,100689
2024-07-12,EGALY,port23,Alexandria,3,7,16997,54164,29730,40674
2024-07-12,GBFXT,port343,Felixstowe,4,5,188435,188435,0,1622
2024-07-12,INNSA,port776,Mumbai-Jawaharlal Nehru (Nhava Sheva),7,25,44575,194271,126485,177088
2024-07-12,KRPUS,port1065,Busan,40,65,128379,191585,295570,326741
2024-07-12,NLRTM,port1114,Rotterdam,24,84,88363,662999,116003,276362
2024-07-12,PLGDN,port380,Gdansk,1,5,0,142686,9001,12280
2024-07-12,SGSIN,port1201,Singapore,38,122,802885,1335777,976344,1295417
2024-07-12,TRMER,port735,Mersin,6,14,21179,41847,34165,42498
2024-07-12,UAODS,port843,Odessa,0,4,0,255,0,104148
2024-07-12,USLGB,port664,Los Angeles-Long Beach,10,13,399566,502354,249276,249276
2024-07-12,USNYC,port815,New York-New Jersey,7,9,305290,339822,2943,2943
2024-07-13,AEJEA,port744,Jebel Ali,8,22,166747,290039,243842,338617
2024-07-13,BRSSZ,port1160,Santos,4,13,34222,120416,137676,137676
2024-07-13,CNSHA,port1188,Shanghai,42,157,487422,1155260,402506,1671620
2024-07-13,CNSZX,port1414,Yantian,9,9,0,0,159231,159231
2024-07-13,DEHAM,port446,Hamburg,9,16,55663,76026,171930,175370
2024-07-13,EGALY,port23,Alexandria,3,9,6930,58118,18283,42912
2024-07-13,GBFXT,port343,Felixstowe,1,1,4689,4689,0,0
2024-07-13,INNSA,port776,Mumbai-Jawaharlal Nehru (Nhava Sheva),5,14,25131,259882,59257,69306
2024-07-13,KRPUS,port1065,Busan,37,58,130960,166529,261128,281172
2024-07-13,NLRTM,port1114,Rotterdam,18,77,160203,530243,282851,410539
2024-07-13,PLGDN,port380,Gdansk,1,5,0,161462,32364,35748
2024-07-13,SGSIN,port1201,Singapore,31,109,518511,909630,436474,779670
2024-07-13,TRMER,port735,Mersin,7,13,25049,53590,10972,15488
2024-07-13,UAODS,port843,Odessa,0,1,0,0,0,27995
2024-07-13,USLGB,port664,Los Angeles-Long Beach,5,12,288537,388812,51691,154564
2024-07-13,USNYC,port815,New York-New Jersey,8,14,254689,341580,61142,115447
2024-07-14,AEJEA,port744,Jebel Ali,14,29,602490,665842,281716,297500
2024-07-14,BRSSZ,port1160,Santos,6,15,107013,168168,124382,396928
2024-07-14,CNSHA,port1188,Shanghai,44,165,258284,999721,285104,1373746
2024-07-14,CNSZX,port1414,Yantian,6,7,6998,6998,50347,50347
2024-07-14,DEHAM,port446,Hamburg,7,15,109153,151286,67344,80393
2024-07-14,EGALY,port23,Alexandria,7,15,53689,170933,118685,119955
2024-07-14,GBFXT,port343,Felixstowe,2,3,20339,25188,23320,23320
2024-07-14,INNSA,port776,Mumbai-Jawaharlal Nehru (Nhava Sheva),9,16,51869,59268,224003,226813
2024-07-14,KRPUS,port1065,Busan,21,43,116824,161249,97071,117055
2024-07-14,NLRTM,port1114,Rotterdam,13,91,106079,722558,24262,185908
2024-07-14,PLGDN,port380,Gdansk,4,7,81248,81248,22852,41531
2024-07-14,SGSIN,port1201,Singapore,35,122,836136,1142829,519513,1018304
2024-07-14,TRMER,port735,Mersin,3,8,34615,43534,20318,21914
2024-07-14,UAODS,port843,Odessa,0,4,0,923,0,78083
2024-07-14,USLGB,port664,Los Angeles-Long Beach,5,12,399703,564925,0,36186
2024-07-14,USNYC,port815,New York-New Jersey,3,7,73089,188481,0,0
2024-07-15,AEJEA,port744,Jebel Ali,14,21,347044,482247,197778,207143
2024-07-15,BRSSZ,port1160,Santos,6,17,2895,9453,102230,543382
2024-07-15,CNSHA,port1188,Shanghai,45,164,418606,1389623,443613,1230662
2024-07-15,CNSZX,port1414,Yantian,8,8,13158,13158,60159,60159
2024-07-15,DEHAM,port446,Hamburg,14,22,145923,157965,92206,102714
2024-07-15,EGALY,port23,Alexandria,4,10,35206,150794,10439,15391
2024-07-15,GBFXT,port343,Felixstowe,6,9,58141,59620,106084,106084
2024-07-15,INNSA,port776,Mumbai-Jawaharlal Nehru (Nhava Sheva),9,33,67426,216917,266338,292141
2024-07-15,KRPUS,port1065,Busan,39,57,116840,145879,227586,235084
2024-07-15,NLRTM,port1114,Rotterdam,10,93,56933,327910,129848,322784
2024-07-15,PLGDN,port380,Gdansk,0,8,0,159860,0,4798
2024-07-15,SGSIN,port1201,Singapore,37,132,987094,1358879,754241,1123527
2024-07-15,TRMER,port735,Mersin,5,7,34970,35534,17344,22250
2024-07-15,UAODS,port843,Odessa,0,2,0,461,0,7442
2024-07-15,USLGB,port664,Los Angeles-Long Beach,8,19,438404,622619,51837,52351
2024-07-15,USNYC,port815,New York-New Jersey,12,18,305943,357258,62670,63049
2024-07-16,AEJEA,port744,Jebel Ali,10,19,103334,188969,266544,267132
2024-07-16,BRSSZ,port1160,Santos,5,11,72369,129834,7678,63513
2024-07-16,CNSHA,port1188,Shanghai,40,145,355147,1013145,443843,965992
2024-07-16,CNSZX,port1414,Yantian,11,12,11381,14999,150993,151172
2024-07-16,DEHAM,port446,Hamburg,6,19,25476,51915,155020,180390
2024-07-16,EGALY,port23,Alexandria,2,9,15478,48727,0,11619
2024-07-16,GBFXT,port343,Felixstowe,1,5,0,5685,15290,18319
2024-07-16,INNSA,port776,Mumbai-Jawaharlal Nehru (Nhava Sheva),7,21,131526,240768,18376,63669
2024-07-16,KRPUS,port1065,Busan,37,51,219328,237807,166839,174453
2024-07-16,NLRTM,port1114,Rotterdam,21,91,390895,1198015,119728,208690
2024-07-16,PLGDN,port380,Gdansk,1,8,12977,206725,0,5396
2024-07-16,SGSIN,port1201,Singapore,36,119,727611,1414396,591316,991507
2024-07-16,TRMER,port735,Mersin,3,9,8512,14712,8654,11932
2024-07-16,UAODS,port843,Odessa,0,1,0,0,0,32169
2024-07-16,USLGB,port664,Los Angeles-Long Beach,3,7,139115,416020,88733,101286
2024-07-16,USNYC,port815,New York-New Jersey,5,11,127984,239987,16959,57322
2024-07-17,AEJEA,port744,Jebel Ali,13,20,160142,300438,198221,199100
2024-07-17,BRSSZ,port1160,Santos,5,15,35244,38316,50669,442389
2024-07-17,CNSHA,port1188,Shanghai,31,119,227453,1010026,299994,818871
2024-07-17,CNSZX,port1414,Yantian,10,10,41991,41991,67584,67584
2024-07-17,DEHAM,port446,Hamburg,14,22,129190,270863,291587,296380
2024-07-17,EGALY,port23,Alexandria,4,12,40380,168818,53703,60051
2024-07-17,GBFXT,port343,Felixstowe,4,5,38390,38995,70123,70123
2024-07-17,INNSA,port776,Mumbai-Jawaharlal Nehru (Nhava Sheva),9,23,238689,439481,120850,139921
2024-07-17,KRPUS,port1065,Busan,40,65,199689,257779,203394,222846
2024-07-17,NLRTM,port1114,Rotterdam,20,85,202514,765170,346367,538311
2024-07-17,PLGDN,port380,Gdansk,5,11,0,1896,88222,93746
2024-07-17,SGSIN,port1201,Singapore,36,111,869727,1315822,772385,1175695
2024-07-17,TRMER,port735,Mersin,5,8,23226,44751,18880,19823
2024-07-17,UAODS,port843,Odessa,0,2,0,0,0,80613
2024-07-17,USLGB,port664,Los Angeles-Long Beach,5,18,391763,605890,71036,173690
2024-07-17,USNYC,port815,New York-New Jersey,7,13,129206,185272,31594,33210
2024-07-18,AEJEA,port744,Jebel Ali,10,20,170178,256655,407070,410253
2024-07-18,BRSSZ,port1160,Santos,4,16,19151,175061,70633,279716
2024-07-18,CNSHA,port1188,Shanghai,36,141,221860,723247,445722,778334
2024-07-18,CNSZX,port1414,Yantian,6,6,2194,2194,61160,61160
2024-07-18,DEHAM,port446,Hamburg,3,11,0,32560,107214,113247
2024-07-18,EGALY,port23,Alexandria,3,6,0,9869,20319,20954
2024-07-18,GBFXT,port343,Felixstowe,1,4,3635,7367,0,58
2024-07-18,INNSA,port776,Mumbai-Jawaharlal Nehru (Nhava Sheva),9,21,112918,212588,139541,140798
2024-07-18,KRPUS,port1065,Busan,33,58,135107,173442,181005,232326
2024-07-18,NLRTM,port1114,Rotterdam,21,101,193904,977341,96980,283365
2024-07-18,PLGDN,port380,Gdansk,0,6,0,158555,0,2633
2024-07-18,SGSIN,port1201,Singapore,41,117,891432,1248053,703383,958570
2024-07-18,TRMER,port735,Mersin,5,11,72157,90045,32610,41748
2024-07-18,UAODS,port843,Odessa,0,4,0,4796,0,16177
2024-07-18,USLGB,port664,Los Angeles-Long Beach,8,15,685859,692022,19113,99033
2024-07-18,USNYC,port815,New York-New Jersey,6,9,171922,261148,153927,153927
2024-07-19,AEJEA,port744,Jebel Ali,15,25,333436,494826,205585,224413
2024-07-19,BRSSZ,port1160,Santos,7,19,107691,219265,97562,336385
2024-07-19,CNSHA,port1188,Shanghai,29,127,208109,1065881,281225,1331123
2024-07-19,CNSZX,port1414,Yantian,7,9,2194,2194,77898,82125
2024-07-19,DEHAM,port446,Hamburg,9,18,326739,374593,66890,91845
2024-07-19,EGALY,port23,Alexandria,3,8,16997,77286,29146,37599
2024-07-19,GBFXT,port343,Felixstowe,1,6,61372,66844,0,3864
2024-07-19,INNSA,port776,Mumbai-Jawaharlal Nehru (Nhava Sheva),6,16,37830,112291,80849,118253
2024-07-19,KRPUS,port1065,Busan,36,50,135507,158445,164296,172658
2024-07-19,NLRTM,port1114,Rotterdam,14,68,92079,755438,58007,177749
2024-07-19,PLGDN,port380,Gdansk,2,11,3463,272212,26859,56349
2024-07-19,SGSIN,port1201,Singapore,41,115,456560,1173820,681392,913785
2024-07-19,TRMER,port735,Mersin,3,13,0,16834,13126,19494
2024-07-19,UAODS,port843,Odessa,0,1,0,0,0,23188
2024-07-19,USLGB,port664,Los Angeles-Long Beach,5,9,300550,319530,126144,192729
2024-07-19,USNYC,port815,New York-New Jersey,6,13,187629,335107,11423,68879
2024-07-20,AEJEA,port744,Jebel Ali,9,22,140140,333833,123711,136283
2024-07-20,BRSSZ,port1160,Santos,7,17,79780,79780,61457,448553
2024-07-20,CNSHA,port1188,Shanghai,41,161,368453,1357646,224104,1265879
2024-07-20,CNSZX,port1414,Yantian,5,5,2736,2736,39234,39234
2024-07-20,DEHAM,port446,Hamburg,8,12,63201,79927,118777,122224
2024-07-20,EGALY,port23,Alexandria,6,11,44301,92583,37528,43918
2024-07-20,GBFXT,port343,Felixstowe,2,3,64426,64561,8819,8819
2024-07-20,INNSA,port776,Mumbai-Jawaharlal Nehru (Nhava Sheva),10,25,280494,382513,85546,117170
2024-07-20,KRPUS,port1065,Busan,36,53,117908,143890,221043,237185
2024-07-20,NLRTM,port1114,Rotterdam,22,91,259841,880606,152174,294863
2024-07-20,PLGDN,port380,Gdansk,4,7,97681,226501,62242,62988
2024-07-20,SGSIN,port1201,Singapore,30,105,366352,670020,571116,932971
2024-07-20,TRMER,port735,Mersin,5,12,8031,12580,60770,94904
2024-07-20,UAODS,port843,Odessa,0,2,0,2126,0,593
2024-07-20,USLGB,port664,Los Angeles-Long Beach,5,14,286739,448800,126933,187214
2024-07-20,USNYC,port815,New York-New Jersey,3,6,45593,105685,97908,98146
2024-07-21,AEJEA,port744,Jebel Ali,11,22,137357,232895,188202,201388
2024-07-21,BRSSZ,port1160,Santos,6,19,53392,101685,109266,390623
2024-07-21,CNSHA,port1188,Shanghai,31,147,170670,901861,322633,1178803
2024-07-21,CNSZX,port1414,Yantian,5,5,935,935,37029,37029
2024-07-21,DEHAM,port446,Hamburg,9,12,234719,235211,32832,35128
2024-07-21,EGALY,port23,Alexandria,4,11,18789,25205,31066,45806
2024-07-21,GBFXT,port343,Felixstowe,1,2,19223,21180,0,0
2024-07-21,INNSA,port776,Mumbai-Jawaharlal Nehru (Nhava Sheva),6,18,125246,252566,55128,76039
2024-07-21,KRPUS,port1065,Busan,36,65,284445,379407,132220,152946
2024-07-21,NLRTM,port1114,Rotterdam,17,71,223440,537501,32957,86276
2024-07-21,PLGDN,port380,Gdansk,2,8,26430,85315,0,1899
2024-07-21,SGSIN,port1201,Singapore,30,96,554589,860130,817810,1046034
2024-07-21,TRMER,port735,Mersin,4,10,30017,31628,23141,85510
2024-07-21,UAODS,port843,Odessa,0,2,0,0,0,49144
2024-07-21,USLGB,port664,Los Angeles-Long Beach,4,9,81917,181881,108054,144807
2024-07-21,USNYC,port815,New York-New Jersey,6,15,173191,397656,7189,7189
2024-07-22,AEJEA,port744,Jebel Ali,17,29,357068,492529,420791,549462
2024-07-22,BRSSZ,port1160,Santos,2,10,49920,90778,0,292635
2024-07-22,CNSHA,port1188,Shanghai,45,151,221465,1561812,504308,1183427
2024-07-22,CNSZX,port1414,Yantian,9,9,16742,16742,109128,109128
2024-07-22,DEHAM,port446,Hamburg,13,27,125279,282555,178506,222235
2024-07-22,EGALY,port23,Alexandria,1,9,0,127413,0,4690
2024-07-22,GBFXT,port343,Felixstowe,1,3,0,0,87882,87882
2024-07-22,INNSA,port776,Mumbai-Jawaharlal Nehru (Nhava Sheva),11,23,276493,378539,29750,33307
2024-07-22,KRPUS,port1065,Busan,32,64,235481,290187,110785,129213
2024-07-22,NLRTM,port1114,Rotterdam,22,107,65349,831121,245068,438583
2024-07-22,PLGDN,port380,Gdansk,3,15,120612,348855,47570,120487
2024-07-22,SGSIN,port1201,Singapore,40,125,1344929,1727080,472386,784258
2024-07-22,TRMER,port735,Mersin,4,8,150497,155310,6660,6660
2024-07-22,UAODS,port843,Odessa,0,3,0,0,0,35473
2024-07-22,USLGB,port664,Los Angeles-Long Beach,7,14,623327,862495,0,35601
2024-07-22,USNYC,port815,New York-New Jersey,8,10,294371,335338,0,0
2024-07-23,AEJEA,port744,Jebel Ali,11,21,194418,286988,160478,169378
2024-07-23,BRSSZ,port1160,Santos,10,23,96175,192678,112931,497624
2024-07-23,CNSHA,port1188,Shanghai,39,137,314286,1353477,272105,540045
2024-07-23,CNSZX,port1414,Yantian,8,8,5870,5870,44551,44551
2024-07-23,DEHAM,port446,Hamburg,12,22,216053,246656,271493,308693
2024-07-23,EGALY,port23,Alexandria,4,9,51145,66285,30738,31374
2024-07-23,GBFXT,port343,Felixstowe,4,7,45463,48472,46640,46640
2024-07-23,INNSA,port776,Mumbai-Jawaharlal Nehru (Nhava Sheva),6,14,136904,336727,18376,73919
2024-07-23,KRPUS,port1065,Busan,32,52,129259,154459,229266,245656
2024-07-23,NLRTM,port1114,Rotterdam,17,71,76085,321525,205881,284332
2024-07-23,PLGDN,port380,Gdansk,0,6,0,217804,0,11811
2024-07-23,SGSIN,port1201,Singapore,31,90,384792,1075800,536572,756335
2024-07-23,TRMER,port735,Mersin,5,10,35234,45951,19335,22176
2024-07-23,UAODS,port843,Odessa,0,4,0,717,0,41611
2024-07-23,USLGB,port664,Los Angeles-Long Beach,6,12,339802,421295,0,101587
2024-07-23,USNYC,port815,New York-New Jersey,4,12,192113,319363,24898,56472
2024-07-24,AEJEA,port744,Jebel Ali,12,24,240119,383099,203110,314851
2024-07-24,BRSSZ,port1160,Santos,5,12,24817,69760,46409,179204
2024-07-24,CNSHA,port1188,Shanghai,34,102,367901,535830,473311,702443
2024-07-24,CNSZX,port1414,Yantian,5,6,3148,9396,42478,42478
2024-07-24,DEHAM,port446,Hamburg,9,20,40611,56720,97839,140528
2024-07-24,EGALY,port23,Alexandria,5,12,9889,17620,42202,75184
2024-07-24,GBFXT,port343,Felixstowe,2,2,0,0,47438,47438
2024-07-24,INNSA,port776,Mumbai-Jawaharlal Nehru (Nhava Sheva),10,23,126392,325596,148853,157128
2024-07-24,KRPUS,port1065,Busan,29,48,128644,210250,159226,168303
2024-07-24,NLRTM,port1114,Rotterdam,22,80,119870,704780,105108,166772
2024-07-24,PLGDN,port380,Gdansk,3,11,50115,264434,46162,53223
2024-07-24,SGSIN,port1201,Singapore,38,125,751015,1281049,919192,1267784
2024-07-24,TRMER,port735,Mersin,3,9,4707,57518,36399,44128
2024-07-24,UAODS,port843,Odessa,0,5,0,717,0,132595
2024-07-24,USLGB,port664,Los Angeles-Long Beach,6,13,319176,576355,249912,379094
2024-07-24,USNYC,port815,New York-New Jersey,7,11,245952,321250,0,6205
2024-07-25,AEJEA,port744,Jebel Ali,11,27,252589,365179,238742,245325
2024-07-25,BRSSZ,port1160,Santos,8,23,33356,157686,67229,549803
2024-07-25,CNSHA,port1188,Shanghai,37,92,161236,411205,435057,597970
2024-07-25,CNSZX,port1414,Yantian,9,9,4320,4320,91978,91978
2024-07-25,DEHAM,port446,Hamburg,10,17,79909,168717,237569,255543
2024-07-25,EGALY,port23,Alexandria,2,6,23088,26075,8267,9009
2024-07-25,GBFXT,port343,Felixstowe,2,5,67871,76245,0,0
2024-07-25,INNSA,port776,Mumbai-Jawaharlal Nehru (Nhava Sheva),4,18,30423,80071,122342,143319
2024-07-25,KRPUS,port1065,Busan,44,62,218061,245363,248083,253479
2024-07-25,NLRTM,port1114,Rotterdam,18,80,169730,678346,141383,245129
2024-07-25,PLGDN,port380,Gdansk,1,7,27635,84947,0,957
2024-07-25,SGSIN,port1201,Singapore,37,125,339989,931186,1163811,1458695
2024-07-25,TRMER,port735,Mersin,5,12,9920,39504,19213,30108
2024-07-25,UAODS,port843,Odessa,0,2,0,461,0,51848
2024-07-25,USLGB,port664,Los Angeles-Long Beach,9,12,412134,463655,294189,329791
2024-07-25,USNYC,port815,New York-New Jersey,9,12,215605,392602,100491,100491
2024-07-26,AEJEA,port744,Jebel Ali,11,18,390238,446051,156459,171466
2024-07-26,BRSSZ,port1160,Santos,4,14,61989,99236,16564,320806
2024-07-26,CNSHA,port1188,Shanghai,23,52,132487,253763,274302,428601
2024-07-26,CNSZX,port1414,Yantian,3,3,0,0,14324,14324
2024-07-26,DEHAM,port446,Hamburg,8,17,166478,269227,66362,76342
2024-07-26,EGALY,port23,Alexandria,3,9,8498,118428,20451,25403
2024-07-26,GBFXT,port343,Felixstowe,2,2,34594,34594,0,0
2024-07-26,INNSA,port776,Mumbai-Jawaharlal Nehru (Nhava Sheva),9,25,131679,267430,162969,172025
2024-07-26,KRPUS,port1065,Busan,28,51,280479,322784,157180,170570
2024-07-26,NLRTM,port1114,Rotterdam,17,83,228118,551644,155618,322024
2024-07-26,PLGDN,port380,Gdansk,1,5,0,4775,35767,36967
2024-07-26,SGSIN,port1201,Singapore,33,121,433963,804630,555903,812753
2024-07-26,TRMER,port735,Mersin,5,11,16063,17673,84048,116007
2024-07-26,UAODS,port843,Odessa,0,1,0,0,0,36831
2024-07-26,USLGB,port664,Los Angeles-Long Beach,3,10,106482,317256,0,64059
2024-07-26,USNYC,port815,New York-New Jersey,5,14,102274,268271,17922,17922
2024-07-27,AEJEA,port744,Jebel Ali,12,28,94171,228452,187427,209432
2024-07-27,BRSSZ,port1160,Santos,6,15,152215,185073,81784,404588
2024-07-27,CNSHA,port1188,Shanghai,39,90,433902,552307,300426,617804
2024-07-27,CNSZX,port1414,Yantian,5,5,3646,3646,62816,62816
2024-07-27,DEHAM,port446,Hamburg,5,12,89081,174067,198884,218919
2024-07-27,EGALY,port23,Alexandria,5,10,8890,41424,50095,55439
2024-07-27,GBFXT,port343,Felixstowe,3,4,8970,8970,318113,320013
2024-07-27,INNSA,port776,Mumbai-Jawaharlal Nehru (Nhava Sheva),5,18,139692,215469,18376,40421
2024-07-27,KRPUS,port1065,Busan,38,63,284728,311727,275909,292821
2024-07-27,NLRTM,port1114,Rotterdam,20,90,104694,983868,81105,336877
2024-07-27,PLGDN,port380,Gdansk,4,9,146866,290404,56240,62390
2024-07-27,SGSIN,port1201,Singapore,36,114,717344,933570,521185,1106959
2024-07-27,TRMER,port735,Mersin,5,12,6096,6660,27893,40963
2024-07-27,UAODS,port843,Odessa,0,2,0,255,0,100309
2024-07-27,USLGB,port664,Los Angeles-Long Beach,7,13,655997,674180,0,279208
2024-07-27,USNYC,port815,New York-New Jersey,7,11,77398,133169,68334,68334
2024-07-28,AEJEA,port744,Jebel Ali,12,20,308453,326643,310893,314399
2024-07-28,BRSSZ,port1160,Santos,4,7,0,29764,159382,229939
2024-07-28,CNSHA,port1188,Shanghai,42,137,328964,1210334,385078,662967
2024-07-28,CNSZX,port1414,Yantian,3,4,3345,5404,13506,13506
2024-07-28,DEHAM,port446,Hamburg,11,14,124018,137939,73284,76254
2024-07-28,EGALY,port23,Alexandria,7,12,16545,21732,207038,223128
2024-07-28,GBFXT,port343,Felixstowe,2,3,25840,25840,0,0
2024-07-28,INNSA,port776,Mumbai-Jawaharlal Nehru (Nhava Sheva),8,17,113718,180078,123753,169777
2024-07-28,KRPUS,port1065,Busan,26,56,119602,157905,134906,149686
2024-07-28,NLRTM,port1114,Rotterdam,21,84,285103,818254,57798,187890
2024-07-28,PLGDN,port380,Gdansk,3,10,65842,177715,30915,49128
2024-07-28,SGSIN,port1201,Singapore,35,93,440361,1009832,776636,985905
2024-07-28,TRMER,port735,Mersin,4,10,0,16649,35254,37137
2024-07-28,UAODS,port843,Odessa,0,3,0,476,0,28601
2024-07-28,USLGB,port664,Los Angeles-Long Beach,6,12,389227,608716,26407,67279
2024-07-28,USNYC,port815,New York-New Jersey,6,10,182471,379197,9880,11495
2024-07-29,AEJEA,port744,Jebel Ali,14,25,421933,582852,69572,70160
2024-07-29,BRSSZ,port1160,Santos,4,18,29117,169177,29265,352849
2024-07-29,CNSHA,port1188,Shanghai,34,148,145021,993321,276839,757877
2024-07-29,CNSZX,port1414,Yantian,14,14,6119,6119,94641,94641
2024-07-29,DEHAM,port446,Hamburg,9,17,12384,118883,130919,130919
2024-07-29,EGALY,port23,Alexandria,2,13,5356,176952,12263,18867
2024-07-29,GBFXT,port343,Felixstowe,1,5,37906,44619,0,0
2024-07-29,INNSA,port776,Mumbai-Jawaharlal Nehru (Nhava Sheva),10,44,167682,541285,259414,342022
2024-07-29,KRPUS,port1065,Busan,24,47,136561,191102,107486,118687
2024-07-29,NLRTM,port1114,Rotterdam,19,86,162484,1054131,78988,169474
2024-07-29,PLGDN,port380,Gdansk,2,8,0,2325,101768,133619
2024-07-29,SGSIN,port1201,Singapore,41,130,690455,1057613,931124,1273958
2024-07-29,TRMER,port735,Mersin,4,10,1897,8169,95054,96353
2024-07-29,UAODS,port843,Odessa,0,1,0,0,0,63535
2024-07-29,USLGB,port664,Los Angeles-Long Beach,10,18,804136,876459,0,11190
2024-07-29,USNYC,port815,New York-New Jersey,8,12,242590,373030,75025,75025
2024-07-30,AEJEA,port744,Jebel Ali,13,26,273954,397027,211575,222065
2024-07-30,BRSSZ,port1160,Santos,8,18,121995,122358,82561,440225
2024-07-30,CNSHA,port1188,Shanghai,30,123,124250,575066,332955,608272
2024-07-30,CNSZX,port1414,Yantian,8,8,5546,5546,48768,48768
2024-07-30,DEHAM,port446,Hamburg,10,13,201388,205153,89751,91151
2024-07-30,EGALY,port23,Alexandria,3,14,76899,155127,18038,19944
2024-07-30,GBFXT,port343,Felixstowe,5,7,68778,68778,23036,23036
2024-07-30,INNSA,port776,Mumbai-Jawaharlal Nehru (Nhava Sheva),7,17,53387,160364,220813,247329
2024-07-30,KRPUS,port1065,Busan,41,67,258407,330273,182563,215155
2024-07-30,NLRTM,port1114,Rotterdam,16,90,308282,719351,41484,193633
2024-07-30,PLGDN,port380,Gdansk,5,11,52839,166520,107182,109663
2024-07-30,SGSIN,port1201,Singapore,36,111,776503,1210791,608743,909104
2024-07-30,TRMER,port735,Mersin,4,7,138547,150021,8611,8611
2024-07-30,UAODS,port843,Odessa,0,2,0,461,0,54498
2024-07-30,USLGB,port664,Los Angeles-Long Beach,2,12,104123,442448,62677,144797
2024-07-30,USNYC,port815,New York-New Jersey,4,9,99361,122812,0,5732
2024-07-31,AEJEA,port744,Jebel Ali,9,16,136855,235273,23894,30870
2024-07-31,BRSSZ,port1160,Santos,7,15,143167,229179,6645,138503
2024-07-31,CNSHA,port1188,Shanghai,30,117,220694,594771,405340,1135863
2024-07-31,CNSZX,port1414,Yantian,4,4,0,0,42067,42067
2024-07-31,DEHAM,port446,Hamburg,15,20,240393,363037,143998,149333
2024-07-31,EGALY,port23,Alexandria,4,10,150058,166245,53412,60683
2024-07-31,GBFXT,port343,Felixstowe,0,0,0,0,0,0
2024-07-31,INNSA,port776,Mumbai-Jawaharlal Nehru (Nhava Sheva),9,28,113556,411104,138007,158315
2024-07-31,KRPUS,port1065,Busan,40,61,196811,226687,222509,235765
2024-07-31,NLRTM,port1114,Rotterdam,24,76,143035,519094,134672,224409
2024-07-31,PLGDN,port380,Gdansk,2,11,14502,371028,23885,27468
2024-07-31,SGSIN,port1201,Singapore,24,96,883401,1135108,340926,664055
2024-07-31,TRMER,port735,Mersin,3,6,16390,18258,57765,57765
2024-07-31,UAODS,port843,Odessa,0,1,0,0,0,30449
2024-07-31,USLGB,port664,Los Angeles-Long Beach,6,12,385490,537213,262567,329611
2024-07-31,USNYC,port815,New York-New Jersey,6,12,74040,249134,23538,23538
2024-08-01,AEJEA,port744,Jebel Ali,15,30,137865,317138,340410,391422
2024-08-01,BRSSZ,port1160,Santos,6,15,43293,59204,42512,453394
2024-08-01,CNSHA,port1188,Shanghai,34,91,115278,352348,296853,482999
2024-08-01,CNSZX,port1414,Yantian,9,9,38309,38309,49748,49748
2024-08-01,DEHAM,port446,Hamburg,3,11,23464,155287,15770,23593
2024-08-01,EGALY,port23,Alexandria,3,13,21742,89510,27379,42011
2024-08-01,GBFXT,port343,Felixstowe,3,4,88554,88554,49731,49731
2024-08-01,INNSA,port776,Mumbai-Jawaharlal Nehru (Nhava Sheva),10,27,134941,252155,155629,159609
2024-08-01,KRPUS,port1065,Busan,36,61,329340,369570,114284,132184
2024-08-01,NLRTM,port1114,Rotterdam,22,93,163948,842166,163626,303122
2024-08-01,PLGDN,port380,Gdansk,1,6,0,32249,7496,16661
2024-08-01,SGSIN,port1201,Singapore,38,114,616032,1054285,806795,1064036
2024-08-01,TRMER,port735,Mersin,6,8,29010,29010,31166,35970
2024-08-01,UAODS,port843,Odessa,0,2,0,2048,0,53905
2024-08-01,USLGB,port664,Los Angeles-Long Beach,3,5,138600,146760,44728,44728
2024-08-01,USNYC,port815,New York-New Jersey,13,14,244585,244585,68512,72087
2024-08-02,AEJEA,port744,Jebel Ali,19,29,168689,228311,368471,381274
2024-08-02,BRSSZ,port1160,Santos,4,11,157319,235248,0,85151
2024-08-02,CNSHA,port1188,Shanghai,48,144,463153,1304414,463118,732507
2024-08-02,CNSZX,port1414,Yantian,7,8,6955,11262,65719,65719
2024-08-02,DEHAM,port446,Hamburg,12,21,108975,161882,238598,247003
2024-08-02,EGALY,port23,Alexandria,4,11,12739,49800,14744,16015
2024-08-02,GBFXT,port343,Felixstowe,4,6,43182,46160,23748,25063
2024-08-02,INNSA,port776,Mumbai-Jawaharlal Nehru (Nhava Sheva),5,18,192326,369940,56090,91633
2024-08-02,KRPUS,port1065,Busan,35,64,136014,188361,189432,204537
2024-08-02,NLRTM,port1114,Rotterdam,11,75,70621,659245,51956,136362
2024-08-02,PLGDN,port380,Gdansk,0,7,0,4539,0,2200
2024-08-02,SGSIN,port1201,Singapore,39,131,549815,838650,746873,1109491
2024-08-02,TRMER,port735,Mersin,3,8,88297,90261,10056,18486
2024-08-02,UAODS,port843,Odessa,0,1,0,64,0,5122
2024-08-02,USLGB,port664,Los Angeles-Long Beach,6,12,251657,313848,321340,323062
2024-08-02,USNYC,port815,New York-New Jersey,5,14,202281,372886,19991,20252
2024-08-03,AEJEA,port744,Jebel Ali,12,20,687117,821278,172625,219562
2024-08-03,BRSSZ,port1160,Santos,0,0,0,0,0,0
2024-08-03,CNSHA,port1188,Shanghai,33,119,225195,775973,272794,660871
2024-08-03,CNSZX,port1414,Yantian,9,9,1519,1519,118143,118143
2024-08-03,DEHAM,port446,Hamburg,7,14,154235,215156,166887,182845
2024-08-03,EGALY,port23,Alexandria,3,14,35784,136942,13050,20473
2024-08-03,GBFXT,port343,Felixstowe,2,2,64781,64781,8050,8050
2024-08-03,INNSA,port776,Mumbai-Jawaharlal Nehru (Nhava Sheva),11,25,262185,322454,101186,144671
2024-08-03,KRPUS,port1065,Busan,40,64,85870,140365,170551,187001
2024-08-03,NLRTM,port1114,Rotterdam,15,86,160214,827626,72649,193493
2024-08-03,PLGDN,port380,Gdansk,2,9,52254,257905,14932,17735
2024-08-03,SGSIN,port1201,Singapore,34,111,630099,1290021,803759,1223028
2024-08-03,TRMER,port735,Mersin,5,10,18470,21359,20599,24264
2024-08-03,UAODS,port843,Odessa,0,3,0,255,0,108856
2024-08-03,USLGB,port664,Los Angeles-Long Beach,6,16,630153,845825,0,97650
2024-08-03,USNYC,port815,New York-New Jersey,6,11,92940,131996,95633,95816
2024-08-04,AEJEA,port744,Jebel Ali,7,14,272661,292559,112223,119587
2024-08-04,BRSSZ,port1160,Santos,9,28,107168,148231,128983,770999
2024-08-04,CNSHA,port1188,Shanghai,36,108,243427,719115,295961,769273
2024-08-04,CNSZX,port1414,Yantian,7,7,24034,24034,46593,46593
2024-08-04,DEHAM,port446,Hamburg,10,17,212954,265942,6749,14764
2024-08-04,EGALY,port23,Alexandria,4,11,10871,24654,106129,109306
2024-08-04,GBFXT,port343,Felixstowe,3,6,7846,14111,31733,32051
2024-08-04,INNSA,port776,Mumbai-Jawaharlal Nehru (Nhava Sheva),8,17,144842,539335,140471,144849
2024-08-04,KRPUS,port1065,Busan,36,48,93182,105422,215731,229797
2024-08-04,NLRTM,port1114,Rotterdam,17,89,209638,498789,82066,208126
2024-08-04,PLGDN,port380,Gdansk,3,11,23574,199575,160783,164252
2024-08-04,SGSIN,port1201,Singapore,39,112,902491,1337274,808642,1139771
2024-08-04,TRMER,port735,Mersin,4,7,114057,126143,25745,26604
2024-08-04,UAODS,port843,Odessa,0,1,0,0,0,29693
2024-08-04,USLGB,port664,Los Angeles-Long Beach,7,13,396140,541931,258002,293604
2024-08-04,USNYC,port815,New York-New Jersey,6,7,133214,133214,120201,163828
2024-08-05,AEJEA,port744,Jebel Ali,11,28,167855,296023,151160,253506
2024-08-05,BRSSZ,port1160,Santos,5,15,20501,104283,99623,292028
2024-08-05,CNSHA,port1188,Shanghai,44,151,418513,1461823,304779,756287
2024-08-05,CNSZX,port1414,Yantian,15,15,67811,67811,153091,153091
2024-08-05,DEHAM,port446,Hamburg,8,17,33778,84745,185622,196605
2024-08-05,EGALY,port23,Alexandria,2,9,5731,102738,13122,66624
2024-08-05,GBFXT,port343,Felixstowe,2,5,30405,33838,16477,16477
2024-08-05,INNSA,port776,Mumbai-Jawaharlal Nehru (Nhava Sheva),8,26,111718,284766,152309,158969
2024-08-05,KRPUS,port1065,Busan,24,43,209150,246077,61367,95728
2024-08-05,NLRTM,port1114,Rotterdam,19,81,65196,844043,184452,432355
2024-08-05,PLGDN,port380,Gdansk,1,16,8182,313180,0,39763
2024-08-05,SGSIN,port1201,Singapore,36,147,736172,1612636,739920,1156105
2024-08-05,TRMER,port735,Mersin,5,8,36434,36998,35707,41649
2024-08-05,UAODS,port843,Odessa,0,5,0,0,0,111737
2024-08-05,USLGB,port664,Los Angeles-Long Beach,6,11,291328,352923,0,10880
2024-08-05,USNYC,port815,New York-New Jersey,4,12,32200,245844,17614,17845
2024-08-06,AEJEA,port744,Jebel Ali,12,25,57545,83180,532381,572516
2024-08-06,BRSSZ,port1160,Santos,3,14,24242,92768,38356,424208
2024-08-06,CNSHA,port1188,Shanghai,44,127,287508,863339,268127,443016
2024-08-06,CNSZX,port1414,Yantian,9,9,12186,12186,71807,71807
2024-08-06,DEHAM,port446,Hamburg,15,22,129083,201407,239593,248146
2024-08-06,EGALY,port23,Alexandria,1,9,0,62269,10818,12049
2024-08-06,GBFXT,port343,Felixstowe,3,5,1955,2427,100809,100867
2024-08-06,INNSA,port776,Mumbai-Jawaharlal Nehru (Nhava Sheva),7,19,162892,219023,89316,113971
2024-08-06,KRPUS,port1065,Busan,42,63,213360,232447,159855,171379
2024-08-06,NLRTM,port1114,Rotterdam,18,86,140081,760181,68752,190719
2024-08-06,PLGDN,port380,Gdansk,1,10,39983,256970,0,3260
2024-08-06,SGSIN,port1201,Singapore,43,121,754603,1202196,622473,900090
2024-08-06,TRMER,port735,Mersin,4,11,15414,42816,34475,41080
2024-08-06,UAODS,port843,Odessa,0,6,0,717,0,106270
2024-08-06,USLGB,port664,Los Angeles-Long Beach,3,11,261441,444819,0,81832
2024-08-06,USNYC,port815,New York-New Jersey,5,9,180570,266573,10700,10700
2024-08-07,AEJEA,port744,Jebel Ali,10,22,224240,261444,146921,212134
2024-08-07,BRSSZ,port1160,Santos,5,11,30624,30624,88316,354740
2024-08-07,CNSHA,port1188,Shanghai,34,112,234007,629511,394349,561173
2024-08-07,CNSZX,port1414,Yantian,8,9,6694,6694,77236,77236
2024-08-07,DEHAM,port446,Hamburg,10,15,178225,180061,100903,115531
2024-08-07,EGALY,port23,Alexandria,4,12,84444,117477,6914,6914
2024-08-07,GBFXT,port343,Felixstowe,3,4,51677,51677,4142,4520
2024-08-07,INNSA,port776,Mumbai-Jawaharlal Nehru (Nhava Sheva),7,21,49907,428635,96536,97595
2024-08-07,KRPUS,port1065,Busan,38,59,123517,156358,91982,137098
2024-08-07,NLRTM,port1114,Rotterdam,25,87,365137,840187,120727,194257
2024-08-07,PLGDN,port380,Gdansk,5,14,125514,281479,13664,19487
2024-08-07,SGSIN,port1201,Singapore,39,131,858148,1322458,871151,1327208
2024-08-07,TRMER,port735,Mersin,1,5,0,18420,2566,2566
2024-08-07,UAODS,port843,Odessa,0,3,0,461,0,12858
2024-08-07,USLGB,port664,Los Angeles-Long Beach,4,8,352637,401348,0,111
2024-08-07,USNYC,port815,New York-New Jersey,8,14,129437,204079,95049,142688
2024-08-08,AEJEA,port744,Jebel Ali,17,29,267178,358789,279709,286333
2024-08-08,BRSSZ,port1160,Santos,7,22,24769,97968,70984,491473
2024-08-08,CNSHA,port1188,Shanghai,44,128,194143,862816,486047,895167
2024-08-08,CNSZX,port1414,Yantian,8,9,11445,11445,104440,104440
2024-08-08,DEHAM,port446,Hamburg,13,21,231729,317696,128792,138765
2024-08-08,EGALY,port23,Alexandria,4,15,25406,80558,29517,52308
2024-08-08,GBFXT,port343,Felixstowe,1,1,45327,45327,0,0
2024-08-08,INNSA,port776,Mumbai-Jawaharlal Nehru (Nhava Sheva),9,23,167968,257273,66668,72047
2024-08-08,KRPUS,port1065,Busan,41,63,273721,308806,177058,204938
2024-08-08,NLRTM,port1114,Rotterdam,16,88,159913,677026,184800,322093
2024-08-08,PLGDN,port380,Gdansk,2,8,0,1643,50691,56764
2024-08-08,SGSIN,port1201,Singapore,32,128,255132,901373,725110,1145348
2024-08-08,TRMER,port735,Mersin,7,14,28141,35257,15451,16750
2024-08-08,UAODS,port843,Odessa,0,1,0,461,0,2705
2024-08-08,USLGB,port664,Los Angeles-Long Beach,4,12,139768,172734,429255,541477
2024-08-08,USNYC,port815,New York-New Jersey,4,9,154463,202402,1790,3827
2024-08-09,AEJEA,port744,Jebel Ali,14,23,449353,558830,180154,289361
2024-08-09,BRSSZ,port1160,Santos,6,13,45173,45173,68283,326218
2024-08-09,CNSHA,port1188,Shanghai,34,115,237479,567670,344281,502491
2024-08-09,CNSZX,port1414,Yantian,4,4,2194,2194,51251,51251
2024-08-09,DEHAM,port446,Hamburg,6,18,56189,150034,166445,190728
2024-08-09,EGALY,port23,Alexandria,4,12,21794,60837,14475,20618
2024-08-09,GBFXT,port343,Felixstowe,1,3,64066,66898,0,4921
2024-08-09,INNSA,port776,Mumbai-Jawaharlal Nehru (Nhava Sheva),5,21,54752,158637,56879,92092
2024-08-09,KRPUS,port1065,Busan,25,53,142717,242428,136776,156460
2024-08-09,NLRTM,port1114,Rotterdam,12,76,33657,252902,157807,343044
2024-08-09,PLGDN,port380,Gdansk,3,11,30997,245906,31635,34608
2024-08-09,SGSIN,port1201,Singapore,34,105,387937,683088,947152,1188365
2024-08-09,TRMER,port735,Mersin,2,3,12144,12144,11895,11895
2024-08-09,UAODS,port843,Odessa,0,4,0,4345,0,69838
2024-08-09,USLGB,port664,Los Angeles-Long Beach,6,13,431134,492266,232917,283083
2024-08-09,USNYC,port815,New York-New Jersey,3,8,2664,171260,70001,84331
2024-08-10,AEJEA,port744,Jebel Ali,9,17,82816,166296,281204,307946
2024-08-10,BRSSZ,port1160,Santos,5,14,75516,165766,60244,133939
2024-08-10,CNSHA,port1188,Shanghai,42,123,531146,1314996,327533,707641
2024-08-10,CNSZX,port1414,Yantian,8,8,21223,21223,64507,64507
2024-08-10,DEHAM,port446,Hamburg,8,12,268814,301049,113404,114991
2024-08-10,EGALY,port23,Alexandria,3,12,2718,43585,83128,89987
2024-08-10,GBFXT,port343,Felixstowe,5,6,136061,136967,111248,111248
2024-08-10,INNSA,port776,Mumbai-Jawaharlal Nehru (Nhava Sheva),7,24,142588,336438,41435,60542
2024-08-10,KRPUS,port1065,Busan,34,52,241615,273005,110112,116993
2024-08-10,NLRTM,port1114,Rotterdam,18,76,218373,923914,206972,268677
2024-08-10,PLGDN,port380,Gdansk,4,10,36113,174275,12408,16170
2024-08-10,SGSIN,port1201,Singapore,37,108,675767,951353,809233,1112772
2024-08-10,TRMER,port735,Mersin,4,8,0,46704,51501,51501
2024-08-10,UAODS,port843,Odessa,0,1,0,2288,0,0
2024-08-10,USLGB,port664,Los Angeles-Long Beach,5,11,388568,724308,13953,83221
2024-08-10,USNYC,port815,New York-New Jersey,7,9,243069,294595,10700,10700
2024-08-11,AEJEA,port744,Jebel Ali,13,22,168081,251607,465835,478780
2024-08-11,BRSSZ,port1160,Santos,7,18,126425,265445,32279,303542
2024-08-11,CNSHA,port1188,Shanghai,38,115,550903,1016613,324134,601082
2024-08-11,CNSZX,port1414,Yantian,7,8,0,0,76838,76838
2024-08-11,DEHAM,port446,Hamburg,9,16,28807,232062,102397,136422
2024-08-11,EGALY,port23,Alexandria,2,9,33439,136845,0,4219
2024-08-11,GBFXT,port343,Felixstowe,2,3,36998,40258,0,0
2024-08-11,INNSA,port776,Mumbai-Jawaharlal Nehru (Nhava Sheva),8,20,115158,295778,103901,146188
2024-08-11,KRPUS,port1065,Busan,38,54,289618,322197,259335,267931
2024-08-11,NLRTM,port1114,Rotterdam,23,89,204195,554741,43074,337331
2024-08-11,PLGDN,port380,Gdansk,2,5,160647,166869,0,1810
2024-08-11,SGSIN,port1201,Singapore,36,119,446824,724939,878490,1220527
2024-08-11,TRMER,port735,Mersin,3,4,10821,12418,20432,20432
2024-08-11,UAODS,port843,Odessa,0,0,0,0,0,0
2024-08-11,USLGB,port664,Los Angeles-Long Beach,6,10,481369,509973,0,2826
2024-08-11,USNYC,port815,New York-New Jersey,4,8,104141,179017,27112,48143
2024-08-12,AEJEA,port744,Jebel Ali,13,23,88265,120707,393137,438503
2024-08-12,BRSSZ,port1160,Santos,7,16,18799,51991,135812,401071
2024-08-12,CNSHA,port1188,Shanghai,39,122,344807,889943,411317,986002
2024-08-12,CNSZX,port1414,Yantian,11,11,10977,10977,100492,100492
2024-08-12,DEHAM,port446,Hamburg,12,19,210160,274335,39786,47308
2024-08-12,EGALY,port23,Alexandria,5,19,10871,55320,93166,102827
2024-08-12,GBFXT,port343,Felixstowe,2,4,8983,8983,20800,20800
2024-08-12,INNSA,port776,Mumbai-Jawaharlal Nehru (Nhava Sheva),9,27,288440,526422,58455,62234
2024-08-12,KRPUS,port1065,Busan,30,56,96860,171456,203435,226251
2024-08-12,NLRTM,port1114,Rotterdam,19,82,90506,942544,141815,201531
2024-08-12,PLGDN,port380,Gdansk,2,13,19705,141736,86788,91446
2024-08-12,SGSIN,port1201,Singapore,41,151,608162,1007416,688068,1192268
2024-08-12,TRMER,port735,Mersin,6,12,54912,98876,58753,63244
2024-08-12,UAODS,port843,Odessa,0,3,0,438,0,57520
2024-08-12,USLGB,port664,Los Angeles-Long Beach,5,12,352111,373834,24263,62989
2024-08-12,USNYC,port815,New York-New Jersey,10,13,187225,199436,20889,20889
2024-08-13,AEJEA,port744,Jebel Ali,12,21,336137,426398,318456,327050
2024-08-13,BRSSZ,port1160,Santos,1,5,0,88863,62355,98392
2024-08-13,CNSHA,port1188,Shanghai,40,148,403776,1271666,301966,923674
2024-08-13,CNSZX,port1414,Yantian,7,8,0,1283,51456,51456
2024-08-13,DEHAM,port446,Hamburg,9,19,69462,108769,150125,176279
2024-08-13,EGALY,port23,Alexandria,5,11,31745,40854,5247,10488
2024-08-13,GBFXT,port343,Felixstowe,2,5,2063,2535,9072,9131
2024-08-13,INNSA,port776,Mumbai-Jawaharlal Nehru (Nhava Sheva),9,18,99074,173237,29320,115369
2024-08-13,KRPUS,port1065,Busan,33,54,151567,185451,78430,91216
2024-08-13,NLRTM,port1114,Rotterdam,20,87,103550,702159,119129,238918
2024-08-13,PLGDN,port380,Gdansk,5,8,96047,224912,205896,205896
2024-08-13,SGSIN,port1201,Singapore,43,125,1164688,2053028,813206,1159862
2024-08-13,TRMER,port735,Mersin,5,8,5740,5740,72078,78892
2024-08-13,UAODS,port843,Odessa,0,3,0,461,0,61771
2024-08-13,USLGB,port664,Los Angeles-Long Beach,3,11,266569,378912,0,36907
2024-08-13,USNYC,port815,New York-New Jersey,4,9,61401,116675,78782,117436
2024-08-14,AEJEA,port744,Jebel Ali,14,25,289647,475018,164307,253063
2024-08-14,BRSSZ,port1160,Santos,2,19,4186,150276,0,266683
2024-08-14,CNSHA,port1188,Shanghai,36,128,140393,566372,506729,889663
2024-08-14,CNSZX,port1414,Yantian,4,4,0,0,38689,38689
2024-08-14,DEHAM,port446,Hamburg,13,19,350020,416960,99487,103479
2024-08-14,EGALY,port23,Alexandria,4,11,45417,203916,30738,31480
2024-08-14,GBFXT,port343,Felixstowe,2,3,9969,11720,0,0
2024-08-14,INNSA,port776,Mumbai-Jawaharlal Nehru (Nhava Sheva),9,22,105263,184956,154360,157065
2024-08-14,KRPUS,port1065,Busan,32,51,229286,249609,231722,276088
2024-08-14,NLRTM,port1114,Rotterdam,20,93,362136,1088849,106775,198923
2024-08-14,PLGDN,port380,Gdansk,2,7,54807,153233,0,1829
2024-08-14,SGSIN,port1201,Singapore,38,118,914467,1534503,806406,1152472
2024-08-14,TRMER,port735,Mersin,4,9,129934,161678,28506,32654
2024-08-14,UAODS,port843,Odessa,0,0,0,0,0,0
2024-08-14,USLGB,port664,Los Angeles-Long Beach,6,12,552508,773436,0,47091
2024-08-14,USNYC,port815,New York-New Jersey,8,11,278950,285689,5446,5446
2024-08-15,AEJEA,port744,Jebel Ali,18,24,559554,571681,205963,211356
2024-08-15,BRSSZ,port1160,Santos,8,15,90986,90986,85262,361826
2024-08-15,CNSHA,port1188,Shanghai,29,91,233654,590208,194742,382942
2024-08-15,CNSZX,port1414,Yantian,8,8,968,968,76714,76714
2024-08-15,DEHAM,port446,Hamburg,5,15,42422,115884,42590,74458
2024-08-15,EGALY,port23,Alexandria,1,6,0,52387,105334,105969
2024-08-15,GBFXT,port343,Felixstowe,2,2,34653,34653,48384,48384
2024-08-15,INNSA,port776,Mumbai-Jawaharlal Nehru (Nhava Sheva),7,16,76147,157688,143493,157736
2024-08-15,KRPUS,port1065,Busan,40,55,158018,198828,258054,267153
2024-08-15,NLRTM,port1114,Rotterdam,21,91,101266,1210895,106604,420603
2024-08-15,PLGDN,port380,Gdansk,3,9,1515,126959,62938,64350
2024-08-15,SGSIN,port1201,Singapore,33,123,404840,1028458,630974,916878
2024-08-15,TRMER,port735,Mersin,3,5,12144,12144,10759,12756
2024-08-15,UAODS,port843,Odessa,0,7,0,1640,0,52941
2024-08-15,USLGB,port664,Los Angeles-Long Beach,8,14,237804,541683,133016,134522
2024-08-15,USNYC,port815,New York-New Jersey,4,8,164590,165209,892,47933
2024-08-16,AEJEA,port744,Jebel Ali,11,24,266959,368461,214168,218919
2024-08-16,BRSSZ,port1160,Santos,2,7,23504,39874,5756,172890
2024-08-16,CNSHA,port1188,Shanghai,14,72,97775,417437,79580,344075
2024-08-16,CNSZX,port1414,Yantian,4,4,24949,24949,29551,29551
2024-08-16,DEHAM,port446,Hamburg,13,23,67059,179370,332574,391346
2024-08-16,EGALY,port23,Alexandria,4,12,32614,78361,29133,35862
2024-08-16,GBFXT,port343,Felixstowe,2,3,60883,63715,0,0
2024-08-16,INNSA,port776,Mumbai-Jawaharlal Nehru (Nhava Sheva),9,25,119279,272340,153920,175756
2024-08-16,KRPUS,port1065,Busan,34,58,193028,233889,126610,141420
2024-08-16,NLRTM,port1114,Rotterdam,16,92,220005,605125,47774,180557
2024-08-16,PLGDN,port380,Gdansk,3,13,24266,90395,64626,67716
2024-08-16,SGSIN,port1201,Singapore,39,139,773124,1195404,673692,1022956
2024-08-16,TRMER,port735,Mersin,3,11,21220,39550,29745,40441
2024-08-16,UAODS,port843,Odessa,0,2,0,250,0,2886
2024-08-16,USLGB,port664,Los Angeles-Long Beach,5,11,182665,377489,233058,233058
2024-08-16,USNYC,port815,New York-New Jersey,5,13,157873,343854,59130,72687
2024-08-17,AEJEA,port744,Jebel Ali,7,15,283138,310904,58301,74350
2024-08-17,BRSSZ,port1160,Santos,9,28,100664,235508,116571,395412
2024-08-17,CNSHA,port1188,Shanghai,18,82,49208,413031,137402,325689
2024-08-17,CNSZX,port1414,Yantian,11,11,26793,26793,132117,132117
2024-08-17,DEHAM,port446,Hamburg,8,12,173356,174591,248824,265638
2024-08-17,EGALY,port23,Alexandria,3,7,44841,62862,6914,9036
2024-08-17,GBFXT,port343,Felixstowe,3,3,17288,17288,294071,294071
2024-08-17,INNSA,port776,Mumbai-Jawaharlal Nehru (Nhava Sheva),10,30,169309,464274,176076,182559
2024-08-17,KRPUS,port1065,Busan,32,49,171350,195883,146023,157605
2024-08-17,NLRTM,port1114,Rotterdam,11,79,33286,665198,42844,421615
2024-08-17,PLGDN,port380,Gdansk,2,6,28561,34362,0,8040
2024-08-17,SGSIN,port1201,Singapore,39,114,564543,804522,680509,1099293
2024-08-17,TRMER,port735,Mersin,5,14,3483,46270,47200,63892
2024-08-17,UAODS,port843,Odessa,0,2,0,0,0,7871
2024-08-17,USLGB,port664,Los Angeles-Long Beach,8,15,621249,768762,30469,94927
2024-08-17,USNYC,port815,New York-New Jersey,8,15,300471,454863,21400,37789
2024-08-18,AEJEA,port744,Jebel Ali,14,23,426656,693946,230568,236096
2024-08-18,BRSSZ,port1160,Santos,4,12,74055,74055,127892,483024
2024-08-18,CNSHA,port1188,Shanghai,23,86,197076,736406,151941,336513
2024-08-18,CNSZX,port1414,Yantian,4,4,0,0,28739,28739
2024-08-18,DEHAM,port446,Hamburg,9,16,120397,137351,120417,126257
2024-08-18,EGALY,port23,Alexandria,5,13,36546,120995,68580,75150
2024-08-18,GBFXT,port343,Felixstowe,3,4,80404,85066,9511,9511
2024-08-18,INNSA,port776,Mumbai-Jawaharlal Nehru (Nhava Sheva),7,23,108010,235042,178527,179652
2024-08-18,KRPUS,port1065,Busan,31,53,158809,193700,142228,163314
2024-08-18,NLRTM,port1114,Rotterdam,15,75,82932,390136,205117,288154
2024-08-18,PLGDN,port380,Gdansk,2,10,0,286075,84888,105086
2024-08-18,SGSIN,port1201,Singapore,34,107,667234,1028355,977461,1272208
2024-08-18,TRMER,port735,Mersin,5,11,23223,63557,35807,44274
2024-08-18,UAODS,port843,Odessa,0,2,0,255,0,57089
2024-08-18,USLGB,port664,Los Angeles-Long Beach,5,9,513168,581754,0,0
2024-08-18,USNYC,port815,New York-New Jersey,5,13,41519,203586,39905,82916
2024-08-19,AEJEA,port744,Jebel Ali,9,21,270484,294009,71373,94977
2024-08-19,BRSSZ,port1160,Santos,4,7,13309,44229,3621,4118
2024-08-19,CNSHA,port1188,Shanghai,39,126,377399,1076332,309472,742299
2024-08-19,CNSZX,port1414,Yantian,7,7,2899,2899,30588,30588
2024-08-19,DEHAM,port446,Hamburg,13,20,289413,458250,115327,142293
2024-08-19,EGALY,port23,Alexandria,3,11,21749,61757,12060,33976
2024-08-19,GBFXT,port343,Felixstowe,3,5,14216,14216,0,0
2024-08-19,INNSA,port776,Mumbai-Jawaharlal Nehru (Nhava Sheva),7,30,116388,357188,137984,198604
2024-08-19,KRPUS,port1065,Busan,36,53,165334,203336,303257,310642
2024-08-19,NLRTM,port1114,Rotterdam,22,96,396840,1076157,367428,473908
2024-08-19,PLGDN,port380,Gdansk,1,7,10745,14959,0,3752
2024-08-19,SGSIN,port1201,Singapore,39,138,637630,1113004,902229,1392588
2024-08-19,TRMER,port735,Mersin,3,7,13882,17471,11816,13853
2024-08-19,UAODS,port843,Odessa,0,4,0,0,0,147050
2024-08-19,USLGB,port664,Los Angeles-Long Beach,5,10,500538,521248,24263,29430
2024-08-19,USNYC,port815,New York-New Jersey,7,10,242493,320742,21400,21400
2024-08-20,AEJEA,port744,Jebel Ali,12,22,138715,228663,149083,195243
2024-08-20,BRSSZ,port1160,Santos,8,24,109161,227285,66257,425424
2024-08-20,CNSHA,port1188,Shanghai,31,95,724254,1419294,214224,322069
2024-08-20,CNSZX,port1414,Yantian,3,4,0,0,39215,43443
2024-08-20,DEHAM,port446,Hamburg,11,17,133401,292049,56400,62706
2024-08-20,EGALY,port23,Alexandria,3,11,13232,122133,11103,23502
2024-08-20,GBFXT,port343,Felixstowe,1,4,0,2796,31557,31557
2024-08-20,INNSA,port776,Mumbai-Jawaharlal Nehru (Nhava Sheva),7,29,102765,389321,36097,96537
2024-08-20,KRPUS,port1065,Busan,31,44,139409,155759,164492,177767
2024-08-20,NLRTM,port1114,Rotterdam,14,72,89592,521061,32703,143120
2024-08-20,PLGDN,port380,Gdansk,2,8,139772,296647,0,2068
2024-08-20,SGSIN,port1201,Singapore,37,107,971104,1517125,562768,798973
2024-08-20,TRMER,port735,Mersin,4,10,12144,17342,20389,22136
2024-08-20,UAODS,port843,Odessa,0,0,0,0,0,0
2024-08-20,USLGB,port664,Los Angeles-Long Beach,6,15,438537,577395,0,124259
2024-08-20,USNYC,port815,New York-New Jersey,6,7,111401,111401,116873,116873
2024-08-21,AEJEA,port744,Jebel Ali,16,26,308045,457401,159002,167808
2024-08-21,BRSSZ,port1160,Santos,5,18,59453,196539,58893,366712
2024-08-21,CNSHA,port1188,Shanghai,44,128,333352,1147996,482945,806052
2024-08-21,CNSZX,port1414,Yantian,7,8,2194,6269,88623,88623
2024-08-21,DEHAM,port446,Hamburg,7,18,11624,71923,138829,152219
2024-08-21,EGALY,port23,Alexandria,4,15,5366,138457,72105,83773
2024-08-21,GBFXT,port343,Felixstowe,2,3,39266,39399,0,0
2024-08-21,INNSA,port776,Mumbai-Jawaharlal Nehru (Nhava Sheva),11,22,221851,271257,92576,98839
2024-08-21,KRPUS,port1065,Busan,40,63,318404,339868,182839,239221
2024-08-21,NLRTM,port1114,Rotterdam,19,72,274394,755824,67602,144242
2024-08-21,PLGDN,port380,Gdansk,0,9,0,126395,0,15688
2024-08-21,SGSIN,port1201,Singapore,43,119,806358,1106200,878947,1245930
2024-08-21,TRMER,port735,Mersin,6,10,15911,31597,73716,78590
2024-08-21,UAODS,port843,Odessa,0,1,0,0,0,6423
2024-08-21,USLGB,port664,Los Angeles-Long Beach,8,12,281698,323026,67374,111715
2024-08-21,USNYC,port815,New York-New Jersey,8,13,143948,215322,160468,161812
2024-08-22,AEJEA,port744,Jebel Ali,15,21,302609,330084,443074,448956
2024-08-22,BRSSZ,port1160,Santos,2,3,19719,19719,13771,13771
2024-08-22,CNSHA,port1188,Shanghai,40,131,762042,1434641,471607,1137011
2024-08-22,CNSZX,port1414,Yantian,6,6,11044,11044,72625,72625
2024-08-22,DEHAM,port446,Hamburg,6,19,3813,71629,73841,99503
2024-08-22,EGALY,port23,Alexandria,2,9,112407,213313,0,3571
2024-08-22,GBFXT,port343,Felixstowe,2,3,53588,53893,1386,1386
2024-08-22,INNSA,port776,Mumbai-Jawaharlal Nehru (Nhava Sheva),5,19,14815,73129,149652,196557
2024-08-22,KRPUS,port1065,Busan,33,49,213124,239207,163444,174436
2024-08-22,NLRTM,port1114,Rotterdam,25,98,49508,582178,150670,297031
2024-08-22,PLGDN,port380,Gdansk,2,12,65058,231650,0,7985
2024-08-22,SGSIN,port1201,Singapore,35,123,357485,956190,581505,841103
2024-08-22,TRMER,port735,Mersin,6,11,5712,23350,51909,54166
2024-08-22,UAODS,port843,Odessa,0,1,0,64,0,5122
2024-08-22,USLGB,port664,Los Angeles-Long Beach,6,18,345365,729521,243292,264103
2024-08-22,USNYC,port815,New York-New Jersey,7,11,255978,351260,2682,32535
2024-08-23,AEJEA,port744,Jebel Ali,12,24,218060,231900,462852,469059
2024-08-23,BRSSZ,port1160,Santos,11,31,169752,256987,121204,717737
2024-08-23,CNSHA,port1188,Shanghai,41,117,311037,894222,377095,659554
2024-08-23,CNSZX,port1414,Yantian,11,11,1481,1481,123218,123218
2024-08-23,DEHAM,port446,Hamburg,13,17,281703,285211,64532,69460
2024-08-23,EGALY,port23,Alexandria,6,16,39474,105982,52549,58878
2024-08-23,GBFXT,port343,Felixstowe,1,2,16447,17984,0,0
2024-08-23,INNSA,port776,Mumbai-Jawaharlal Nehru (Nhava Sheva),7,28,124549,248823,161615,194148
2024-08-23,KRPUS,port1065,Busan,27,42,153321,174734,168874,183239
2024-08-23,NLRTM,port1114,Rotterdam,17,77,239668,782720,136346,225188
2024-08-23,PLGDN,port380,Gdansk,1,8,95735,412097,0,24631
2024-08-23,SGSIN,port1201,Singapore,39,114,1011746,1341909,705674,1022408
2024-08-23,TRMER,port735,Mersin,3,10,6408,10474,26061,40756
2024-08-23,UAODS,port843,Odessa,0,3,0,168,0,109902
2024-08-23,USLGB,port664,Los Angeles-Long Beach,5,12,604379,728840,200868,263266
2024-08-23,USNYC,port815,New York-New Jersey,7,17,101329,304768,57724,59233
2024-08-24,AEJEA,port744,Jebel Ali,19,30,536532,750837,315769,335295
2024-08-24,BRSSZ,port1160,Santos,2,6,84166,113765,0,8818
2024-08-24,CNSHA,port1188,Shanghai,40,114,333181,844705,428188,620725
2024-08-24,CNSZX,port1414,Yantian,6,6,2194,2194,59786,59786
2024-08-24,DEHAM,port446,Hamburg,11,19,360227,446570,166287,201540
2024-08-24,EGALY,port23,Alexandria,4,13,10871,123854,25853,29986
2024-08-24,GBFXT,port343,Felixstowe,3,4,125662,126135,22595,22654
2024-08-24,INNSA,port776,Mumbai-Jawaharlal Nehru (Nhava Sheva),9,22,94379,208613,113461,115606
2024-08-24,KRPUS,port1065,Busan,38,67,229778,267075,213623,251425
2024-08-24,NLRTM,port1114,Rotterdam,14,83,118884,897920,38469,193392
2024-08-24,PLGDN,port380,Gdansk,3,10,30860,181208,31635,38393
2024-08-24,SGSIN,port1201,Singapore,35,105,447638,1040004,645554,871264
2024-08-24,TRMER,port735,Mersin,6,12,28506,45941,20343,62165
2024-08-24,UAODS,port843,Odessa,0,2,0,0,0,20779
2024-08-24,USLGB,port664,Los Angeles-Long Beach,6,10,540684,540684,26787,66773
2024-08-24,USNYC,port815,New York-New Jersey,5,12,147282,271953,63467,63467
2024-08-25,AEJEA,port744,Jebel Ali,12,21,243505,362287,186994,187907
2024-08-25,BRSSZ,port1160,Santos,6,12,52971,74503,138697,199178
2024-08-25,CNSHA,port1188,Shanghai,42,122,265173,879063,403649,943889
2024-08-25,CNSZX,port1414,Yantian,5,5,8002,8002,34883,34883
2024-08-25,DEHAM,port446,Hamburg,7,17,40382,64231,169205,194099
2024-08-25,EGALY,port23,Alexandria,4,8,15283,17364,9047,31079
2024-08-25,GBFXT,port343,Felixstowe,2,2,6227,6227,0,0
2024-08-25,INNSA,port776,Mumbai-Jawaharlal Nehru (Nhava Sheva),11,25,85103,236872,143479,149793
2024-08-25,KRPUS,port1065,Busan,31,47,125933,144966,190312,198288
2024-08-25,NLRTM,port1114,Rotterdam,18,68,100761,615633,178839,318536
2024-08-25,PLGDN,port380,Gdansk,2,10,18589,165875,14935,23641
2024-08-25,SGSIN,port1201,Singapore,37,115,788130,1263929,635874,1062774
2024-08-25,TRMER,port735,Mersin,3,8,4421,23708,6702,8896
2024-08-25,UAODS,port843,Odessa,0,1,0,1770,0,1040
2024-08-25,USLGB,port664,Los Angeles-Long Beach,4,6,193170,233258,29475,29475
2024-08-25,USNYC,port815,New York-New Jersey,7,12,220714,341936,45265,76820
2024-08-26,AEJEA,port744,Jebel Ali,11,23,308817,497098,260300,361287
2024-08-26,BRSSZ,port1160,Santos,6,13,83156,137657,20967,104122
2024-08-26,CNSHA,port1188,Shanghai,37,130,226474,756438,226635,787878
2024-08-26,CNSZX,port1414,Yantian,5,5,2869,2869,57691,57691
2024-08-26,DEHAM,port446,Hamburg,8,19,22614,209067,84881,90131
2024-08-26,EGALY,port23,Alexandria,3,17,0,68413,26853,73503
2024-08-26,GBFXT,port343,Felixstowe,3,3,48133,48133,0,0
2024-08-26,INNSA,port776,Mumbai-Jawaharlal Nehru (Nhava Sheva),8,30,83188,280699,59896,180220
2024-08-26,KRPUS,port1065,Busan,33,63,135676,189838,205018,231415
2024-08-26,NLRTM,port1114,Rotterdam,17,82,168985,453347,193100,287472
2024-08-26,PLGDN,port380,Gdansk,5,17,28685,294337,72942,79743
2024-08-26,SGSIN,port1201,Singapore,35,126,648313,1013292,595529,905687
2024-08-26,TRMER,port735,Mersin,6,12,14827,18568,38181,44323
2024-08-26,UAODS,port843,Odessa,0,2,0,923,0,5410
2024-08-26,USLGB,port664,Los Angeles-Long Beach,4,9,272310,281769,48526,48526
2024-08-26,USNYC,port815,New York-New Jersey,4,7,0,57879,45394,47269
2024-08-27,AEJEA,port744,Jebel Ali,9,19,106078,123310,146109,154947
2024-08-27,BRSSZ,port1160,Santos,7,19,112281,112281,90242,387067
2024-08-27,CNSHA,port1188,Shanghai,34,128,162464,678687,413266,863825
2024-08-27,CNSZX,port1414,Yantian,7,8,47615,48783,24329,24329
2024-08-27,DEHAM,port446,Hamburg,14,15,252475,252475,69819,71242
2024-08-27,EGALY,port23,Alexandria,3,12,15471,66407,4759,18213
2024-08-27,GBFXT,port343,Felixstowe,2,8,18371,25066,18446,18446
2024-08-27,INNSA,port776,Mumbai-Jawaharlal Nehru (Nhava Sheva),7,17,175191,305693,74844,114430
2024-08-27,KRPUS,port1065,Busan,37,53,181645,241631,170072,175391
2024-08-27,NLRTM,port1114,Rotterdam,21,83,271354,575704,145960,234085
2024-08-27,PLGDN,port380,Gdansk,6,16,88361,198200,155901,188620
2024-08-27,SGSIN,port1201,Singapore,39,117,626484,1080819,751714,1078941
2024-08-27,TRMER,port735,Mersin,4,8,16279,17827,11014,11014
2024-08-27,UAODS,port843,Odessa,0,1,0,461,0,2705
2024-08-27,USLGB,port664,Los Angeles-Long Beach,4,12,269486,374470,0,68052
2024-08-27,USNYC,port815,New York-New Jersey,5,11,250929,312135,0,35255
2024-08-28,AEJEA,port744,Jebel Ali,14,28,257115,354860,226956,352258
2024-08-28,BRSSZ,port1160,Santos,5,16,41417,216224,67223,339277
2024-08-28,CNSHA,port1188,Shanghai,44,126,759761,1044892,500096,724442
2024-08-28,CNSZX,port1414,Yantian,10,11,0,0,172948,172948
2024-08-28,DEHAM,port446,Hamburg,10,19,40487,106821,235223,243590
2024-08-28,EGALY,port23,Alexandria,7,15,36310,128161,70213,78900
2024-08-28,GBFXT,port343,Felixstowe,4,4,59599,59599,117113,117113
2024-08-28,INNSA,port776,Mumbai-Jawaharlal Nehru (Nhava Sheva),6,14,77751,239291,186776,189891
2024-08-28,KRPUS,port1065,Busan,29,43,191146,237900,114680,130752
2024-08-28,NLRTM,port1114,Rotterdam,24,94,87896,666992,113934,262766
2024-08-28,PLGDN,port380,Gdansk,0,10,0,227122,0,22923
2024-08-28,SGSIN,port1201,Singapore,46,126,673961,1060620,1030038,1331287
2024-08-28,TRMER,port735,Mersin,4,11,65173,67857,30555,47607
2024-08-28,UAODS,port843,Odessa,0,4,0,717,0,62333
2024-08-28,USLGB,port664,Los Angeles-Long Beach,10,20,886280,950063,247549,332860
2024-08-28,USNYC,port815,New York-New Jersey,7,12,187525,397273,2687,4302
2024-08-29,AEJEA,port744,Jebel Ali,14,30,406119,588728,221086,257745
2024-08-29,BRSSZ,port1160,Santos,8,21,98280,206511,116615,426252
2024-08-29,CNSHA,port1188,Shanghai,32,100,475057,820300,224191,379810
2024-08-29,CNSZX,port1414,Yantian,5,6,46286,47686,34040,34040
2024-08-29,DEHAM,port446,Hamburg,6,17,58679,127501,64787,72281
2024-08-29,EGALY,port23,Alexandria,4,8,31308,66008,11291,11927
2024-08-29,GBFXT,port343,Felixstowe,2,2,80730,80730,12199,12199
2024-08-29,INNSA,port776,Mumbai-Jawaharlal Nehru (Nhava Sheva),5,14,61842,78241,71824,73413
2024-08-29,KRPUS,port1065,Busan,27,35,96634,108058,237943,241237
2024-08-29,NLRTM,port1114,Rotterdam,20,83,106039,466734,112941,239315
2024-08-29,PLGDN,port380,Gdansk,1,6,2504,7924,0,4024
2024-08-29,SGSIN,port1201,Singapore,37,128,807258,1648265,864588,1165612
2024-08-29,TRMER,port735,Mersin,5,11,51247,78481,24232,30533
2024-08-29,UAODS,port843,Odessa,0,5,0,0,0,68775
2024-08-29,USLGB,port664,Los Angeles-Long Beach,4,9,174234,266732,66675,162723
2024-08-29,USNYC,port815,New York-New Jersey,5,10,105062,201571,0,34587
2024-08-30,AEJEA,port744,Jebel Ali,10,19,174920,339329,82622,89301
2024-08-30,BRSSZ,port1160,Santos,8,22,56294,121811,127367,492976
2024-08-30,CNSHA,port1188,Shanghai,28,108,256540,732235,265532,722507
2024-08-30,CNSZX,port1414,Yantian,4,5,0,4402,42357,42378
2024-08-30,DEHAM,port446,Hamburg,8,14,7622,15802,222013,226123
2024-08-30,EGALY,port23,Alexandria,2,9,164539,231611,6914,7550
2024-08-30,GBFXT,port343,Felixstowe,3,4,3587,4223,177645,179537
2024-08-30,INNSA,port776,Mumbai-Jawaharlal Nehru (Nhava Sheva),9,22,85126,211928,140078,154505
2024-08-30,KRPUS,port1065,Busan,34,63,125659,169245,152783,170515
2024-08-30,NLRTM,port1114,Rotterdam,17,81,40945,877059,106034,218502
2024-08-30,PLGDN,port380,Gdansk,2,6,57406,67216,0,0
2024-08-30,SGSIN,port1201,Singapore,30,109,844865,1054296,413491,884644
2024-08-30,TRMER,port735,Mersin,3,8,12144,12983,21497,28501
2024-08-30,UAODS,port843,Odessa,0,2,0,4518,0,4352
2024-08-30,USLGB,port664,Los Angeles-Long Beach,7,15,317577,409197,40858,61696
2024-08-30,USNYC,port815,New York-New Jersey,6,13,98823,257655,109116,109116
2024-08-31,AEJEA,port744,Jebel Ali,10,17,194885,278564,188235,189745
2024-08-31,BRSSZ,port1160,Santos,3,10,0,10691,68256,302636
2024-08-31,CNSHA,port1188,Shanghai,43,126,600432,1318366,431395,622475
2024-08-31,CNSZX,port1414,Yantian,5,5,11735,11735,65709,65709
2024-08-31,DEHAM,port446,Hamburg,6,15,206652,252127,16761,26881
2024-08-31,EGALY,port23,Alexandria,4,11,11579,100584,92226,97988
2024-08-31,GBFXT,port343,Felixstowe,2,3,4973,8233,36727,36727
2024-08-31,INNSA,port776,Mumbai-Jawaharlal Nehru (Nhava Sheva),2,14,136371,230278,0,2652
2024-08-31,KRPUS,port1065,Busan,41,77,97266,163840,344124,363192
2024-08-31,NLRTM,port1114,Rotterdam,10,82,182622,846608,10528,147308
2024-08-31,PLGDN,port380,Gdansk,2,5,84826,89866,11707,11707
2024-08-31,SGSIN,port1201,Singapore,29,99,1128985,1466500,372545,626296
2024-08-31,TRMER,port735,Mersin,7,7,85425,85425,39992,39992
2024-08-31,UAODS,port843,Odessa,0,1,0,255,0,34117
2024-08-31,USLGB,port664,Los Angeles-Long Beach,4,9,275749,423821,0,19397
2024-08-31,USNYC,port815,New York-New Jersey,5,8,171151,212553,10700,10700
2024-09-01,AEJEA,port744,Jebel Ali,16,36,356786,596109,276117,334467
2024-09-01,BRSSZ,port1160,Santos,6,21,126221,174617,116968,442308
2024-09-01,CNSHA,port1188,Shanghai,46,123,502867,1081070,425253,784496
2024-09-01,CNSZX,port1414,Yantian,5,6,0,0,71903,71903
2024-09-01,DEHAM,port446,Hamburg,7,13,159567,167768,14558,16000
2024-09-01,EGALY,port23,Alexandria,1,7,0,83695,14289,26687
2024-09-01,GBFXT,port343,Felixstowe,2,3,76179,80331,0,0
2024-09-01,INNSA,port776,Mumbai-Jawaharlal Nehru (Nhava Sheva),9,14,173758,231161,163716,168996
2024-09-01,KRPUS,port1065,Busan,36,64,224985,259138,104443,145350
2024-09-01,NLRTM,port1114,Rotterdam,16,81,150812,876618,92248,252767
2024-09-01,PLGDN,port380,Gdansk,1,12,6990,328438,0,69203
2024-09-01,SGSIN,port1201,Singapore,41,121,662494,889667,722946,987832
2024-09-01,TRMER,port735,Mersin,5,8,16859,26254,41838,41838
2024-09-01,UAODS,port843,Odessa,0,1,0,461,0,2705
2024-09-01,USLGB,port664,Los Angeles-Long Beach,7,9,514023,514023,37475,125243
2024-09-01,USNYC,port815,New York-New Jersey,6,13,53621,231060,85044,85044
2024-09-02,AEJEA,port744,Jebel Ali,13,19,158534,179403,282617,283470
2024-09-02,BRSSZ,port1160,Santos,4,13,29738,64308,47110,137566
2024-09-02,CNSHA,port1188,Shanghai,48,121,413374,870523,316211,527243
2024-09-02,CNSZX,port1414,Yantian,9,10,1326,13295,112192,112192
2024-09-02,DEHAM,port446,Hamburg,13,22,342308,481187,75219,122303
2024-09-02,EGALY,port23,Alexandria,5,25,8331,133548,17372,68993
2024-09-02,GBFXT,port343,Felixstowe,3,6,9715,9715,40363,40363
2024-09-02,INNSA,port776,Mumbai-Jawaharlal Nehru (Nhava Sheva),9,50,197154,567248,160768,244199
2024-09-02,KRPUS,port1065,Busan,33,55,182647,220411,138262,149762
2024-09-02,NLRTM,port1114,Rotterdam,18,80,115455,400551,310258,513474
2024-09-02,PLGDN,port380,Gdansk,5,12,152006,160931,49462,53548
2024-09-02,SGSIN,port1201,Singapore,34,152,515243,1326508,602383,957962
2024-09-02,TRMER,port735,Mersin,5,8,21359,27698,79330,79330
2024-09-02,UAODS,port843,Odessa,0,2,0,0,0,99303
2024-09-02,USLGB,port664,Los Angeles-Long Beach,1,8,6430,188680,0,21508
2024-09-02,USNYC,port815,New York-New Jersey,1,5,68315,132677,0,17437
2024-09-03,AEJEA,port744,Jebel Ali,14,22,293804,408175,187257,203342
2024-09-03,BRSSZ,port1160,Santos,10,25,97058,172460,102641,534537
2024-09-03,CNSHA,port1188,Shanghai,29,103,149982,538545,356300,772604
2024-09-03,CNSZX,port1414,Yantian,8,8,22058,22058,36545,36545
2024-09-03,DEHAM,port446,Hamburg,16,24,48475,124389,191664,221229
2024-09-03,EGALY,port23,Alexandria,5,10,21462,36850,23251,33062
2024-09-03,GBFXT,port343,Felixstowe,2,4,33922,35736,14662,14662
2024-09-03,INNSA,port776,Mumbai-Jawaharlal Nehru (Nhava Sheva),7,24,85387,156647,74837,123664
2024-09-03,KRPUS,port1065,Busan,33,49,80760,124502,250753,263756
2024-09-03,NLRTM,port1114,Rotterdam,21,73,316804,667841,70612,221694
2024-09-03,PLGDN,port380,Gdansk,1,15,0,279419,57528,83046
2024-09-03,SGSIN,port1201,Singapore,41,126,621465,1252884,837639,1165348
2024-09-03,TRMER,port735,Mersin,4,8,115292,117079,9403,9403
2024-09-03,UAODS,port843,Odessa,0,4,0,461,0,140830
2024-09-03,USLGB,port664,Los Angeles-Long Beach,8,14,574147,825205,0,56059
2024-09-03,USNYC,port815,New York-New Jersey,10,19,292548,410598,9256,10764
2024-09-04,AEJEA,port744,Jebel Ali,14,26,298323,506860,148626,156265
2024-09-04,BRSSZ,port1160,Santos,6,15,69317,184859,97391,286244
2024-09-04,CNSHA,port1188,Shanghai,39,120,537587,1013794,402549,845736
2024-09-04,CNSZX,port1414,Yantian,8,8,5479,5479,88203,88203
2024-09-04,DEHAM,port446,Hamburg,5,13,12939,55969,59415,65630
2024-09-04,EGALY,port23,Alexandria,6,9,54048,57452,43398,45297
2024-09-04,GBFXT,port343,Felixstowe,2,3,58628,61979,0,0
2024-09-04,INNSA,port776,Mumbai-Jawaharlal Nehru (Nhava Sheva),9,23,66943,260755,62269,136052
2024-09-04,KRPUS,port1065,Busan,39,58,171751,202580,167861,175667
2024-09-04,NLRTM,port1114,Rotterdam,20,95,138107,1081744,85352,254258
2024-09-04,PLGDN,port380,Gdansk,2,13,73995,361718,25369,31697
2024-09-04,SGSIN,port1201,Singapore,39,120,445390,664399,599046,893322
2024-09-04,TRMER,port735,Mersin,1,4,0,0,12258,14483
2024-09-04,UAODS,port843,Odessa,0,2,0,461,0,10060
2024-09-04,USLGB,port664,Los Angeles-Long Beach,4,8,201904,266702,157913,199727
2024-09-04,USNYC,port815,New York-New Jersey,7,11,255923,305538,33300,35098
2024-09-05,AEJEA,port744,Jebel Ali,18,31,373839,520072,339838,341897
2024-09-05,BRSSZ,port1160,Santos,7,19,39440,59372,93635,392590
2024-09-05,CNSHA,port1188,Shanghai,38,128,431297,905660,362576,655653
2024-09-05,CNSZX,port1414,Yantian,0,0,0,0,0,0
2024-09-05,DEHAM,port446,Hamburg,6,14,60612,195291,22921,48770
2024-09-05,EGALY,port23,Alexandria,2,11,25947,86836,7418,20362
2024-09-05,GBFXT,port343,Felixstowe,3,3,90205,90205,25278,25278
2024-09-05,INNSA,port776,Mumbai-Jawaharlal Nehru (Nhava Sheva),9,27,294422,416296,75202,102259
2024-09-05,KRPUS,port1065,Busan,33,49,272098,304866,100832,109676
2024-09-05,NLRTM,port1114,Rotterdam,22,87,181385,671146,129639,291858
2024-09-05,PLGDN,port380,Gdansk,0,3,0,5013,0,2557
2024-09-05,SGSIN,port1201,Singapore,38,131,656619,1157083,603908,1067355
2024-09-05,TRMER,port735,Mersin,4,8,49695,54922,0,1299
2024-09-05,UAODS,port843,Odessa,0,2,0,461,0,20287
2024-09-05,USLGB,port664,Los Angeles-Long Beach,7,14,326345,427931,205222,219288
2024-09-05,USNYC,port815,New York-New Jersey,6,9,196901,249198,9256,11576
2024-09-06,AEJEA,port744,Jebel Ali,11,19,146084,217068,287125,288986
2024-09-06,BRSSZ,port1160,Santos,6,15,80541,142304,31252,112727
2024-09-06,CNSHA,port1188,Shanghai,37,135,247732,642980,344219,969357
2024-09-06,CNSZX,port1414,Yantian,0,0,0,0,0,0
2024-09-06,DEHAM,port446,Hamburg,9,13,120258,122223,163472,177120
2024-09-06,EGALY,port23,Alexandria,4,12,49647,63053,36004,48919
2024-09-06,GBFXT,port343,Felixstowe,2,3,9415,10436,5651,5651
2024-09-06,INNSA,port776,Mumbai-Jawaharlal Nehru (Nhava Sheva),4,23,38616,287407,42222,68882
2024-09-06,KRPUS,port1065,Busan,35,69,117499,171241,207058,225558
2024-09-06,NLRTM,port1114,Rotterdam,11,73,137937,490873,24733,287556
2024-09-06,PLGDN,port380,Gdansk,3,8,15704,103983,62364,63984
2024-09-06,SGSIN,port1201,Singapore,38,112,912223,1513470,442082,796476
2024-09-06,TRMER,port735,Mersin,2,6,18405,27466,4225,5168
2024-09-06,UAODS,port843,Odessa,0,1,0,0,0,1476
2024-09-06,USLGB,port664,Los Angeles-Long Beach,6,13,335503,355119,123879,203312
2024-09-06,USNYC,port815,New York-New Jersey,4,12,137471,214660,49797,136149
2024-09-07,AEJEA,port744,Jebel Ali,14,23,314016,324926,172221,175461
2024-09-07,BRSSZ,port1160,Santos,7,19,97154,186683,87170,359836
2024-09-07,CNSHA,port1188,Shanghai,37,124,180566,524107,509575,954326
2024-09-07,CNSZX,port1414,Yantian,3,3,6761,6761,31714,31714
2024-09-07,DEHAM,port446,Hamburg,5,13,66079,116212,127261,136396
2024-09-07,EGALY,port23,Alexandria,2,12,1141,190574,18809,28235
2024-09-07,GBFXT,port343,Felixstowe,3,3,35208,35208,0,0
2024-09-07,INNSA,port776,Mumbai-Jawaharlal Nehru (Nhava Sheva),10,26,148783,375561,102329,105669
2024-09-07,KRPUS,port1065,Busan,34,56,178662,215605,148169,153690
2024-09-07,NLRTM,port1114,Rotterdam,15,80,86006,372702,38427,192871
2024-09-07,PLGDN,port380,Gdansk,2,8,95888,141463,0,13428
2024-09-07,SGSIN,port1201,Singapore,30,103,329978,624481,648918,901785
2024-09-07,TRMER,port735,Mersin,5,11,25852,32463,25983,29880
2024-09-07,UAODS,port843,Odessa,0,0,0,0,0,0
2024-09-07,USLGB,port664,Los Angeles-Long Beach,7,12,223356,422272,193106,282096
2024-09-07,USNYC,port815,New York-New Jersey,4,10,104782,288775,0,32191
2024-09-08,AEJEA,port744,Jebel Ali,10,30,95727,393691,457648,468124
2024-09-08,BRSSZ,port1160,Santos,6,16,65542,72294,102165,517930
2024-09-08,CNSHA,port1188,Shanghai,33,106,360588,891239,446412,657386
2024-09-08,CNSZX,port1414,Yantian,8,8,0,0,36871,36871
2024-09-08,DEHAM,port446,Hamburg,13,20,242491,247445,119828,147691
2024-09-08,EGALY,port23,Alexandria,4,12,27855,65088,25493,31093
2024-09-08,GBFXT,port343,Felixstowe,6,6,40191,40191,71825,71825
2024-09-08,INNSA,port776,Mumbai-Jawaharlal Nehru (Nhava Sheva),6,18,324978,543480,26540,36931
2024-09-08,KRPUS,port1065,Busan,38,53,214618,235060,209505,219818
2024-09-08,NLRTM,port1114,Rotterdam,18,82,197084,454879,67734,230798
2024-09-08,PLGDN,port380,Gdansk,2,8,26588,126734,33712,37964
2024-09-08,SGSIN,port1201,Singapore,34,106,919565,1277234,809542,1125874
2024-09-08,TRMER,port735,Mersin,3,7,0,3878,78129,81278
2024-09-08,UAODS,port843,Odessa,0,1,0,0,0,44624
2024-09-08,USLGB,port664,Los Angeles-Long Beach,6,13,486728,675540,79940,80636
2024-09-08,USNYC,port815,New York-New Jersey,6,9,128114,178675,17429,18572
2024-09-09,AEJEA,port744,Jebel Ali,10,18,130114,211885,201946,202534
2024-09-09,BRSSZ,port1160,Santos,0,0,0,0,0,0
2024-09-09,CNSHA,port1188,Shanghai,41,123,314352,572101,343921,598234
2024-09-09,CNSZX,port1414,Yantian,9,10,11286,15077,84910,84910
2024-09-09,DEHAM,port446,Hamburg,9,15,52824,53403,46928,51045
2024-09-09,EGALY,port23,Alexandria,4,13,7934,39270,22830,31921
2024-09-09,GBFXT,port343,Felixstowe,1,5,6751,10861,0,0
2024-09-09,INNSA,port776,Mumbai-Jawaharlal Nehru (Nhava Sheva),8,38,240539,675988,145671,187437
2024-09-09,KRPUS,port1065,Busan,28,45,101349,121920,133129,147823
2024-09-09,NLRTM,port1114,Rotterdam,21,100,111013,1331667,239486,370998
2024-09-09,PLGDN,port380,Gdansk,1,11,18052,281349,0,4061
2024-09-09,SGSIN,port1201,Singapore,33,130,487356,1062519,644343,1036638
2024-09-09,TRMER,port735,Mersin,4,8,111741,114317,13680,35958
2024-09-09,UAODS,port843,Odessa,0,3,0,4335,0,87103
2024-09-09,USLGB,port664,Los Angeles-Long Beach,4,9,120450,373348,0,1722
2024-09-09,USNYC,port815,New York-New Jersey,4,13,46061,171984,125814,127770
2024-09-10,AEJEA,port744,Jebel Ali,13,21,88117,117715,295587,297370
2024-09-10,BRSSZ,port1160,Santos,10,33,51202,178221,102754,429846
2024-09-10,CNSHA,port1188,Shanghai,29,115,154961,686656,282852,763906
2024-09-10,CNSZX,port1414,Yantian,11,11,12147,12147,75224,75224
2024-09-10,DEHAM,port446,Hamburg,17,31,385032,517333,175624,198988
2024-09-10,EGALY,port23,Alexandria,4,13,137176,236822,21259,33948
2024-09-10,GBFXT,port343,Felixstowe,2,4,20026,20026,0,0
2024-09-10,INNSA,port776,Mumbai-Jawaharlal Nehru (Nhava Sheva),9,18,140863,159757,79887,94761
2024-09-10,KRPUS,port1065,Busan,36,60,103742,140845,441000,454947
2024-09-10,NLRTM,port1114,Rotterdam,19,75,200495,518686,68556,194396
2024-09-10,PLGDN,port380,Gdansk,3,8,30559,34131,62376,111670
2024-09-10,SGSIN,port1201,Singapore,36,109,379694,940885,650832,877106
2024-09-10,TRMER,port735,Mersin,9,12,125503,125503,27044,27044
2024-09-10,UAODS,port843,Odessa,0,3,0,0,0,28886
2024-09-10,USLGB,port664,Los Angeles-Long Beach,9,15,899552,971126,0,21852
2024-09-10,USNYC,port815,New York-New Jersey,4,7,158096,338983,0,0
2024-09-11,AEJEA,port744,Jebel Ali,14,26,481851,535128,254983,637319
2024-09-11,BRSSZ,port1160,Santos,5,18,38604,164516,48843,455845
2024-09-11,CNSHA,port1188,Shanghai,41,145,459720,1011886,437209,728601
2024-09-11,CNSZX,port1414,Yantian,11,11,43582,43582,138821,138821
2024-09-11,DEHAM,port446,Hamburg,10,13,206440,256124,218467,219908
2024-09-11,EGALY,port23,Alexandria,3,12,9344,50223,62882,70525
2024-09-11,GBFXT,port343,Felixstowe,2,8,23638,31866,211681,214024
2024-09-11,INNSA,port776,Mumbai-Jawaharlal Nehru (Nhava Sheva),9,27,86177,277818,63131,115700
2024-09-11,KRPUS,port1065,Busan,26,52,190942,219323,108349,147255
2024-09-11,NLRTM,port1114,Rotterdam,20,93,124880,1237022,82092,262919
2024-09-11,PLGDN,port380,Gdansk,2,6,70472,73589,18937,21387
2024-09-11,SGSIN,port1201,Singapore,42,117,642901,1339864,777160,1192010
2024-09-11,TRMER,port735,Mersin,1,5,1695,31633,0,8444
2024-09-11,UAODS,port843,Odessa,0,2,0,0,0,30556
2024-09-11,USLGB,port664,Los Angeles-Long Beach,4,13,143650,395717,225515,289048
2024-09-11,USNYC,port815,New York-New Jersey,10,13,217560,304348,30803,130415
2024-09-12,AEJEA,port744,Jebel Ali,17,30,557564,748361,223721,239710
2024-09-12,BRSSZ,port1160,Santos,8,17,76616,84595,145636,331206
2024-09-12,CNSHA,port1188,Shanghai,37,117,241540,843640,293595,716515
2024-09-12,CNSZX,port1414,Yantian,5,5,7908,7908,40038,40038
2024-09-12,DEHAM,port446,Hamburg,7,21,82136,277781,27748,78752
2024-09-12,EGALY,port23,Alexandria,6,8,8331,65424,199079,202760
2024-09-12,GBFXT,port343,Felixstowe,3,5,92604,97353,0,0
2024-09-12,INNSA,port776,Mumbai-Jawaharlal Nehru (Nhava Sheva),8,27,88182,251513,128126,205582
2024-09-12,KRPUS,port1065,Busan,37,53,256642,295755,157500,171392
2024-09-12,NLRTM,port1114,Rotterdam,28,94,333199,984464,205275,383845
2024-09-12,PLGDN,port380,Gdansk,1,15,0,325633,2693,51750
2024-09-12,SGSIN,port1201,Singapore,38,110,1006141,1315221,657880,957275
2024-09-12,TRMER,port735,Mersin,4,10,20010,22832,7138,9670
2024-09-12,UAODS,port843,Odessa,0,2,0,7889,0,67519
2024-09-12,USLGB,port664,Los Angeles-Long Beach,5,10,118573,130654,406397,440503
2024-09-12,USNYC,port815,New York-New Jersey,7,10,118986,158323,44041,44041
2024-09-13,AEJEA,port744,Jebel Ali,8,21,35172,168112,261271,285385
2024-09-13,BRSSZ,port1160,Santos,5,18,93315,226262,11511,369444
2024-09-13,CNSHA,port1188,Shanghai,40,111,288530,651145,323121,558744
2024-09-13,CNSZX,port1414,Yantian,5,5,2194,2194,94190,94190
2024-09-13,DEHAM,port446,Hamburg,11,15,68754,82033,99897,102108
2024-09-13,EGALY,port23,Alexandria,3,5,9344,14340,13253,13253
2024-09-13,GBFXT,port343,Felixstowe,4,4,85289,85289,38757,38757
2024-09-13,INNSA,port776,Mumbai-Jawaharlal Nehru (Nhava Sheva),9,22,49629,176527,156377,162851
2024-09-13,KRPUS,port1065,Busan,35,55,185467,229160,126502,183914
2024-09-13,NLRTM,port1114,Rotterdam,12,81,69410,1052139,53971,235103
2024-09-13,PLGDN,port380,Gdansk,1,4,12002,20539,0,5153
2024-09-13,SGSIN,port1201,Singapore,48,141,1143531,1425264,493905,797679
2024-09-13,TRMER,port735,Mersin,3,7,20919,20919,41372,41372
2024-09-13,UAODS,port843,Odessa,0,2,0,0,0,22802
2024-09-13,USLGB,port664,Los Angeles-Long Beach,10,11,919237,920994,52539,52539
2024-09-13,USNYC,port815,New York-New Jersey,8,13,24485,119544,209315,212167
2024-09-14,AEJEA,port744,Jebel Ali,13,24,405315,508997,215335,227687
2024-09-14,BRSSZ,port1160,Santos,6,17,48166,61077,104609,337399
2024-09-14,CNSHA,port1188,Shanghai,10,47,79899,294119,65204,275824
2024-09-14,CNSZX,port1414,Yantian,2,2,0,0,29023,29023
2024-09-14,DEHAM,port446,Hamburg,8,13,157877,234875,117263,135116
2024-09-14,EGALY,port23,Alexandria,2,7,14219,38243,4201,9012
2024-09-14,GBFXT,port343,Felixstowe,1,1,65621,65621,0,0
2024-09-14,INNSA,port776,Mumbai-Jawaharlal Nehru (Nhava Sheva),9,25,96598,389668,57576,110194
2024-09-14,KRPUS,port1065,Busan,40,60,108339,148141,277442,289201
2024-09-14,NLRTM,port1114,Rotterdam,16,69,106233,647803,150819,222636
2024-09-14,PLGDN,port380,Gdansk,3,5,45834,45834,30656,48563
2024-09-14,SGSIN,port1201,Singapore,32,120,228256,650185,760219,1111411
2024-09-14,TRMER,port735,Mersin,6,9,39553,93970,17031,17031
2024-09-14,UAODS,port843,Odessa,0,2,0,0,0,52107
2024-09-14,USLGB,port664,Los Angeles-Long Beach,5,10,339120,445353,0,20772
2024-09-14,USNYC,port815,New York-New Jersey,8,12,257279,376477,9256,9256
2024-09-15,AEJEA,port744,Jebel Ali,15,26,246520,295588,233873,241701
2024-09-15,BRSSZ,port1160,Santos,5,9,28660,41870,111849,210174
2024-09-15,CNSHA,port1188,Shanghai,0,0,0,0,0,0
2024-09-15,CNSZX,port1414,Yantian,10,10,9553,9553,135797,135797
2024-09-15,DEHAM,port446,Hamburg,10,14,51298,59574,120052,122824
2024-09-15,EGALY,port23,Alexandria,3,9,18688,113473,18650,25822
2024-09-15,GBFXT,port343,Felixstowe,2,2,17038,17038,14662,14662
2024-09-15,INNSA,port776,Mumbai-Jawaharlal Nehru (Nhava Sheva),8,21,112199,196291,197044,199855
2024-09-15,KRPUS,port1065,Busan,37,51,112038,141620,197458,204775
2024-09-15,NLRTM,port1114,Rotterdam,14,83,26103,365974,174101,551636
2024-09-15,PLGDN,port380,Gdansk,2,6,25206,67462,32580,42654
2024-09-15,SGSIN,port1201,Singapore,35,92,441793,685332,950887,1291749
2024-09-15,TRMER,port735,Mersin,4,9,6956,30728,12252,17685
2024-09-15,UAODS,port843,Odessa,0,0,0,0,0,0
2024-09-15,USLGB,port664,Los Angeles-Long Beach,5,9,321593,505090,0,0
2024-09-15,USNYC,port815,New York-New Jersey,3,7,4853,95484,80828,80828
2024-09-16,AEJEA,port744,Jebel Ali,17,24,351075,413165,334156,337181
2024-09-16,BRSSZ,port1160,Santos,7,10,50791,85578,185133,186511
2024-09-16,CNSHA,port1188,Shanghai,21,25,125325,126124,120049,133418
2024-09-16,CNSZX,port1414,Yantian,6,6,37887,37887,33779,33779
2024-09-16,DEHAM,port446,Hamburg,12,19,167628,169181,78953,109447
2024-09-16,EGALY,port23,Alexandria,3,14,18084,152273,10226,17201
2024-09-16,GBFXT,port343,Felixstowe,4,6,11313,15974,216391,216391
2024-09-16,INNSA,port776,Mumbai-Jawaharlal Nehru (Nhava Sheva),8,28,82701,266068,220426,309030
2024-09-16,KRPUS,port1065,Busan,21,38,154345,173645,69486,80202
2024-09-16,NLRTM,port1114,Rotterdam,24,81,299972,532119,256598,371917
2024-09-16,PLGDN,port380,Gdansk,3,14,151933,451148,0,9138
2024-09-16,SGSIN,port1201,Singapore,44,147,879143,1400522,925669,1349714
2024-09-16,TRMER,port735,Mersin,4,10,23770,26147,7691,20305
2024-09-16,UAODS,port843,Odessa,0,1,0,0,0,364
2024-09-16,USLGB,port664,Los Angeles-Long Beach,8,15,518029,579191,56213,133122
2024-09-16,USNYC,port815,New York-New Jersey,9,14,284076,345059,130755,161256
2024-09-17,AEJEA,port744,Jebel Ali,18,32,194716,250169,347684,380598
2024-09-17,BRSSZ,port1160,Santos,5,16,17722,56590,70021,233801
2024-09-17,CNSHA,port1188,Shanghai,35,144,435877,873286,251770,743379
2024-09-17,CNSZX,port1414,Yantian,8,8,7463,7463,62342,62342
2024-09-17,DEHAM,port446,Hamburg,13,22,67081,183236,252070,273877
2024-09-17,EGALY,port23,Alexandria,3,10,28549,65585,124138,141438
2024-09-17,GBFXT,port343,Felixstowe,2,5,0,1813,27370,29945
2024-09-17,INNSA,port776,Mumbai-Jawaharlal Nehru (Nhava Sheva),10,23,179501,304579,72364,113293
2024-09-17,KRPUS,port1065,Busan,22,38,137166,179214,100561,106623
2024-09-17,NLRTM,port1114,Rotterdam,18,88,52085,829754,52612,139508
2024-09-17,PLGDN,port380,Gdansk,3,7,38524,84486,15328,56851
2024-09-17,SGSIN,port1201,Singapore,40,110,649715,1160255,599296,943892
2024-09-17,TRMER,port735,Mersin,4,5,59123,59123,0,0
2024-09-17,UAODS,port843,Odessa,0,3,0,255,0,138119
2024-09-17,USLGB,port664,Los Angeles-Long Beach,8,18,586717,704014,0,35660
2024-09-17,USNYC,port815,New York-New Jersey,5,10,158192,375782,13198,17138
2024-09-18,AEJEA,port744,Jebel Ali,13,21,177426,215981,220261,235756
2024-09-18,BRSSZ,port1160,Santos,10,19,122306,217921,39080,303181
2024-09-18,CNSHA,port1188,Shanghai,39,140,557596,1212368,522802,953216
2024-09-18,CNSZX,port1414,Yantian,2,2,32756,32756,19790,19790
2024-09-18,DEHAM,port446,Hamburg,7,15,47945,77815,39142,44203
2024-09-18,EGALY,port23,Alexandria,3,7,7628,13320,40355,63908
2024-09-18,GBFXT,port343,Felixstowe,1,1,58516,58516,0,0
2024-09-18,INNSA,port776,Mumbai-Jawaharlal Nehru (Nhava Sheva),9,27,89441,240203,116353,117478
2024-09-18,KRPUS,port1065,Busan,30,47,143482,171854,69257,80775
2024-09-18,NLRTM,port1114,Rotterdam,19,78,158319,598393,161550,347382
2024-09-18,PLGDN,port380,Gdansk,1,15,0,157237,52619,56226
2024-09-18,SGSIN,port1201,Singapore,38,117,567420,1237016,581856,780140
2024-09-18,TRMER,port735,Mersin,4,6,3075,3075,31111,35724
2024-09-18,UAODS,port843,Odessa,1,4,0,0,4747,34544
2024-09-18,USLGB,port664,Los Angeles-Long Beach,4,9,281358,514399,0,42423
2024-09-18,USNYC,port815,New York-New Jersey,7,9,150847,168228,10849,12464
2024-09-19,AEJEA,port744,Jebel Ali,15,24,474124,652144,336997,342212
2024-09-19,BRSSZ,port1160,Santos,7,16,113230,132681,66526,240572
2024-09-19,CNSHA,port1188,Shanghai,26,55,40636,141694,303437,369087
2024-09-19,CNSZX,port1414,Yantian,3,3,28034,28034,12050,12050
2024-09-19,DEHAM,port446,Hamburg,7,11,65247,65739,129812,149877
2024-09-19,EGALY,port23,Alexandria,6,14,155393,244925,73863,89527
2024-09-19,GBFXT,port343,Felixstowe,5,6,91955,96617,27107,27107
2024-09-19,INNSA,port776,Mumbai-Jawaharlal Nehru (Nhava Sheva),8,24,190037,206972,20801,25158
2024-09-19,KRPUS,port1065,Busan,38,57,189889,228607,180015,228316
2024-09-19,NLRTM,port1114,Rotterdam,23,88,328552,958795,111656,346744
2024-09-19,PLGDN,port380,Gdansk,4,14,22913,157220,100127,129313
2024-09-19,SGSIN,port1201,Singapore,37,107,1258420,1490169,620604,994571
2024-09-19,TRMER,port735,Mersin,5,10,4609,20065,34158,35470
2024-09-19,UAODS,port843,Odessa,0,0,0,0,0,0
2024-09-19,USLGB,port664,Los Angeles-Long Beach,7,12,387333,388972,269638,364536
2024-09-19,USNYC,port815,New York-New Jersey,9,13,301757,319139,40883,42498
2024-09-20,AEJEA,port744,Jebel Ali,13,22,346719,405169,301552,336209
2024-09-20,BRSSZ,port1160,Santos,7,17,85398,136642,104113,379980
2024-09-20,CNSHA,port1188,Shanghai,37,128,358122,745357,328869,744462
2024-09-20,CNSZX,port1414,Yantian,7,8,4389,9026,100120,100120
2024-09-20,DEHAM,port446,Hamburg,5,9,25878,35701,196935,200755
2024-09-20,EGALY,port23,Alexandria,3,5,9344,36883,55262,55369
2024-09-20,GBFXT,port343,Felixstowe,2,3,0,1900,220573,220573
2024-09-20,INNSA,port776,Mumbai-Jawaharlal Nehru (Nhava Sheva),4,21,92127,292014,56823,73400
2024-09-20,KRPUS,port1065,Busan,27,42,160085,183056,56179,71299
2024-09-20,NLRTM,port1114,Rotterdam,17,87,289354,797660,44202,107127
2024-09-20,PLGDN,port380,Gdansk,2,10,135713,249646,15328,43062
2024-09-20,SGSIN,port1201,Singapore,41,131,814090,1543600,692740,1058575
2024-09-20,TRMER,port735,Mersin,2,4,0,48356,6298,6746
2024-09-20,UAODS,port843,Odessa,0,8,0,13717,0,49354
2024-09-20,USLGB,port664,Los Angeles-Long Beach,5,16,370504,691353,18737,180277
2024-09-20,USNYC,port815,New York-New Jersey,3,8,115802,374737,0,0
2024-09-21,AEJEA,port744,Jebel Ali,10,18,178740,367400,145799,161312
2024-09-21,BRSSZ,port1160,Santos,7,17,61188,182657,88396,202131
2024-09-21,CNSHA,port1188,Shanghai,41,138,766577,1261229,311868,1162789
2024-09-21,CNSZX,port1414,Yantian,9,9,11845,11845,78536,78536
2024-09-21,DEHAM,port446,Hamburg,14,25,360285,567583,56182,79027
2024-09-21,EGALY,port23,Alexandria,5,12,42217,62380,15226,17508
2024-09-21,GBFXT,port343,Felixstowe,3,3,14554,14554,9033,9033
2024-09-21,INNSA,port776,Mumbai-Jawaharlal Nehru (Nhava Sheva),8,33,115758,521569,124876,159132
2024-09-21,KRPUS,port1065,Busan,32,42,229023,246533,151980,162566
2024-09-21,NLRTM,port1114,Rotterdam,8,62,26669,286861,51287,161462
2024-09-21,PLGDN,port380,Gdansk,2,10,22225,224839,20621,34818
2024-09-21,SGSIN,port1201,Singapore,37,109,583079,1017243,640887,855747
2024-09-21,TRMER,port735,Mersin,5,10,27573,28658,51584,56970
2024-09-21,UAODS,port843,Odessa,0,3,0,0,0,16666
2024-09-21,USLGB,port664,Los Angeles-Long Beach,4,8,144077,148721,0,18646
2024-09-21,USNYC,port815,New York-New Jersey,7,12,109887,154664,6188,28987
2024-09-22,AEJEA,port744,Jebel Ali,11,22,363486,454940,120225,130503
2024-09-22,BRSSZ,port1160,Santos,3,14,25835,47030,0,337708
2024-09-22,CNSHA,port1188,Shanghai,31,111,341413,784508,250176,514947
2024-09-22,CNSZX,port1414,Yantian,5,5,12932,12932,28426,28426
2024-09-22,DEHAM,port446,Hamburg,10,16,95695,99535,371262,379512
2024-09-22,EGALY,port23,Alexandria,2,5,16198,18056,7153,20648
2024-09-22,GBFXT,port343,Felixstowe,2,2,74345,74345,14662,14662
2024-09-22,INNSA,port776,Mumbai-Jawaharlal Nehru (Nhava Sheva),5,19,46778,82282,62080,147804
2024-09-22,KRPUS,port1065,Busan,32,48,151126,172826,161956,190520
2024-09-22,NLRTM,port1114,Rotterdam,15,80,195529,877087,199692,296851
2024-09-22,PLGDN,port380,Gdansk,1,7,21047,181102,0,923
2024-09-22,SGSIN,port1201,Singapore,42,117,460507,738780,891625,1191775
2024-09-22,TRMER,port735,Mersin,4,7,23847,60876,77840,78240
2024-09-22,UAODS,port843,Odessa,0,0,0,0,0,0
2024-09-22,USLGB,port664,Los Angeles-Long Beach,5,14,350194,488074,0,44368
2024-09-22,USNYC,port815,New York-New Jersey,8,12,269899,355692,0,964
2024-09-23,AEJEA,port744,Jebel Ali,20,35,674988,771060,634831,654071
2024-09-23,BRSSZ,port1160,Santos,7,17,48892,57580,97336,455278
2024-09-23,CNSHA,port1188,Shanghai,40,150,319759,841797,445251,1008808
2024-09-23,CNSZX,port1414,Yantian,7,7,21967,21967,45804,45804
2024-09-23,DEHAM,port446,Hamburg,12,21,270030,277917,153795,190008
2024-09-23,EGALY,port23,Alexandria,4,16,66635,203387,14306,31620
2024-09-23,GBFXT,port343,Felixstowe,1,2,44493,44493,0,0
2024-09-23,INNSA,port776,Mumbai-Jawaharlal Nehru (Nhava Sheva),10,35,158471,439688,49837,162634
2024-09-23,KRPUS,port1065,Busan,31,59,310635,355025,97642,131356
2024-09-23,NLRTM,port1114,Rotterdam,26,89,223023,754219,146999,284170
2024-09-23,PLGDN,port380,Gdansk,3,9,84995,131284,172246,180701
2024-09-23,SGSIN,port1201,Singapore,35,140,527870,988287,678074,1125249
2024-09-23,TRMER,port735,Mersin,5,10,4577,24704,12186,13150
2024-09-23,UAODS,port843,Odessa,0,4,0,461,0,15522
2024-09-23,USLGB,port664,Los Angeles-Long Beach,9,14,639738,778935,0,81721
2024-09-23,USNYC,port815,New York-New Jersey,4,7,180043,247382,0,0
2024-09-24,AEJEA,port744,Jebel Ali,15,33,251381,506924,528745,609604
2024-09-24,BRSSZ,port1160,Santos,8,20,15023,99432,218340,531813
2024-09-24,CNSHA,port1188,Shanghai,39,159,425907,1022738,371060,917987
2024-09-24,CNSZX,port1414,Yantian,6,7,558,558,87355,87355
2024-09-24,DEHAM,port446,Hamburg,14,22,146012,219311,297884,313831
2024-09-24,EGALY,port23,Alexandria,3,11,59199,236264,7153,16387
2024-09-24,GBFXT,port343,Felixstowe,2,4,7973,7973,103251,103251
2024-09-24,INNSA,port776,Mumbai-Jawaharlal Nehru (Nhava Sheva),6,17,138504,213345,34121,35304
2024-09-24,KRPUS,port1065,Busan,39,67,232732,334253,168952,177953
2024-09-24,NLRTM,port1114,Rotterdam,21,89,135318,589418,109315,235545
2024-09-24,PLGDN,port380,Gdansk,2,13,0,218840,109812,120568
2024-09-24,SGSIN,port1201,Singapore,30,100,582736,1178971,510072,748952
2024-09-24,TRMER,port735,Mersin,5,8,28530,30989,23816,26686
2024-09-24,UAODS,port843,Odessa,0,4,0,923,0,20018
2024-09-24,USLGB,port664,Los Angeles-Long Beach,5,14,505410,628659,0,61769
2024-09-24,USNYC,port815,New York-New Jersey,6,11,189446,202023,97007,139808
2024-09-25,AEJEA,port744,Jebel Ali,11,23,332064,446679,119974,128443
2024-09-25,BRSSZ,port1160,Santos,4,18,106746,269024,0,355444
2024-09-25,CNSHA,port1188,Shanghai,40,124,503782,875282,363343,852421
2024-09-25,CNSZX,port1414,Yantian,15,17,16522,21773,136522,140419
2024-09-25,DEHAM,port446,Hamburg,7,14,30423,58855,63590,65859
2024-09-25,EGALY,port23,Alexandria,1,6,0,24984,11679,29597
2024-09-25,GBFXT,port343,Felixstowe,2,2,18914,18914,0,0
2024-09-25,INNSA,port776,Mumbai-Jawaharlal Nehru (Nhava Sheva),8,18,123235,240275,133561,135997
2024-09-25,KRPUS,port1065,Busan,33,57,79296,108481,235580,245932
2024-09-25,NLRTM,port1114,Rotterdam,17,84,62532,573794,129576,343268
2024-09-25,PLGDN,port380,Gdansk,2,12,22225,198870,32671,45225
2024-09-25,SGSIN,port1201,Singapore,39,122,322098,717845,884406,1073692
2024-09-25,TRMER,port735,Mersin,4,8,63132,64690,61683,64018
2024-09-25,UAODS,port843,Odessa,0,2,0,0,0,47557
2024-09-25,USLGB,port664,Los Angeles-Long Beach,4,8,224624,387677,46845,47369
2024-09-25,USNYC,port815,New York-New Jersey,8,11,95293,230351,58965,58965
2024-09-26,AEJEA,port744,Jebel Ali,16,25,220191,315057,224773,231241
2024-09-26,BRSSZ,port1160,Santos,4,16,22811,95862,61555,215981
2024-09-26,CNSHA,port1188,Shanghai,33,109,364818,998385,316175,843406
2024-09-26,CNSZX,port1414,Yantian,9,11,32637,37040,106887,106907
2024-09-26,DEHAM,port446,Hamburg,8,18,182063,335300,35664,40143
2024-09-26,EGALY,port23,Alexandria,4,12,56018,85609,13138,23881
2024-09-26,GBFXT,port343,Felixstowe,3,5,113607,118928,0,317
2024-09-26,INNSA,port776,Mumbai-Jawaharlal Nehru (Nhava Sheva),6,19,18774,263562,140541,143181
2024-09-26,KRPUS,port1065,Busan,37,57,56988,88235,221889,231945
2024-09-26,NLRTM,port1114,Rotterdam,19,78,74979,572011,64578,175573
2024-09-26,PLGDN,port380,Gdansk,1,11,0,43531,3640,8026
2024-09-26,SGSIN,port1201,Singapore,31,108,380963,1046275,631838,949026
2024-09-26,TRMER,port735,Mersin,4,11,0,6112,60417,61296
2024-09-26,UAODS,port843,Odessa,0,4,0,0,0,81896
2024-09-26,USLGB,port664,Los Angeles-Long Beach,6,14,378281,441177,175518,214731
2024-09-26,USNYC,port815,New York-New Jersey,4,8,155236,157907,120439,209000
2024-09-27,AEJEA,port744,Jebel Ali,13,25,468329,559595,147758,158157
2024-09-27,BRSSZ,port1160,Santos,6,14,81623,134516,97214,273568
2024-09-27,CNSHA,port1188,Shanghai,30,121,314335,904136,341377,657850
2024-09-27,CNSZX,port1414,Yantian,13,13,11513,11513,123091,123091
2024-09-27,DEHAM,port446,Hamburg,9,20,46542,139909,75082,143461
2024-09-27,EGALY,port23,Alexandria,3,11,48292,87639,8384,20707
2024-09-27,GBFXT,port343,Felixstowe,2,2,63748,63748,27846,27846
2024-09-27,INNSA,port776,Mumbai-Jawaharlal Nehru (Nhava Sheva),8,22,166554,232240,139140,149406
2024-09-27,KRPUS,port1065,Busan,34,59,112965,152178,152245,167274
2024-09-27,NLRTM,port1114,Rotterdam,12,54,15287,436665,59812,122034
2024-09-27,PLGDN,port380,Gdansk,5,7,86231,86231,141361,145465
2024-09-27,SGSIN,port1201,Singapore,36,125,673984,1120090,339807,638155
2024-09-27,TRMER,port735,Mersin,3,9,51991,62465,23231,28529
2024-09-27,UAODS,port843,Odessa,0,2,0,461,0,28617
2024-09-27,USLGB,port664,Los Angeles-Long Beach,4,7,47813,79919,312479,333106
2024-09-27,USNYC,port815,New York-New Jersey,10,14,275539,313516,12471,12471
2024-09-28,AEJEA,port744,Jebel Ali,14,21,229396,327609,108906,114204
2024-09-28,BRSSZ,port1160,Santos,7,19,118938,190360,38711,433859
2024-09-28,CNSHA,port1188,Shanghai,44,145,672522,1527098,367848,845143
2024-09-28,CNSZX,port1414,Yantian,13,13,12766,12766,129506,129506
2024-09-28,DEHAM,port446,Hamburg,12,18,413375,539601,180239,193114
2024-09-28,EGALY,port23,Alexandria,3,8,20023,79968,3701,12003
2024-09-28,GBFXT,port343,Felixstowe,3,5,28313,32609,21422,21566
2024-09-28,INNSA,port776,Mumbai-Jawaharlal Nehru (Nhava Sheva),8,28,17250,270575,137485,156848
2024-09-28,KRPUS,port1065,Busan,33,44,169161,179509,111339,117345
2024-09-28,NLRTM,port1114,Rotterdam,22,93,343276,963027,218094,368057
2024-09-28,PLGDN,port380,Gdansk,1,7,0,206883,25028,56048
2024-09-28,SGSIN,port1201,Singapore,33,96,513286,879198,567818,785966
2024-09-28,TRMER,port735,Mersin,5,9,0,39738,34381,34381
2024-09-28,UAODS,port843,Odessa,0,4,0,548,0,60283
2024-09-28,USLGB,port664,Los Angeles-Long Beach,7,9,385403,425795,10209,10209
2024-09-28,USNYC,port815,New York-New Jersey,10,14,131907,242764,95342,126569
2024-09-29,AEJEA,port744,Jebel Ali,19,28,497375,666030,521982,525144
2024-09-29,BRSSZ,port1160,Santos,4,15,30378,135548,54541,246649
2024-09-29,CNSHA,port1188,Shanghai,34,131,254482,696490,292428,743774
2024-09-29,CNSZX,port1414,Yantian,7,8,0,0,55566,55566
2024-09-29,DEHAM,port446,Hamburg,8,11,31714,32473,241461,244392
2024-09-29,EGALY,port23,Alexandria,2,3,9344,9344,39744,45106
2024-09-29,GBFXT,port343,Felixstowe,1,1,13499,13499,0,0
2024-09-29,INNSA,port776,Mumbai-Jawaharlal Nehru (Nhava Sheva),7,24,51315,510720,54081,78944
2024-09-29,KRPUS,port1065,Busan,34,57,192858,225757,171381,186116
2024-09-29,NLRTM,port1114,Rotterdam,14,71,208473,676706,65212,132156
2024-09-29,PLGDN,port380,Gdansk,2,6,22368,52924,0,1327
2024-09-29,SGSIN,port1201,Singapore,34,115,805274,1334701,486595,846780
2024-09-29,TRMER,port735,Mersin,2,9,0,19575,71836,85133
2024-09-29,UAODS,port843,Odessa,0,5,0,1869,0,16026
2024-09-29,USLGB,port664,Los Angeles-Long Beach,6,9,535057,670792,45524,46129
2024-09-29,USNYC,port815,New York-New Jersey,5,7,62410,114458,124080,126892
2024-09-30,AEJEA,port744,Jebel Ali,9,20,112503,251787,95513,96873
2024-09-30,BRSSZ,port1160,Santos,6,15,69301,114118,92235,361182
2024-09-30,CNSHA,port1188,Shanghai,35,150,187089,516572,253560,997555
2024-09-30,CNSZX,port1414,Yantian,13,13,19620,19620,141750,141750
2024-09-30,DEHAM,port446,Hamburg,9,21,134254,146367,32043,68911
2024-09-30,EGALY,port23,Alexandria,7,17,18688,49592,63525,77456
2024-09-30,GBFXT,port343,Felixstowe,1,4,0,0,9097,9097
2024-09-30,INNSA,port776,Mumbai-Jawaharlal Nehru (Nhava Sheva),7,21,141287,211211,93825,94415
2024-09-30,KRPUS,port1065,Busan,38,77,209742,272332,217200,237441
2024-09-30,NLRTM,port1114,Rotterdam,13,72,53662,474102,181996,292296
2024-09-30,PLGDN,port380,Gdansk,2,11,7603,290893,4666,7926
2024-09-30,SGSIN,port1201,Singapore,31,161,877362,1383752,513361,1064213
2024-09-30,TRMER,port735,Mersin,4,6,11194,11194,14626,19648
2024-09-30,UAODS,port843,Odessa,0,0,0,0,0,0
2024-09-30,USLGB,port664,Los Angeles-Long Beach,2,6,92461,335468,18737,28467
2024-09-30,USNYC,port815,New York-New Jersey,2,3,31937,31937,9256,9256
2024-10-01,AEJEA,port744,Jebel Ali,10,21,183901,308248,365911,447700
2024-10-01,BRSSZ,port1160,Santos,8,21,64927,188742,103743,315234
2024-10-01,CNSHA,port1188,Shanghai,34,111,161220,432098,242959,649811
2024-10-01,CNSZX,port1414,Yantian,11,12,6203,6203,161953,161953
2024-10-01,DEHAM,port446,Hamburg,9,12,37553,43454,303081,307493
2024-10-01,EGALY,port23,Alexandria,2,8,0,75925,149131,156243
2024-10-01,GBFXT,port343,Felixstowe,4,6,74177,74611,286535,286535
2024-10-01,INNSA,port776,Mumbai-Jawaharlal Nehru (Nhava Sheva),9,27,60183,89656,158611,189077
2024-10-01,KRPUS,port1065,Busan,42,73,172386,232110,253309,281449
2024-10-01,NLRTM,port1114,Rotterdam,21,87,253819,963753,111693,234000
2024-10-01,PLGDN,port380,Gdansk,1,10,77094,178841,0,32468
2024-10-01,SGSIN,port1201,Singapore,40,110,457356,989285,557303,755496
2024-10-01,TRMER,port735,Mersin,4,8,58389,60701,12812,14812
2024-10-01,UAODS,port843,Odessa,0,0,0,0,0,0
2024-10-01,USLGB,port664,Los Angeles-Long Beach,4,8,283528,395009,0,33
2024-10-01,USNYC,port815,New York-New Jersey,0,4,0,90416,0,3653
2024-10-02,AEJEA,port744,Jebel Ali,16,29,261130,401262,265247,334027
2024-10-02,BRSSZ,port1160,Santos,4,13,0,6557,57242,409491
2024-10-02,CNSHA,port1188,Shanghai,37,102,147280,363913,484314,818758
2024-10-02,CNSZX,port1414,Yantian,5,5,12880,12880,24352,24352
2024-10-02,DEHAM,port446,Hamburg,10,17,151720,297596,113445,121688
2024-10-02,EGALY,port23,Alexandria,5,12,30328,125875,63331,67189
2024-10-02,GBFXT,port343,Felixstowe,1,1,27774,27774,0,0
2024-10-02,INNSA,port776,Mumbai-Jawaharlal Nehru (Nhava Sheva),9,22,87728,185156,52378,93041
2024-10-02,KRPUS,port1065,Busan,30,51,92771,138179,143898,190762
2024-10-02,NLRTM,port1114,Rotterdam,12,82,248360,762471,47196,313667
2024-10-02,PLGDN,port380,Gdansk,0,6,0,107733,0,8971
2024-10-02,SGSIN,port1201,Singapore,44,141,625590,947310,705251,1109719
2024-10-02,TRMER,port735,Mersin,2,9,0,2803,19609,22289
2024-10-02,UAODS,port843,Odessa,0,1,0,0,0,6362
2024-10-02,USLGB,port664,Los Angeles-Long Beach,8,16,680385,824295,0,378
2024-10-02,USNYC,port815,New York-New Jersey,1,1,23523,23523,10586,10586
2024-10-03,AEJEA,port744,Jebel Ali,10,19,106701,144967,228495,251806
2024-10-03,BRSSZ,port1160,Santos,5,16,86134,134946,39142,332565
2024-10-03,CNSHA,port1188,Shanghai,38,123,192766,498828,482839,967746
2024-10-03,CNSZX,port1414,Yantian,9,10,2194,5665,76596,76596
2024-10-03,DEHAM,port446,Hamburg,10,21,81433,148182,226512,238480
2024-10-03,EGALY,port23,Alexandria,6,11,37357,107491,65198,76086
2024-10-03,GBFXT,port343,Felixstowe,3,5,60036,64279,0,317
2024-10-03,INNSA,port776,Mumbai-Jawaharlal Nehru (Nhava Sheva),9,30,90182,401250,113793,122575
2024-10-03,KRPUS,port1065,Busan,37,47,168592,176900,193128,200095
2024-10-03,NLRTM,port1114,Rotterdam,14,81,155156,985940,61235,217594
2024-10-03,PLGDN,port380,Gdansk,1,9,0,139890,8445,12257
2024-10-03,SGSIN,port1201,Singapore,34,107,777477,1171676,695550,1027028
2024-10-03,TRMER,port735,Mersin,6,12,50765,56569,17552,21028
2024-10-03,UAODS,port843,Odessa,0,5,0,511,0,211431
2024-10-03,USLGB,port664,Los Angeles-Long Beach,5,11,146981,151669,310381,511993
2024-10-03,USNYC,port815,New York-New Jersey,0,2,0,17381,0,1615
2024-10-04,AEJEA,port744,Jebel Ali,16,29,283949,322432,280194,295390
2024-10-04,BRSSZ,port1160,Santos,4,13,61324,103536,36585,107041
2024-10-04,CNSHA,port1188,Shanghai,37,120,318288,812108,225043,458744
2024-10-04,CNSZX,port1414,Yantian,9,10,15855,20258,105855,105875
2024-10-04,DEHAM,port446,Hamburg,7,14,178063,233486,69144,81261
2024-10-04,EGALY,port23,Alexandria,3,15,26766,150512,24792,47346
2024-10-04,GBFXT,port343,Felixstowe,2,3,17875,18353,58262,58262
2024-10-04,INNSA,port776,Mumbai-Jawaharlal Nehru (Nhava Sheva),6,20,123817,259440,13898,60465
2024-10-04,KRPUS,port1065,Busan,26,48,131943,164228,142970,157546
2024-10-04,NLRTM,port1114,Rotterdam,20,105,75957,830452,184358,284334
2024-10-04,PLGDN,port380,Gdansk,4,13,169276,428473,83698,88026
2024-10-04,SGSIN,port1201,Singapore,39,125,475735,1053143,891024,1157521
2024-10-04,TRMER,port735,Mersin,4,8,3137,19875,22201,25329
2024-10-04,UAODS,port843,Odessa,0,6,0,0,0,74614
2024-10-04,USLGB,port664,Los Angeles-Long Beach,6,15,271120,495042,234494,275101
2024-10-04,USNYC,port815,New York-New Jersey,9,13,317820,472728,2654,2654
2024-10-05,AEJEA,port744,Jebel Ali,14,26,404674,584101,282393,286451
2024-10-05,BRSSZ,port1160,Santos,6,12,38725,101452,127708,235609
2024-10-05,CNSHA,port1188,Shanghai,38,106,219805,552697,395707,633650
2024-10-05,CNSZX,port1414,Yantian,9,11,5043,8638,44715,44715
2024-10-05,DEHAM,port446,Hamburg,13,21,143089,225725,124845,140781
2024-10-05,EGALY,port23,Alexandria,2,5,34397,51905,0,9358
2024-10-05,GBFXT,port343,Felixstowe,2,3,8957,12217,0,0
2024-10-05,INNSA,port776,Mumbai-Jawaharlal Nehru (Nhava Sheva),8,28,131539,269369,46277,55922
2024-10-05,KRPUS,port1065,Busan,37,66,111630,147545,240512,289097
2024-10-05,NLRTM,port1114,Rotterdam,22,72,235701,684700,100655,180393
2024-10-05,PLGDN,port380,Gdansk,1,4,0,140646,155569,155569
2024-10-05,SGSIN,port1201,Singapore,31,122,509900,1165907,413496,874876
2024-10-05,TRMER,port735,Mersin,5,10,15751,16629,70284,74325
2024-10-05,UAODS,port843,Odessa,0,0,0,0,0,0
2024-10-05,USLGB,port664,Los Angeles-Long Beach,7,9,510668,511252,0,33041
2024-10-05,USNYC,port815,New York-New Jersey,5,12,213826,306041,10586,43179
2024-10-06,AEJEA,port744,Jebel Ali,12,26,197496,258371,157088,167638
2024-10-06,BRSSZ,port1160,Santos,5,15,21646,86034,55661,390074
2024-10-06,CNSHA,port1188,Shanghai,38,123,249078,768835,284428,560741
2024-10-06,CNSZX,port1414,Yantian,12,12,27452,27452,100773,100773
2024-10-06,DEHAM,port446,Hamburg,10,16,69507,69683,143084,157396
2024-10-06,EGALY,port23,Alexandria,3,5,9980,72328,15199,15835
2024-10-06,GBFXT,port343,Felixstowe,1,1,48822,48822,0,0
2024-10-06,INNSA,port776,Mumbai-Jawaharlal Nehru (Nhava Sheva),9,25,126131,394846,230524,249595
2024-10-06,KRPUS,port1065,Busan,36,65,162947,212750,168764,188627
2024-10-06,NLRTM,port1114,Rotterdam,19,73,361784,787235,89687,158533
2024-10-06,PLGDN,port380,Gdansk,1,10,28418,252448,0,11709
2024-10-06,SGSIN,port1201,Singapore,39,108,685189,879312,884270,1167328
2024-10-06,TRMER,port735,Mersin,5,7,24746,24746,33658,37865
2024-10-06,UAODS,port843,Odessa,0,1,0,0,0,3789
2024-10-06,USLGB,port664,Los Angeles-Long Beach,6,9,256589,281552,0,0
2024-10-06,USNYC,port815,New York-New Jersey,5,6,188843,188843,22251,23216
2024-10-07,AEJEA,port744,Jebel Ali,12,22,284635,430633,227091,297013
2024-10-07,BRSSZ,port1160,Santos,6,14,68292,131791,79556,190816
2024-10-07,CNSHA,port1188,Shanghai,32,122,346361,785230,199405,852663
2024-10-07,CNSZX,port1414,Yantian,13,13,9631,9631,132997,132997
2024-10-07,DEHAM,port446,Hamburg,13,22,362467,504963,98158,103833
2024-10-07,EGALY,port23,Alexandria,2,15,13383,76884,39197,100294
2024-10-07,GBFXT,port343,Felixstowe,5,10,114643,116766,0,379
2024-10-07,INNSA,port776,Mumbai-Jawaharlal Nehru (Nhava Sheva),8,31,162283,392454,47151,67282
2024-10-07,KRPUS,port1065,Busan,32,53,172062,202864,227389,248137
2024-10-07,NLRTM,port1114,Rotterdam,15,76,218935,658289,84736,298676
2024-10-07,PLGDN,port380,Gdansk,3,10,497,6508,72193,75784
2024-10-07,SGSIN,port1201,Singapore,40,143,734854,1166267,836328,1200673
2024-10-07,TRMER,port735,Mersin,1,5,0,10070,1717,3016
2024-10-07,UAODS,port843,Odessa,0,1,0,0,0,1267
2024-10-07,USLGB,port664,Los Angeles-Long Beach,7,13,507963,651944,317605,332970
2024-10-07,USNYC,port815,New York-New Jersey,6,12,230063,391816,11789,13869
2024-10-08,AEJEA,port744,Jebel Ali,17,32,213870,424602,344254,383069
2024-10-08,BRSSZ,port1160,Santos,4,18,43920,177487,30234,409025
2024-10-08,CNSHA,port1188,Shanghai,42,136,803103,1145238,217068,724306
2024-10-08,CNSZX,port1414,Yantian,9,9,7605,7605,63504,63504
2024-10-08,DEHAM,port446,Hamburg,13,18,70776,197768,115211,121200
2024-10-08,EGALY,port23,Alexandria,4,6,17067,20347,18711,19347
2024-10-08,GBFXT,port343,Felixstowe,3,6,43245,45617,0,58
2024-10-08,INNSA,port776,Mumbai-Jawaharlal Nehru (Nhava Sheva),8,24,53194,140752,94961,123398
2024-10-08,KRPUS,port1065,Busan,32,58,222402,255572,161300,172069
2024-10-08,NLRTM,port1114,Rotterdam,17,88,83082,610411,77394,244243
2024-10-08,PLGDN,port380,Gdansk,3,7,132041,136666,56955,59306
2024-10-08,SGSIN,port1201,Singapore,41,122,530820,1115409,638521,983504
2024-10-08,TRMER,port735,Mersin,5,12,19717,28871,56510,69713
2024-10-08,UAODS,port843,Odessa,0,3,0,461,0,6702
2024-10-08,USLGB,port664,Los Angeles-Long Beach,8,14,571245,584581,104265,118378
2024-10-08,USNYC,port815,New York-New Jersey,6,10,181721,229141,20206,21822
2024-10-09,AEJEA,port744,Jebel Ali,14,21,332334,380102,113019,170182
2024-10-09,BRSSZ,port1160,Santos,8,16,22932,72664,47356,248592
2024-10-09,CNSHA,port1188,Shanghai,39,128,301554,509715,404428,897512
2024-10-09,CNSZX,port1414,Yantian,11,11,8644,8644,106378,106378
2024-10-09,DEHAM,port446,Hamburg,11,19,205931,253841,103009,106592
2024-10-09,EGALY,port23,Alexandria,2,12,0,51128,3992,19524
2024-10-09,GBFXT,port343,Felixstowe,1,1,7671,7671,0,0
2024-10-09,INNSA,port776,Mumbai-Jawaharlal Nehru (Nhava Sheva),9,21,197915,259019,169184,185218
2024-10-09,KRPUS,port1065,Busan,34,51,166902,195141,101743,162430
2024-10-09,NLRTM,port1114,Rotterdam,19,78,94248,438487,205405,285888
2024-10-09,PLGDN,port380,Gdansk,2,10,5761,28701,30858,47669
2024-10-09,SGSIN,port1201,Singapore,37,118,304976,803847,912878,1267205
2024-10-09,TRMER,port735,Mersin,3,7,21028,23319,24683,26758
2024-10-09,UAODS,port843,Odessa,0,1,0,0,0,54003
2024-10-09,USLGB,port664,Los Angeles-Long Beach,3,11,125345,296134,198743,218597
2024-10-09,USNYC,port815,New York-New Jersey,6,11,173732,286408,17459,17459
2024-10-10,AEJEA,port744,Jebel Ali,16,28,264737,441876,374342,423288
2024-10-10,BRSSZ,port1160,Santos,8,16,103984,177138,71641,289253
2024-10-10,CNSHA,port1188,Shanghai,40,117,406746,730889,266492,492222
2024-10-10,CNSZX,port1414,Yantian,6,8,387,387,54602,54602
2024-10-10,DEHAM,port446,Hamburg,6,15,47445,56714,36869,63248
2024-10-10,EGALY,port23,Alexandria,3,9,128244,189070,9407,24273
2024-10-10,GBFXT,port343,Felixstowe,2,2,73175,73175,0,0
2024-10-10,INNSA,port776,Mumbai-Jawaharlal Nehru (Nhava Sheva),8,23,110417,205148,99754,104367
2024-10-10,KRPUS,port1065,Busan,41,69,107295,151510,244434,256783
2024-10-10,NLRTM,port1114,Rotterdam,21,68,214829,457966,210979,314512
2024-10-10,PLGDN,port380,Gdansk,0,9,0,147667,0,24976
2024-10-10,SGSIN,port1201,Singapore,43,122,869654,1539174,608688,867613
2024-10-10,TRMER,port735,Mersin,2,6,54390,55228,0,1299
2024-10-10,UAODS,port843,Odessa,0,1,0,0,0,3709
2024-10-10,USLGB,port664,Los Angeles-Long Beach,6,12,514361,562157,21113,39496
2024-10-10,USNYC,port815,New York-New Jersey,5,9,141829,230272,10586,10586
2024-10-11,AEJEA,port744,Jebel Ali,12,17,153656,167804,285884,290068
2024-10-11,BRSSZ,port1160,Santos,7,15,67378,110681,32363,204452
2024-10-11,CNSHA,port1188,Shanghai,42,139,446284,1021035,334244,971486
2024-10-11,CNSZX,port1414,Yantian,12,12,47563,47563,94425,94425
2024-10-11,DEHAM,port446,Hamburg,10,21,447109,517869,99944,116298
2024-10-11,EGALY,port23,Alexandria,4,11,57421,112938,36551,102813
2024-10-11,GBFXT,port343,Felixstowe,2,3,30926,34762,216908,216908
2024-10-11,INNSA,port776,Mumbai-Jawaharlal Nehru (Nhava Sheva),9,21,114297,288106,21928,102974
2024-10-11,KRPUS,port1065,Busan,39,61,139079,161797,160376,173913
2024-10-11,NLRTM,port1114,Rotterdam,22,93,213773,846719,82482,386084
2024-10-11,PLGDN,port380,Gdansk,3,10,48688,165818,40060,45266
2024-10-11,SGSIN,port1201,Singapore,39,126,271823,688691,858443,1392414
2024-10-11,TRMER,port735,Mersin,4,10,0,65757,66605,66605
2024-10-11,UAODS,port843,Odessa,0,0,0,0,0,0
2024-10-11,USLGB,port664,Los Angeles-Long Beach,3,10,208671,317085,47294,54686
2024-10-11,USNYC,port815,New York-New Jersey,3,6,147673,164402,0,0
2024-10-12,AEJEA,port744,Jebel Ali,18,31,138118,298152,469689,474109
2024-10-12,BRSSZ,port1160,Santos,5,12,71388,84503,35866,255172
2024-10-12,CNSHA,port1188,Shanghai,32,123,143614,824982,327527,508958
2024-10-12,CNSZX,port1414,Yantian,11,11,38760,38760,84986,84986
2024-10-12,DEHAM,port446,Hamburg,10,16,180258,251991,222210,231745
2024-10-12,EGALY,port23,Alexandria,4,11,26766,115743,25516,70191
2024-10-12,GBFXT,port343,Felixstowe,1,2,9557,12566,0,0
2024-10-12,INNSA,port776,Mumbai-Jawaharlal Nehru (Nhava Sheva),8,26,102392,202588,233040,240662
2024-10-12,KRPUS,port1065,Busan,36,58,286018,323855,152793,162418
2024-10-12,NLRTM,port1114,Rotterdam,12,59,177585,204993,17102,206044
2024-10-12,PLGDN,port380,Gdansk,2,5,1827,12119,18221,53450
2024-10-12,SGSIN,port1201,Singapore,44,98,736338,828105,666226,909555
2024-10-12,TRMER,port735,Mersin,5,9,30434,33260,50951,52961
2024-10-12,UAODS,port843,Odessa,0,0,0,0,0,0
2024-10-12,USLGB,port664,Los Angeles-Long Beach,5,8,428940,528229,0,17800
2024-10-12,USNYC,port815,New York-New Jersey,10,14,324486,378661,9617,9617
2024-10-13,AEJEA,port744,Jebel Ali,14,22,608936,633138,119360,125544
2024-10-13,BRSSZ,port1160,Santos,7,20,85133,168969,100613,323828
2024-10-13,CNSHA,port1188,Shanghai,35,133,308367,757321,345844,879716
2024-10-13,CNSZX,port1414,Yantian,7,7,4624,4624,74820,74820
2024-10-13,DEHAM,port446,Hamburg,4,13,43788,50698,58640,65052
2024-10-13,EGALY,port23,Alexandria,4,9,19295,44821,155139,189071
2024-10-13,GBFXT,port343,Felixstowe,2,4,6181,17922,0,3460
2024-10-13,INNSA,port776,Mumbai-Jawaharlal Nehru (Nhava Sheva),11,27,209073,397135,130339,139541
2024-10-13,KRPUS,port1065,Busan,36,54,201989,233967,155366,166392
2024-10-13,NLRTM,port1114,Rotterdam,13,82,121997,805207,101770,292708
2024-10-13,PLGDN,port380,Gdansk,3,8,50251,51992,0,6494
2024-10-13,SGSIN,port1201,Singapore,41,115,897676,1131771,921995,1110507
2024-10-13,TRMER,port735,Mersin,5,9,30969,58493,27853,35445
2024-10-13,UAODS,port843,Odessa,0,0,0,0,0,0
2024-10-13,USLGB,port664,Los Angeles-Long Beach,6,10,382365,382365,25724,66674
2024-10-13,USNYC,port815,New York-New Jersey,2,6,13077,45861,25023,25023
2024-10-14,AEJEA,port744,Jebel Ali,10,23,219961,377849,223441,235809
2024-10-14,BRSSZ,port1160,Santos,7,18,51590,176277,73747,244169
2024-10-14,CNSHA,port1188,Shanghai,35,118,193111,553717,251990,547015
2024-10-14,CNSZX,port1414,Yantian,10,10,40942,40942,67071,67071
2024-10-14,DEHAM,port446,Hamburg,15,22,134658,173893,91889,102023
2024-10-14,EGALY,port23,Alexandria,1,6,22146,74324,0,4952
2024-10-14,GBFXT,port343,Felixstowe,4,6,77261,77733,43056,43114
2024-10-14,INNSA,port776,Mumbai-Jawaharlal Nehru (Nhava Sheva),9,35,105808,449281,75584,144039
2024-10-14,KRPUS,port1065,Busan,35,53,81008,122503,155300,163531
2024-10-14,NLRTM,port1114,Rotterdam,14,87,27427,781944,137655,287570
2024-10-14,PLGDN,port380,Gdansk,3,13,21441,384190,70616,89033
2024-10-14,SGSIN,port1201,Singapore,37,148,290980,622056,592666,970915
2024-10-14,TRMER,port735,Mersin,4,8,19705,41210,30484,41928
2024-10-14,UAODS,port843,Odessa,0,0,0,0,0,0
2024-10-14,USLGB,port664,Los Angeles-Long Beach,7,11,424315,616014,147571,154962
2024-10-14,USNYC,port815,New York-New Jersey,5,7,93829,178731,89333,89333
2024-10-15,AEJEA,port744,Jebel Ali,16,30,222752,270900,332438,385617
2024-10-15,BRSSZ,port1160,Santos,7,18,84385,128926,118428,493847
2024-10-15,CNSHA,port1188,Shanghai,37,114,325760,881129,361728,562281
2024-10-15,CNSZX,port1414,Yantian,11,11,6323,6323,71424,71424
2024-10-15,DEHAM,port446,Hamburg,10,15,30861,86158,247553,255008
2024-10-15,EGALY,port23,Alexandria,2,12,24991,60523,8404,17158
2024-10-15,GBFXT,port343,Felixstowe,4,7,57719,59994,58262,58262
2024-10-15,INNSA,port776,Mumbai-Jawaharlal Nehru (Nhava Sheva),9,20,211603,308290,42953,102628
2024-10-15,KRPUS,port1065,Busan,30,52,174381,213372,144023,227273
2024-10-15,NLRTM,port1114,Rotterdam,23,94,146834,820276,226952,339898
2024-10-15,PLGDN,port380,Gdansk,0,8,0,89729,0,4061
2024-10-15,SGSIN,port1201,Singapore,37,117,673290,935599,515485,925306
2024-10-15,TRMER,port735,Mersin,8,13,35121,41081,71285,74469
2024-10-15,UAODS,port843,Odessa,0,0,0,0,0,0
2024-10-15,USLGB,port664,Los Angeles-Long Beach,6,9,349710,733458,0,0
2024-10-15,USNYC,port815,New York-New Jersey,5,5,175971,175971,6690,6690
2024-10-16,AEJEA,port744,Jebel Ali,14,22,324650,399841,226874,236672
2024-10-16,BRSSZ,port1160,Santos,6,17,90860,113216,121688,371456
2024-10-16,CNSHA,port1188,Shanghai,34,124,199375,912155,361348,950787
2024-10-16,CNSZX,port1414,Yantian,13,14,31570,31570,119154,119154
2024-10-16,DEHAM,port446,Hamburg,5,12,36816,53542,79830,85011
2024-10-16,EGALY,port23,Alexandria,3,11,26262,56594,8404,25050
2024-10-16,GBFXT,port343,Felixstowe,1,2,16235,16871,0,1891
2024-10-16,INNSA,port776,Mumbai-Jawaharlal Nehru (Nhava Sheva),7,27,96512,289168,158912,227558
2024-10-16,KRPUS,port1065,Busan,36,53,171830,196076,232111,248243
2024-10-16,NLRTM,port1114,Rotterdam,14,86,149539,1337036,60575,205509
2024-10-16,PLGDN,port380,Gdansk,2,8,200986,312773,0,3782
2024-10-16,SGSIN,port1201,Singapore,40,121,1148604,1642612,702048,934386
2024-10-16,TRMER,port735,Mersin,2,11,15675,35526,10921,13887
2024-10-16,UAODS,port843,Odessa,0,0,0,0,0,0
2024-10-16,USLGB,port664,Los Angeles-Long Beach,6,12,519048,566345,438162,479976
2024-10-16,USNYC,port815,New York-New Jersey,2,5,33881,57920,10586,10586
2024-10-17,AEJEA,port744,Jebel Ali,14,28,291272,406391,166415,198192
2024-10-17,BRSSZ,port1160,Santos,4,18,112272,115408,79085,534596
2024-10-17,CNSHA,port1188,Shanghai,39,132,179877,673817,359301,740364
2024-10-17,CNSZX,port1414,Yantian,9,9,7066,7066,107307,107307
2024-10-17,DEHAM,port446,Hamburg,13,27,252178,380098,209636,262053
2024-10-17,EGALY,port23,Alexandria,3,10,0,37997,21829,33761
2024-10-17,GBFXT,port343,Felixstowe,1,3,5254,12194,0,0
2024-10-17,INNSA,port776,Mumbai-Jawaharlal Nehru (Nhava Sheva),6,19,96620,230405,62158,123318
2024-10-17,KRPUS,port1065,Busan,43,66,145381,169872,284650,294979
2024-10-17,NLRTM,port1114,Rotterdam,17,84,128499,598503,137575,248018
2024-10-17,PLGDN,port380,Gdansk,4,16,6106,54634,59858,130970
2024-10-17,SGSIN,port1201,Singapore,40,133,1046231,1357171,499516,1019668
2024-10-17,TRMER,port735,Mersin,4,6,10452,11937,17103,17103
2024-10-17,UAODS,port843,Odessa,0,0,0,0,0,0
2024-10-17,USLGB,port664,Los Angeles-Long Beach,6,11,352642,556626,52560,141413
2024-10-17,USNYC,port815,New York-New Jersey,11,14,240646,381027,77075,77075
2024-10-18,AEJEA,port744,Jebel Ali,13,25,128223,218906,304949,354182
2024-10-18,BRSSZ,port1160,Santos,4,11,169,19300,48218,160054
2024-10-18,CNSHA,port1188,Shanghai,36,132,268463,819585,401894,1026657
2024-10-18,CNSZX,port1414,Yantian,8,9,2194,2194,87660,87660
2024-10-18,DEHAM,port446,Hamburg,3,12,32522,117938,75041,81022
2024-10-18,EGALY,port23,Alexandria,6,9,100508,125744,26854,30535
2024-10-18,GBFXT,port343,Felixstowe,5,6,150332,152103,0,722
2024-10-18,INNSA,port776,Mumbai-Jawaharlal Nehru (Nhava Sheva),10,25,106845,354625,120550,141373
2024-10-18,KRPUS,port1065,Busan,29,45,207370,251457,127599,136592
2024-10-18,NLRTM,port1114,Rotterdam,19,72,93796,439188,88525,205414
2024-10-18,PLGDN,port380,Gdansk,2,6,12270,124382,209579,245933
2024-10-18,SGSIN,port1201,Singapore,43,127,634800,1802006,646769,956254
2024-10-18,TRMER,port735,Mersin,5,11,63145,173267,16042,17440
2024-10-18,UAODS,port843,Odessa,0,0,0,0,0,0
2024-10-18,USLGB,port664,Los Angeles-Long Beach,6,12,333430,535005,21113,21683
2024-10-18,USNYC,port815,New York-New Jersey,8,10,174111,176009,182170,218749
2024-10-19,AEJEA,port744,Jebel Ali,14,29,293930,450318,464772,468651
2024-10-19,BRSSZ,port1160,Santos,6,18,62903,181724,50687,255131
2024-10-19,CNSHA,port1188,Shanghai,34,120,186656,781426,333610,671604
2024-10-19,CNSZX,port1414,Yantian,17,17,39777,39777,178326,178326
2024-10-19,DEHAM,port446,Hamburg,12,23,224140,245650,188214,215675
2024-10-19,EGALY,port23,Alexandria,1,5,0,3716,1096,6108
2024-10-19,GBFXT,port343,Felixstowe,3,4,18219,18219,89566,89566
2024-10-19,INNSA,port776,Mumbai-Jawaharlal Nehru (Nhava Sheva),10,31,175544,299306,78523,157906
2024-10-19,KRPUS,port1065,Busan,23,29,151777,160845,148330,151686
2024-10-19,NLRTM,port1114,Rotterdam,20,88,371587,1208822,193930,392311
2024-10-19,PLGDN,port380,Gdansk,3,6,106534,107590,19026,21755
2024-10-19,SGSIN,port1201,Singapore,32,106,743545,1458450,543242,864845
2024-10-19,TRMER,port735,Mersin,4,11,48905,60975,30051,43756
2024-10-19,UAODS,port843,Odessa,0,0,0,0,0,0
2024-10-19,USLGB,port664,Los Angeles-Long Beach,3,11,239244,371670,19192,88931
2024-10-19,USNYC,port815,New York-New Jersey,7,10,136439,165815,0,3084
2024-10-20,AEJEA,port744,Jebel Ali,8,21,115846,256666,92180,94934
2024-10-20,BRSSZ,port1160,Santos,5,9,73143,119986,112197,208456
2024-10-20,CNSHA,port1188,Shanghai,41,104,502492,826667,288161,416412
2024-10-20,CNSZX,port1414,Yantian,9,9,3281,3281,98979,98979
2024-10-20,DEHAM,port446,Hamburg,10,15,236382,322308,117540,120077
2024-10-20,EGALY,port23,Alexandria,4,10,119047,124622,46198,56415
2024-10-20,GBFXT,port343,Felixstowe,0,0,0,0,0,0
2024-10-20,INNSA,port776,Mumbai-Jawaharlal Nehru (Nhava Sheva),8,24,94929,166602,53165,60121
2024-10-20,KRPUS,port1065,Busan,26,39,99053,124947,87435,93334
2024-10-20,NLRTM,port1114,Rotterdam,13,59,56148,295634,33049,147889
2024-10-20,PLGDN,port380,Gdansk,4,13,31731,169988,25196,58455
2024-10-20,SGSIN,port1201,Singapore,40,122,823164,1159477,686778,955627
2024-10-20,TRMER,port735,Mersin,3,3,23686,23686,29787,29787
2024-10-20,UAODS,port843,Odessa,0,0,0,0,0,0
2024-10-20,USLGB,port664,Los Angeles-Long Beach,6,12,518210,524126,21113,116338
2024-10-20,USNYC,port815,New York-New Jersey,3,7,47441,83029,10586,10586
2024-10-21,AEJEA,port744,Jebel Ali,13,25,182864,439483,238831,241290
2024-10-21,BRSSZ,port1160,Santos,6,15,33761,78577,185829,387741
2024-10-21,CNSHA,port1188,Shanghai,35,120,141091,486220,254345,627323
2024-10-21,CNSZX,port1414,Yantian,12,12,25159,25159,142713,142713
2024-10-21,DEHAM,port446,Hamburg,10,22,80197,134346,85828,151159
2024-10-21,EGALY,port23,Alexandria,4,24,59549,164538,17710,51463
2024-10-21,GBFXT,port343,Felixstowe,4,7,38914,41013,0,0
2024-10-21,INNSA,port776,Mumbai-Jawaharlal Nehru (Nhava Sheva),9,32,90571,308439,75313,144695
2024-10-21,KRPUS,port1065,Busan,40,93,236371,322325,210802,235105
2024-10-21,NLRTM,port1114,Rotterdam,18,98,132276,549671,102790,276743
2024-10-21,PLGDN,port380,Gdansk,2,8,78978,277222,8877,11967
2024-10-21,SGSIN,port1201,Singapore,43,142,897867,1485031,1093343,1385561
2024-10-21,TRMER,port735,Mersin,4,10,41909,70173,7324,65797
2024-10-21,UAODS,port843,Odessa,0,0,0,0,0,0
2024-10-21,USLGB,port664,Los Angeles-Long Beach,8,15,562462,800687,46765,183167
2024-10-21,USNYC,port815,New York-New Jersey,8,14,155527,264411,46428,46688
2024-10-22,AEJEA,port744,Jebel Ali,15,31,558854,635011,99283,168181
2024-10-22,BRSSZ,port1160,Santos,7,20,53235,132164,26477,361185
2024-10-22,CNSHA,port1188,Shanghai,38,126,441640,851232,248430,442748
2024-10-22,CNSZX,port1414,Yantian,4,4,0,0,78214,78214
2024-10-22,DEHAM,port446,Hamburg,12,16,152796,261528,178454,181693
2024-10-22,EGALY,port23,Alexandria,4,8,52972,108753,16809,24806
2024-10-22,GBFXT,port343,Felixstowe,3,6,50658,52262,196900,197218
2024-10-22,INNSA,port776,Mumbai-Jawaharlal Nehru (Nhava Sheva),10,26,162563,364530,129296,132394
2024-10-22,KRPUS,port1065,Busan,28,46,81531,105888,171962,178161
2024-10-22,NLRTM,port1114,Rotterdam,19,86,105913,552219,62116,198258
2024-10-22,PLGDN,port380,Gdansk,1,8,9669,220791,0,7816
2024-10-22,SGSIN,port1201,Singapore,40,103,651071,897477,1123152,1403234
2024-10-22,TRMER,port735,Mersin,4,7,38051,39057,1218,4037
2024-10-22,UAODS,port843,Odessa,0,0,0,0,0,0
2024-10-22,USLGB,port664,Los Angeles-Long Beach,2,6,168477,286591,0,7166
2024-10-22,USNYC,port815,New York-New Jersey,7,9,79056,110016,196513,196513
2024-10-23,AEJEA,port744,Jebel Ali,16,29,269333,430476,341881,345136
2024-10-23,BRSSZ,port1160,Santos,8,19,93384,156254,23071,187658
2024-10-23,CNSHA,port1188,Shanghai,30,110,99180,604890,303239,716028
2024-10-23,CNSZX,port1414,Yantian,10,10,15900,15900,139122,139122
2024-10-23,DEHAM,port446,Hamburg,9,16,80385,114086,96258,132535
2024-10-23,EGALY,port23,Alexandria,0,3,0,1858,0,20858
2024-10-23,GBFXT,port343,Felixstowe,2,3,12921,12921,0,0
2024-10-23,INNSA,port776,Mumbai-Jawaharlal Nehru (Nhava Sheva),8,24,135447,353216,75764,79846
2024-10-23,KRPUS,port1065,Busan,37,63,263633,309473,199365,217480
2024-10-23,NLRTM,port1114,Rotterdam,15,81,441002,766873,78530,300607
2024-10-23,PLGDN,port380,Gdansk,1,14,0,129475,87494,116787
2024-10-23,SGSIN,port1201,Singapore,44,113,894908,1072467,947557,1110079
2024-10-23,TRMER,port735,Mersin,1,7,13310,15914,10764,47175
2024-10-23,UAODS,port843,Odessa,0,0,0,0,0,0
2024-10-23,USLGB,port664,Los Angeles-Long Beach,6,9,253029,354475,159079,233354
2024-10-23,USNYC,port815,New York-New Jersey,8,13,251492,390936,17015,25498
2024-10-24,AEJEA,port744,Jebel Ali,18,28,376308,448905,289494,301960
2024-10-24,BRSSZ,port1160,Santos,6,15,121537,238905,26422,139168
2024-10-24,CNSHA,port1188,Shanghai,36,104,136857,860052,297799,633635
2024-10-24,CNSZX,port1414,Yantian,8,8,5396,5396,97581,97581
2024-10-24,DEHAM,port446,Hamburg,8,20,234212,283858,179704,191914
2024-10-24,EGALY,port23,Alexandria,3,12,13383,47264,25304,47380
2024-10-24,GBFXT,port343,Felixstowe,2,3,33161,36447,95320,95320
2024-10-24,INNSA,port776,Mumbai-Jawaharlal Nehru (Nhava Sheva),8,23,92932,175755,73640,146592
2024-10-24,KRPUS,port1065,Busan,39,62,156947,195247,150684,169258
2024-10-24,NLRTM,port1114,Rotterdam,18,91,49593,791867,82576,281666
2024-10-24,PLGDN,port380,Gdansk,2,11,0,61498,57366,117377
2024-10-24,SGSIN,port1201,Singapore,41,130,532687,1157810,998821,1262499
2024-10-24,TRMER,port735,Mersin,4,7,7144,7983,29884,33043
2024-10-24,UAODS,port843,Odessa,0,0,0,0,0,0
2024-10-24,USLGB,port664,Los Angeles-Long Beach,4,9,282953,299719,0,224370
2024-10-24,USNYC,port815,New York-New Jersey,8,17,191132,305257,58736,64134
2024-10-25,AEJEA,port744,Jebel Ali,17,35,263590,409380,197677,253263
2024-10-25,BRSSZ,port1160,Santos,5,16,160083,193590,14852,314921
2024-10-25,CNSHA,port1188,Shanghai,41,108,270758,588871,218063,518950
2024-10-25,CNSZX,port1414,Yantian,9,12,5132,8368,107436,107436
2024-10-25,DEHAM,port446,Hamburg,8,14,85742,216140,240210,246676
2024-10-25,EGALY,port23,Alexandria,2,5,34440,34440,0,490
2024-10-25,GBFXT,port343,Felixstowe,2,2,83604,83604,0,0
2024-10-25,INNSA,port776,Mumbai-Jawaharlal Nehru (Nhava Sheva),9,24,119846,312900,158725,214650
2024-10-25,KRPUS,port1065,Busan,34,49,337284,361962,205483,218827
2024-10-25,NLRTM,port1114,Rotterdam,24,86,187727,999127,285343,359130
2024-10-25,PLGDN,port380,Gdansk,3,6,204017,305200,50260,53664
2024-10-25,SGSIN,port1201,Singapore,36,116,1013910,1641831,368447,666707
2024-10-25,TRMER,port735,Mersin,2,8,26620,45043,21529,30881
2024-10-25,UAODS,port843,Odessa,0,0,0,0,0,0
2024-10-25,USLGB,port664,Los Angeles-Long Beach,4,6,210875,215562,0,17800
2024-10-25,USNYC,port815,New York-New Jersey,5,7,169482,191503,46007,49970
2024-10-26,AEJEA,port744,Jebel Ali,16,24,257901,294859,181536,181536
2024-10-26,BRSSZ,port1160,Santos,9,20,58686,102795,220202,526945
2024-10-26,CNSHA,port1188,Shanghai,33,134,179837,1088296,297057,1041353
2024-10-26,CNSZX,port1414,Yantian,12,12,3919,3919,164139,164139
2024-10-26,DEHAM,port446,Hamburg,13,20,190480,237489,60206,75854
2024-10-26,EGALY,port23,Alexandria,4,8,13383,48149,87588,98138
2024-10-26,GBFXT,port343,Felixstowe,2,2,1856,1856,0,0
2024-10-26,INNSA,port776,Mumbai-Jawaharlal Nehru (Nhava Sheva),7,26,28764,191092,148146,153332
2024-10-26,KRPUS,port1065,Busan,26,49,169801,230478,120612,132969
2024-10-26,NLRTM,port1114,Rotterdam,17,79,79734,1102941,83962,262420
2024-10-26,PLGDN,port380,Gdansk,0,6,0,102059,0,6925
2024-10-26,SGSIN,port1201,Singapore,37,115,548834,1009048,723744,1012024
2024-10-26,TRMER,port735,Mersin,4,9,20570,59750,21017,22316
2024-10-26,UAODS,port843,Odessa,0,1,0,0,0,38225
2024-10-26,USLGB,port664,Los Angeles-Long Beach,7,14,759289,939178,21113,24911
2024-10-26,USNYC,port815,New York-New Jersey,5,6,137794,221586,24242,24242
2024-10-27,AEJEA,port744,Jebel Ali,13,21,289906,434320,112745,114116
2024-10-27,BRSSZ,port1160,Santos,5,13,95764,191343,141292,380800
2024-10-27,CNSHA,port1188,Shanghai,34,92,366185,810375,245038,589448
2024-10-27,CNSZX,port1414,Yantian,13,13,32379,32379,100972,100972
2024-10-27,DEHAM,port446,Hamburg,4,17,108122,157578,27886,52659
2024-10-27,EGALY,port23,Alexandria,3,9,13383,29003,93899,96003
2024-10-27,GBFXT,port343,Felixstowe,2,4,2524,3969,0,0
2024-10-27,INNSA,port776,Mumbai-Jawaharlal Nehru (Nhava Sheva),6,20,119616,250322,27832,44672
2024-10-27,KRPUS,port1065,Busan,39,60,169218,197248,184677,194856
2024-10-27,NLRTM,port1114,Rotterdam,13,78,56012,359451,54328,134698
2024-10-27,PLGDN,port380,Gdansk,4,16,59663,273020,33963,55609
2024-10-27,SGSIN,port1201,Singapore,43,115,617342,1320037,642711,1005250
2024-10-27,TRMER,port735,Mersin,6,10,26620,37909,88937,89880
2024-10-27,UAODS,port843,Odessa,0,0,0,0,0,0
2024-10-27,USLGB,port664,Los Angeles-Long Beach,7,11,253166,300179,223899,243171
2024-10-27,USNYC,port815,New York-New Jersey,9,11,174964,180735,20438,20438
2024-10-28,AEJEA,port744,Jebel Ali,14,25,262924,374207,272191,341171
2024-10-28,BRSSZ,port1160,Santos,3,10,38578,104541,8224,144279
2024-10-28,CNSHA,port1188,Shanghai,35,131,351058,1013550,230076,812583
2024-10-28,CNSZX,port1414,Yantian,12,12,3661,3661,96923,96923
2024-10-28,DEHAM,port446,Hamburg,16,25,209350,316127,92261,97227
2024-10-28,EGALY,port23,Alexandria,2,27,24588,466870,8404,51760
2024-10-28,GBFXT,port343,Felixstowe,3,6,45927,46904,26669,26669
2024-10-28,INNSA,port776,Mumbai-Jawaharlal Nehru (Nhava Sheva),5,24,57458,172307,51857,116733
2024-10-28,KRPUS,port1065,Busan,29,48,155721,195378,190882,203956
2024-10-28,NLRTM,port1114,Rotterdam,20,78,98980,779594,258327,420242
2024-10-28,PLGDN,port380,Gdansk,2,9,9851,144681,11752,28252
2024-10-28,SGSIN,port1201,Singapore,34,130,711540,1391628,430659,930877
2024-10-28,TRMER,port735,Mersin,3,8,13310,23269,57924,63647
2024-10-28,UAODS,port843,Odessa,0,0,0,0,0,0
2024-10-28,USLGB,port664,Los Angeles-Long Beach,8,14,629302,752974,21113,22836
2024-10-28,USNYC,port815,New York-New Jersey,6,10,160125,160982,17064,43427
2024-10-29,AEJEA,port744,Jebel Ali,16,23,298334,307782,178352,211518
2024-10-29,BRSSZ,port1160,Santos,6,17,24697,130916,89031,294356
2024-10-29,CNSHA,port1188,Shanghai,29,118,289801,1024825,321851,654498
2024-10-29,CNSZX,port1414,Yantian,8,10,43079,47482,57818,61893
2024-10-29,DEHAM,port446,Hamburg,13,18,271489,271489,180382,213144
2024-10-29,EGALY,port23,Alexandria,2,7,13383,86065,32533,34962
2024-10-29,GBFXT,port343,Felixstowe,4,7,94271,99345,0,0
2024-10-29,INNSA,port776,Mumbai-Jawaharlal Nehru (Nhava Sheva),7,22,131587,156157,144037,158408
2024-10-29,KRPUS,port1065,Busan,33,65,81350,121857,240278,267687
2024-10-29,NLRTM,port1114,Rotterdam,19,93,59687,946983,316823,531386
2024-10-29,PLGDN,port380,Gdansk,2,4,0,2227,33157,35469
2024-10-29,SGSIN,port1201,Singapore,31,111,462813,898426,701238,1003830
2024-10-29,TRMER,port735,Mersin,6,10,73766,74093,13107,56844
2024-10-29,UAODS,port843,Odessa,0,0,0,0,0,0
2024-10-29,USLGB,port664,Los Angeles-Long Beach,2,5,224005,251653,0,48881
2024-10-29,USNYC,port815,New York-New Jersey,5,10,76795,121889,14794,14794
2024-10-30,AEJEA,port744,Jebel Ali,13,26,287998,341504,204904,213062
2024-10-30,BRSSZ,port1160,Santos,8,20,65390,102730,43879,349985
2024-10-30,CNSHA,port1188,Shanghai,32,115,192884,760846,217326,665332
2024-10-30,CNSZX,port1414,Yantian,10,11,8190,15038,93166,93166
2024-10-30,DEHAM,port446,Hamburg,7,17,54862,107328,207664,277896
2024-10-30,EGALY,port23,Alexandria,6,15,55797,175966,37554,51795
2024-10-30,GBFXT,port343,Felixstowe,1,3,8029,12597,0,0
2024-10-30,INNSA,port776,Mumbai-Jawaharlal Nehru (Nhava Sheva),8,25,193297,464844,210717,227923
2024-10-30,KRPUS,port1065,Busan,36,57,257814,296267,189482,199936
2024-10-30,NLRTM,port1114,Rotterdam,21,81,128521,943247,86112,194490
2024-10-30,PLGDN,port380,Gdansk,3,11,30422,37894,0,10372
2024-10-30,SGSIN,port1201,Singapore,40,124,753071,1750751,548278,862763
2024-10-30,TRMER,port735,Mersin,4,9,59670,63097,15300,15891
2024-10-30,UAODS,port843,Odessa,0,0,0,0,0,0
2024-10-30,USLGB,port664,Los Angeles-Long Beach,5,13,275380,324341,240119,420692
2024-10-30,USNYC,port815,New York-New Jersey,9,9,101939,101939,79498,79498
2024-10-31,AEJEA,port744,Jebel Ali,8,16,388214,399724,132823,138048
2024-10-31,BRSSZ,port1160,Santos,7,14,4635,28887,77708,173574
2024-10-31,CNSHA,port1188,Shanghai,34,99,268314,795311,177057,512754
2024-10-31,CNSZX,port1414,Yantian,13,15,32210,79318,115431,115431
2024-10-31,DEHAM,port446,Hamburg,9,15,63123,119458,68831,85082
2024-10-31,EGALY,port23,Alexandria,3,11,34623,70367,69816,74132
2024-10-31,GBFXT,port343,Felixstowe,2,2,1063,1063,13849,13849
2024-10-31,INNSA,port776,Mumbai-Jawaharlal Nehru (Nhava Sheva),9,22,276202,325660,39667,46379
2024-10-31,KRPUS,port1065,Busan,33,64,102495,156818,240392,261092
2024-10-31,NLRTM,port1114,Rotterdam,22,91,102326,647847,156818,413087
2024-10-31,PLGDN,port380,Gdansk,0,5,0,131944,0,1570
2024-10-31,SGSIN,port1201,Singapore,41,127,708118,1250024,588581,870263
2024-10-31,TRMER,port735,Mersin,4,10,158938,161937,12848,15691
2024-10-31,UAODS,port843,Odessa,0,0,0,0,0,0
2024-10-31,USLGB,port664,Los Angeles-Long Beach,5,11,159924,309232,155298,190900
2024-10-31,USNYC,port815,New York-New Jersey,10,14,206239,297897,10941,10941
2024-11-01,AEJEA,port744,Jebel Ali,21,30,375846,489845,166930,179312
2024-11-01,BRSSZ,port1160,Santos,6,23,189052,265205,23593,402167
2024-11-01,CNSHA,port1188,Shanghai,17,40,119994,208000,188133,398661
2024-11-01,CNSZX,port1414,Yantian,7,7,4389,4389,92785,92785
2024-11-01,DEHAM,port446,Hamburg,10,19,73127,224701,145911,151596
2024-11-01,EGALY,port23,Alexandria,5,8,40935,96014,82479,82688
2024-11-01,GBFXT,port343,Felixstowe,2,3,42791,46078,0,0
2024-11-01,INNSA,port776,Mumbai-Jawaharlal Nehru (Nhava Sheva),7,23,82819,206284,26899,50474
2024-11-01,KRPUS,port1065,Busan,24,42,153513,172512,133417,145440
2024-11-01,NLRTM,port1114,Rotterdam,20,83,96604,953648,110700,312654
2024-11-01,PLGDN,port380,Gdansk,1,3,0,0,29588,35056
2024-11-01,SGSIN,port1201,Singapore,39,140,1069905,1692957,852832,1276372
2024-11-01,TRMER,port735,Mersin,3,6,72712,72712,0,3346
2024-11-01,UAODS,port843,Odessa,0,0,0,0,0,0
2024-11-01,USLGB,port664,Los Angeles-Long Beach,3,9,122766,160028,415683,417897
2024-11-01,USNYC,port815,New York-New Jersey,6,9,124798,173452,105934,105934
2024-11-02,AEJEA,port744,Jebel Ali,12,23,196992,256399,463820,513648
2024-11-02,BRSSZ,port1160,Santos,7,13,20402,32233,163344,298461
2024-11-02,CNSHA,port1188,Shanghai,26,140,128605,711091,194592,590352
2024-11-02,CNSZX,port1414,Yantian,14,14,24677,24677,162366,162366
2024-11-02,DEHAM,port446,Hamburg,7,14,32495,70174,116215,120969
2024-11-02,EGALY,port23,Alexandria,1,5,10184,13621,9279,9914
2024-11-02,GBFXT,port343,Felixstowe,5,5,68087,68087,81193,81193
2024-11-02,INNSA,port776,Mumbai-Jawaharlal Nehru (Nhava Sheva),8,28,107289,418067,121482,194289
2024-11-02,KRPUS,port1065,Busan,31,44,159680,187773,111196,121650
2024-11-02,NLRTM,port1114,Rotterdam,19,93,225343,1335345,196462,270324
2024-11-02,PLGDN,port380,Gdansk,4,10,59775,270896,34885,88664
2024-11-02,SGSIN,port1201,Singapore,43,123,484682,908771,719089,1040139
2024-11-02,TRMER,port735,Mersin,7,11,48887,49451,36220,95195
2024-11-02,UAODS,port843,Odessa,0,0,0,0,0,0
2024-11-02,USLGB,port664,Los Angeles-Long Beach,3,8,155896,383125,157810,175611
2024-11-02,USNYC,port815,New York-New Jersey,7,9,176866,176866,80894,83662
2024-11-03,AEJEA,port744,Jebel Ali,14,26,212618,245472,213359,223179
2024-11-03,BRSSZ,port1160,Santos,4,10,43441,117142,100936,357612
2024-11-03,CNSHA,port1188,Shanghai,41,127,1003244,1413799,246192,501396
2024-11-03,CNSZX,port1414,Yantian,11,14,32355,34951,73748,73748
2024-11-03,DEHAM,port446,Hamburg,9,16,173317,314354,145704,146831
2024-11-03,EGALY,port23,Alexandria,2,8,1665,12194,14788,16694
2024-11-03,GBFXT,port343,Felixstowe,2,3,44871,50029,44435,44435
2024-11-03,INNSA,port776,Mumbai-Jawaharlal Nehru (Nhava Sheva),10,26,156966,240377,224761,228221
2024-11-03,KRPUS,port1065,Busan,41,78,158400,204073,220044,235097
2024-11-03,NLRTM,port1114,Rotterdam,16,66,41318,630189,59235,148286
2024-11-03,PLGDN,port380,Gdansk,1,7,10283,26034,0,1697
2024-11-03,SGSIN,port1201,Singapore,40,110,499148,1147105,534346,862234
2024-11-03,TRMER,port735,Mersin,5,8,11937,28127,56332,56332
2024-11-03,UAODS,port843,Odessa,0,0,0,0,0,0
2024-11-03,USLGB,port664,Los Angeles-Long Beach,3,8,251844,479495,0,3444
2024-11-03,USNYC,port815,New York-New Jersey,7,11,97769,200832,56503,60348
2024-11-04,AEJEA,port744,Jebel Ali,22,29,516876,552645,284762,295875
2024-11-04,BRSSZ,port1160,Santos,4,10,35138,85000,30569,193443
2024-11-04,CNSHA,port1188,Shanghai,40,140,601458,1119034,368808,911782
2024-11-04,CNSZX,port1414,Yantian,12,13,36693,36693,103357,103357
2024-11-04,DEHAM,port446,Hamburg,11,18,269441,505997,76186,80899
2024-11-04,EGALY,port23,Alexandria,3,17,29470,44091,18558,54418
2024-11-04,GBFXT,port343,Felixstowe,3,5,31438,31438,32568,32568
2024-11-04,INNSA,port776,Mumbai-Jawaharlal Nehru (Nhava Sheva),8,28,339568,618918,7610,37727
2024-11-04,KRPUS,port1065,Busan,36,59,214542,249569,164258,176755
2024-11-04,NLRTM,port1114,Rotterdam,17,81,228283,724790,102626,214310
2024-11-04,PLGDN,port380,Gdansk,2,11,56782,153528,0,8700
2024-11-04,SGSIN,port1201,Singapore,36,134,598390,1005113,500934,935125
2024-11-04,TRMER,port735,Mersin,2,5,17140,33737,8301,19505
2024-11-04,UAODS,port843,Odessa,0,0,0,0,0,0
2024-11-04,USLGB,port664,Los Angeles-Long Beach,8,10,254560,500161,172557,172557
2024-11-04,USNYC,port815,New York-New Jersey,4,8,227742,316718,0,0
2024-11-05,AEJEA,port744,Jebel Ali,13,26,277176,473679,284175,386401
2024-11-05,BRSSZ,port1160,Santos,5,12,62881,77924,108169,341983
2024-11-05,CNSHA,port1188,Shanghai,36,116,251497,559895,383099,760322
2024-11-05,CNSZX,port1414,Yantian,10,10,11716,11716,119140,119140
2024-11-05,DEHAM,port446,Hamburg,8,16,119305,223485,15626,18048
2024-11-05,EGALY,port23,Alexandria,3,8,57821,89032,29224,36908
2024-11-05,GBFXT,port343,Felixstowe,1,5,12024,18188,0,0
2024-11-05,INNSA,port776,Mumbai-Jawaharlal Nehru (Nhava Sheva),7,23,59440,202782,144066,190781
2024-11-05,KRPUS,port1065,Busan,33,55,178406,227053,104185,114640
2024-11-05,NLRTM,port1114,Rotterdam,22,88,178550,646201,119353,351536
2024-11-05,PLGDN,port380,Gdansk,3,12,90979,310287,168741,170936
2024-11-05,SGSIN,port1201,Singapore,29,121,465353,876961,527308,1003534
2024-11-05,TRMER,port735,Mersin,4,11,69005,127210,1809,6205
2024-11-05,UAODS,port843,Odessa,0,0,0,0,0,0
2024-11-05,USLGB,port664,Los Angeles-Long Beach,5,10,425604,527812,0,60839
2024-11-05,USNYC,port815,New York-New Jersey,6,8,190253,201470,0,0
2024-11-06,AEJEA,port744,Jebel Ali,12,20,51125,140257,257723,259283
2024-11-06,BRSSZ,port1160,Santos,8,17,56565,115674,112071,458494
2024-11-06,CNSHA,port1188,Shanghai,33,105,394864,800573,409731,1099193
2024-11-06,CNSZX,port1414,Yantian,10,10,21368,21368,64501,64501
2024-11-06,DEHAM,port446,Hamburg,12,23,394316,477253,78905,84080
2024-11-06,EGALY,port23,Alexandria,4,16,20150,109893,33537,44076
2024-11-06,GBFXT,port343,Felixstowe,2,3,18445,22012,0,0
2024-11-06,INNSA,port776,Mumbai-Jawaharlal Nehru (Nhava Sheva),9,25,82893,255945,60385,98201
2024-11-06,KRPUS,port1065,Busan,35,57,122031,157878,185508,196233
2024-11-06,NLRTM,port1114,Rotterdam,15,85,166742,833796,308759,419511
2024-11-06,PLGDN,port380,Gdansk,0,8,0,146049,0,5031
2024-11-06,SGSIN,port1201,Singapore,46,138,603763,1343204,993843,1432199
2024-11-06,TRMER,port735,Mersin,4,10,37469,39960,0,2496
2024-11-06,UAODS,port843,Odessa,0,0,0,0,0,0
2024-11-06,USLGB,port664,Los Angeles-Long Beach,9,11,894210,894210,0,0
2024-11-06,USNYC,port815,New York-New Jersey,8,12,257356,364573,37679,37679
2024-11-07,AEJEA,port744,Jebel Ali,16,31,242536,281024,171572,214414
2024-11-07,BRSSZ,port1160,Santos,5,11,0,68235,85567,176913
2024-11-07,CNSHA,port1188,Shanghai,31,126,182745,609513,288536,968446
2024-11-07,CNSZX,port1414,Yantian,4,4,2194,2194,65193,65193
2024-11-07,DEHAM,port446,Hamburg,10,19,153925,159827,321684,343056
2024-11-07,EGALY,port23,Alexandria,4,8,54060,112604,10866,11502
2024-11-07,GBFXT,port343,Felixstowe,3,4,90145,93358,31095,31095
2024-11-07,INNSA,port776,Mumbai-Jawaharlal Nehru (Nhava Sheva),8,25,196008,331232,60743,64606
2024-11-07,KRPUS,port1065,Busan,36,62,156017,200537,232367,256553
2024-11-07,NLRTM,port1114,Rotterdam,16,80,36489,797990,87330,235147
2024-11-07,PLGDN,port380,Gdansk,1,12,0,109739,5072,18953
2024-11-07,SGSIN,port1201,Singapore,31,118,543249,1116797,652478,967892
2024-11-07,TRMER,port735,Mersin,3,10,6055,16273,21151,26737
2024-11-07,UAODS,port843,Odessa,0,0,0,0,0,0
2024-11-07,USLGB,port664,Los Angeles-Long Beach,6,12,201080,242985,238230,256512
2024-11-07,USNYC,port815,New York-New Jersey,5,10,47577,137949,45831,45831
2024-11-08,AEJEA,port744,Jebel Ali,16,29,283874,543871,206748,223911
2024-11-08,BRSSZ,port1160,Santos,8,13,75174,93565,99201,248657
2024-11-08,CNSHA,port1188,Shanghai,34,117,227268,943486,262813,896389
2024-11-08,CNSZX,port1414,Yantian,12,15,3054,3054,105954,106162
2024-11-08,DEHAM,port446,Hamburg,6,15,15467,22172,77383,86206
2024-11-08,EGALY,port23,Alexandria,5,13,45356,157396,28649,63276
2024-11-08,GBFXT,port343,Felixstowe,2,3,0,237,157015,157015
2024-11-08,INNSA,port776,Mumbai-Jawaharlal Nehru (Nhava Sheva),9,23,144211,231283,64491,130197
2024-11-08,KRPUS,port1065,Busan,26,52,226096,269085,153267,171759
2024-11-08,NLRTM,port1114,Rotterdam,21,82,391520,837343,42774,163733
2024-11-08,PLGDN,port380,Gdansk,3,6,32600,81004,39774,39774
2024-11-08,SGSIN,port1201,Singapore,38,110,629816,1293045,480475,700866
2024-11-08,TRMER,port735,Mersin,3,7,0,1908,26090,27789
2024-11-08,UAODS,port843,Odessa,0,0,0,0,0,0
2024-11-08,USLGB,port664,Los Angeles-Long Beach,9,15,633241,757236,113988,131789
2024-11-08,USNYC,port815,New York-New Jersey,7,11,113781,114809,84717,85665
2024-11-09,AEJEA,port744,Jebel Ali,10,17,90246,142103,199835,212920
2024-11-09,BRSSZ,port1160,Santos,4,8,63619,109072,89941,129365
2024-11-09,CNSHA,port1188,Shanghai,38,114,655723,1057038,326063,634391
2024-11-09,CNSZX,port1414,Yantian,8,9,897,4516,65917,66096
2024-11-09,DEHAM,port446,Hamburg,15,22,315231,319496,305115,364021
2024-11-09,EGALY,port23,Alexandria,2,5,20368,25683,18558,19193
2024-11-09,GBFXT,port343,Felixstowe,3,4,31684,34323,17342,17342
2024-11-09,INNSA,port776,Mumbai-Jawaharlal Nehru (Nhava Sheva),10,20,225894,423405,41785,42845
2024-11-09,KRPUS,port1065,Busan,32,45,112642,131923,158376,165859
2024-11-09,NLRTM,port1114,Rotterdam,16,77,140351,1050765,58163,197715
2024-11-09,PLGDN,port380,Gdansk,4,10,74858,208517,16139,17446
2024-11-09,SGSIN,port1201,Singapore,40,120,722301,1581603,625386,1111999
2024-11-09,TRMER,port735,Mersin,5,13,11937,20422,28056,31804
2024-11-09,UAODS,port843,Odessa,0,0,0,0,0,0
2024-11-09,USLGB,port664,Los Angeles-Long Beach,3,11,226995,488191,10963,74706
2024-11-09,USNYC,port815,New York-New Jersey,6,11,91580,260166,21147,76987
2024-11-10,AEJEA,port744,Jebel Ali,18,30,464748,576729,259097,278166
2024-11-10,BRSSZ,port1160,Santos,7,19,90945,225820,112511,278601
2024-11-10,CNSHA,port1188,Shanghai,39,131,94519,647284,450944,829111
2024-11-10,CNSZX,port1414,Yantian,16,16,12510,12510,179726,179726
2024-11-10,DEHAM,port446,Hamburg,9,22,268808,357091,39848,49293
2024-11-10,EGALY,port23,Alexandria,1,10,10184,61345,9279,20241
2024-11-10,GBFXT,port343,Felixstowe,2,2,66476,66476,0,0
2024-11-10,INNSA,port776,Mumbai-Jawaharlal Nehru (Nhava Sheva),3,8,13166,143196,21055,21055
2024-11-10,KRPUS,port1065,Busan,31,64,139673,203847,185346,201348
2024-11-10,NLRTM,port1114,Rotterdam,18,82,185052,753610,80974,211462
2024-11-10,PLGDN,port380,Gdansk,5,10,69985,288084,211348,223040
2024-11-10,SGSIN,port1201,Singapore,42,138,736565,1119020,599581,972400
2024-11-10,TRMER,port735,Mersin,4,9,5952,22120,73753,75052
2024-11-10,UAODS,port843,Odessa,0,0,0,0,0,0
2024-11-10,USLGB,port664,Los Angeles-Long Beach,5,13,268983,299497,0,70416
2024-11-10,USNYC,port815,New York-New Jersey,4,6,56331,57622,26966,26966
2024-11-11,AEJEA,port744,Jebel Ali,13,24,463523,501918,148461,155807
2024-11-11,BRSSZ,port1160,Santos,5,16,65639,108431,22714,195224
2024-11-11,CNSHA,port1188,Shanghai,38,147,130772,1309990,354715,704843
2024-11-11,CNSZX,port1414,Yantian,10,11,4389,4389,89423,89423
2024-11-11,DEHAM,port446,Hamburg,9,15,87668,165643,113077,114530
2024-11-11,EGALY,port23,Alexandria,6,13,58212,116095,32029,48543
2024-11-11,GBFXT,port343,Felixstowe,4,6,26412,26412,101560,101560
2024-11-11,INNSA,port776,Mumbai-Jawaharlal Nehru (Nhava Sheva),13,48,155813,476358,90044,130468
2024-11-11,KRPUS,port1065,Busan,33,51,109988,142908,195978,207985
2024-11-11,NLRTM,port1114,Rotterdam,17,83,74960,694431,149803,259931
2024-11-11,PLGDN,port380,Gdansk,1,10,0,13539,3160,49678
2024-11-11,SGSIN,port1201,Singapore,36,147,1064481,1571057,404896,830650
2024-11-11,TRMER,port735,Mersin,6,13,20150,120129,21172,22471
2024-11-11,UAODS,port843,Odessa,0,0,0,0,0,0
2024-11-11,USLGB,port664,Los Angeles-Long Beach,8,14,326104,369978,193186,268883
2024-11-11,USNYC,port815,New York-New Jersey,4,7,75519,87358,21044,21044
2024-11-12,AEJEA,port744,Jebel Ali,14,28,295381,391658,220878,249671
2024-11-12,BRSSZ,port1160,Santos,6,16,34309,133301,6595,364342
2024-11-12,CNSHA,port1188,Shanghai,40,128,289358,782288,340523,902042
2024-11-12,CNSZX,port1414,Yantian,12,14,4316,8445,148714,148714
2024-11-12,DEHAM,port446,Hamburg,9,18,121457,129534,84798,107063
2024-11-12,EGALY,port23,Alexandria,1,10,10184,72459,9279,18678
2024-11-12,GBFXT,port343,Felixstowe,1,5,4459,10000,0,0
2024-11-12,INNSA,port776,Mumbai-Jawaharlal Nehru (Nhava Sheva),9,25,126128,263533,119112,121761
2024-11-12,KRPUS,port1065,Busan,35,62,291451,335529,234011,272723
2024-11-12,NLRTM,port1114,Rotterdam,22,83,265399,797925,198946,336502
2024-11-12,PLGDN,port380,Gdansk,3,16,70079,330751,43777,50048
2024-11-12,SGSIN,port1201,Singapore,33,117,515496,1217040,612974,1008177
2024-11-12,TRMER,port735,Mersin,4,10,23874,28295,55600,68275
2024-11-12,UAODS,port843,Odessa,0,0,0,0,0,0
2024-11-12,USLGB,port664,Los Angeles-Long Beach,3,7,128083,218116,0,7391
2024-11-12,USNYC,port815,New York-New Jersey,4,7,112934,148778,61318,61578
2024-11-13,AEJEA,port744,Jebel Ali,11,22,242275,414321,341645,344729
2024-11-13,BRSSZ,port1160,Santos,9,18,130977,219337,78682,257583
2024-11-13,CNSHA,port1188,Shanghai,46,142,510867,1126551,404478,1182145
2024-11-13,CNSZX,port1414,Yantian,8,8,5418,5418,64652,64652
2024-11-13,DEHAM,port446,Hamburg,8,16,60710,93224,9021,18640
2024-11-13,EGALY,port23,Alexandria,1,6,37471,49630,0,32578
2024-11-13,GBFXT,port343,Felixstowe,3,4,44199,47486,24607,24607
2024-11-13,INNSA,port776,Mumbai-Jawaharlal Nehru (Nhava Sheva),11,23,68531,136668,195593,198404
2024-11-13,KRPUS,port1065,Busan,26,46,66404,102945,181521,187541
2024-11-13,NLRTM,port1114,Rotterdam,18,92,73694,793745,121414,410953
2024-11-13,PLGDN,port380,Gdansk,2,12,17669,169544,10887,30285
2024-11-13,SGSIN,port1201,Singapore,35,116,627413,868788,597873,915066
2024-11-13,TRMER,port735,Mersin,3,11,20108,20674,3255,46929
2024-11-13,UAODS,port843,Odessa,0,0,0,0,0,0
2024-11-13,USLGB,port664,Los Angeles-Long Beach,3,8,303781,421984,33799,40084
2024-11-13,USNYC,port815,New York-New Jersey,7,10,66447,200918,163593,165208
2024-11-14,AEJEA,port744,Jebel Ali,14,25,335466,529742,254626,285340
2024-11-14,BRSSZ,port1160,Santos,3,11,15271,49798,12985,248740
2024-11-14,CNSHA,port1188,Shanghai,36,116,387947,1170671,469857,833072
2024-11-14,CNSZX,port1414,Yantian,12,13,32120,32120,84166,84166
2024-11-14,DEHAM,port446,Hamburg,11,24,201229,336485,143648,183285
2024-11-14,EGALY,port23,Alexandria,4,14,51843,140651,25371,39898
2024-11-14,GBFXT,port343,Felixstowe,3,4,27123,27123,140422,140422
2024-11-14,INNSA,port776,Mumbai-Jawaharlal Nehru (Nhava Sheva),8,20,118733,259577,140285,158297
2024-11-14,KRPUS,port1065,Busan,36,56,121127,148444,161498,168983
2024-11-14,NLRTM,port1114,Rotterdam,22,97,225477,988982,98291,249609
2024-11-14,PLGDN,port380,Gdansk,2,11,13615,132022,0,51622
2024-11-14,SGSIN,port1201,Singapore,40,132,528283,908933,729500,1106935
2024-11-14,TRMER,port735,Mersin,3,7,133094,142429,0,3338
2024-11-14,UAODS,port843,Odessa,0,0,0,0,0,0
2024-11-14,USLGB,port664,Los Angeles-Long Beach,7,10,463757,554652,46376,46376
2024-11-14,USNYC,port815,New York-New Jersey,4,10,84831,146868,0,6928
2024-11-15,AEJEA,port744,Jebel Ali,17,29,258490,367273,223482,309543
2024-11-15,BRSSZ,port1160,Santos,7,17,24812,33684,227945,481449
2024-11-15,CNSHA,port1188,Shanghai,25,50,245699,348868,151007,293683
2024-11-15,CNSZX,port1414,Yantian,9,10,43190,50868,50437,50437
2024-11-15,DEHAM,port446,Hamburg,6,17,99184,200225,38953,47878
2024-11-15,EGALY,port23,Alexandria,3,9,22436,39296,9279,13334
2024-11-15,GBFXT,port343,Felixstowe,3,3,71316,71316,36550,36550
2024-11-15,INNSA,port776,Mumbai-Jawaharlal Nehru (Nhava Sheva),7,27,155743,300877,52768,60300
2024-11-15,KRPUS,port1065,Busan,35,66,182500,254058,231969,246082
2024-11-15,NLRTM,port1114,Rotterdam,19,85,159700,604154,117176,346086
2024-11-15,PLGDN,port380,Gdansk,3,6,61682,165118,13980,46585
2024-11-15,SGSIN,port1201,Singapore,41,123,271683,569787,1053121,1480062
2024-11-15,TRMER,port735,Mersin,4,8,33702,36622,21741,23040
2024-11-15,UAODS,port843,Odessa,0,0,0,0,0,0
2024-11-15,USLGB,port664,Los Angeles-Long Beach,4,9,200159,200159,278981,359966
2024-11-15,USNYC,port815,New York-New Jersey,9,12,231666,300334,27635,27635
2024-11-16,AEJEA,port744,Jebel Ali,14,24,265878,406857,134906,138447
2024-11-16,BRSSZ,port1160,Santos,3,11,56417,56417,39594,211874
2024-11-16,CNSHA,port1188,Shanghai,37,158,455869,1407599,204062,712813
2024-11-16,CNSZX,port1414,Yantian,7,8,50544,55182,39593,39593
2024-11-16,DEHAM,port446,Hamburg,11,16,150471,258018,301693,305789
2024-11-16,EGALY,port23,Alexandria,2,11,10184,133773,35701,37642
2024-11-16,GBFXT,port343,Felixstowe,3,4,106011,107513,4299,4299
2024-11-16,INNSA,port776,Mumbai-Jawaharlal Nehru (Nhava Sheva),8,23,116903,179492,64831,70304
2024-11-16,KRPUS,port1065,Busan,36,58,291353,338573,134110,149388
2024-11-16,NLRTM,port1114,Rotterdam,13,66,103784,661148,96756,179611
2024-11-16,PLGDN,port380,Gdansk,1,5,109940,141000,0,4028
2024-11-16,SGSIN,port1201,Singapore,34,112,328990,930180,723441,969436
2024-11-16,TRMER,port735,Mersin,5,10,51489,75693,9299,14751
2024-11-16,UAODS,port843,Odessa,0,0,0,0,0,0
2024-11-16,USLGB,port664,Los Angeles-Long Beach,2,7,27301,202553,42473,60308
2024-11-16,USNYC,port815,New York-New Jersey,9,12,228188,268005,44471,46086
2024-11-17,AEJEA,port744,Jebel Ali,12,22,160825,276026,292163,310875
2024-11-17,BRSSZ,port1160,Santos,7,21,40240,138500,126300,374586
2024-11-17,CNSHA,port1188,Shanghai,38,75,202816,712730,388612,680641
2024-11-17,CNSZX,port1414,Yantian,10,11,14834,14834,64485,67223
2024-11-17,DEHAM,port446,Hamburg,7,16,61520,87027,70827,117442
2024-11-17,EGALY,port23,Alexandria,2,7,10184,38322,92968,97920
2024-11-17,GBFXT,port343,Felixstowe,0,0,0,0,0,0
2024-11-17,INNSA,port776,Mumbai-Jawaharlal Nehru (Nhava Sheva),10,23,129687,326502,118111,125231
2024-11-17,KRPUS,port1065,Busan,37,60,294599,325027,262237,284810
2024-11-17,NLRTM,port1114,Rotterdam,18,73,67333,754758,267200,376081
2024-11-17,PLGDN,port380,Gdansk,3,10,37838,134511,117984,149818
2024-11-17,SGSIN,port1201,Singapore,36,117,1053385,1507089,839364,1434923
2024-11-17,TRMER,port735,Mersin,6,14,5880,45860,54924,62517
2024-11-17,UAODS,port843,Odessa,0,0,0,0,0,0
2024-11-17,USLGB,port664,Los Angeles-Long Beach,4,5,346218,460832,0,0
2024-11-17,USNYC,port815,New York-New Jersey,5,8,70487,200319,117567,117567
2024-11-18,AEJEA,port744,Jebel Ali,17,31,433695,470682,258226,267949
2024-11-18,BRSSZ,port1160,Santos,4,15,53998,94229,29367,211585
2024-11-18,CNSHA,port1188,Shanghai,39,116,223827,640880,247998,856905
2024-11-18,CNSZX,port1414,Yantian,11,11,39385,39385,108046,108046
2024-11-18,DEHAM,port446,Hamburg,10,16,129421,180592,202115,205980
2024-11-18,EGALY,port23,Alexandria,6,20,125140,305272,34946,41884
2024-11-18,GBFXT,port343,Felixstowe,3,6,34018,34491,0,3410
2024-11-18,INNSA,port776,Mumbai-Jawaharlal Nehru (Nhava Sheva),9,28,94140,210833,60905,80064
2024-11-18,KRPUS,port1065,Busan,38,61,263795,306851,174717,193684
2024-11-18,NLRTM,port1114,Rotterdam,21,85,193480,845605,60166,306137
2024-11-18,PLGDN,port380,Gdansk,3,9,35039,94018,175405,177212
2024-11-18,SGSIN,port1201,Singapore,38,147,578076,1141158,673746,1082975
2024-11-18,TRMER,port735,Mersin,1,5,0,9875,29379,31622
2024-11-18,UAODS,port843,Odessa,0,0,0,0,0,0
2024-11-18,USLGB,port664,Los Angeles-Long Beach,12,25,1066921,1221136,33799,242909
2024-11-18,USNYC,port815,New York-New Jersey,8,9,260696,326104,6333,6333
2024-11-19,AEJEA,port744,Jebel Ali,19,30,182951,266446,388417,390689
2024-11-19,BRSSZ,port1160,Santos,6,18,11515,158526,131369,442446
2024-11-19,CNSHA,port1188,Shanghai,40,157,258593,1314456,333482,797836
2024-11-19,CNSZX,port1414,Yantian,10,10,14288,14288,135618,135618
2024-11-19,DEHAM,port446,Hamburg,12,17,271672,356500,131391,138917
2024-11-19,EGALY,port23,Alexandria,3,13,33735,110917,70744,93223
2024-11-19,GBFXT,port343,Felixstowe,3,6,80736,81341,14314,14314
2024-11-19,INNSA,port776,Mumbai-Jawaharlal Nehru (Nhava Sheva),8,26,74769,183255,93187,99362
2024-11-19,KRPUS,port1065,Busan,32,52,71214,93533,205711,213318
2024-11-19,NLRTM,port1114,Rotterdam,14,85,118063,461733,64029,241308
2024-11-19,PLGDN,port380,Gdansk,0,7,0,38251,0,32371
2024-11-19,SGSIN,port1201,Singapore,45,145,907748,1482479,626771,1153528
2024-11-19,TRMER,port735,Mersin,7,13,0,20897,115801,119180
2024-11-19,UAODS,port843,Odessa,0,0,0,0,0,0
2024-11-19,USLGB,port664,Los Angeles-Long Beach,5,12,365350,371790,102873,111058
2024-11-19,USNYC,port815,New York-New Jersey,9,18,251528,446091,64211,94365
2024-11-20,AEJEA,port744,Jebel Ali,13,22,263761,390233,49124,54829
2024-11-20,BRSSZ,port1160,Santos,7,15,61387,118698,105665,263859
2024-11-20,CNSHA,port1188,Shanghai,33,117,721789,1342849,328019,706055
2024-11-20,CNSZX,port1414,Yantian,12,13,6583,10986,78656,78676
2024-11-20,DEHAM,port446,Hamburg,9,19,143574,192870,163843,234118
2024-11-20,EGALY,port23,Alexandria,6,16,22491,86526,37270,78879
2024-11-20,GBFXT,port343,Felixstowe,3,5,85252,88539,14314,19401
2024-11-20,INNSA,port776,Mumbai-Jawaharlal Nehru (Nhava Sheva),9,27,78794,282321,334102,375300
2024-11-20,KRPUS,port1065,Busan,36,55,210744,227715,218124,250423
2024-11-20,NLRTM,port1114,Rotterdam,13,62,101058,393138,191317,255494
2024-11-20,PLGDN,port380,Gdansk,1,7,0,224185,11353,14969
2024-11-20,SGSIN,port1201,Singapore,47,122,835910,1169192,639630,1022464
2024-11-20,TRMER,port735,Mersin,5,9,121842,123470,16602,16602
2024-11-20,UAODS,port843,Odessa,0,0,0,0,0,0
2024-11-20,USLGB,port664,Los Angeles-Long Beach,7,15,500265,784701,0,52850
2024-11-20,USNYC,port815,New York-New Jersey,7,13,179691,278149,70079,82458
2024-11-21,AEJEA,port744,Jebel Ali,13,26,128501,345749,246408,285407
2024-11-21,BRSSZ,port1160,Santos,5,19,47395,103513,42418,335046
2024-11-21,CNSHA,port1188,Shanghai,37,135,493591,1340739,352950,738687
2024-11-21,CNSZX,port1414,Yantian,10,11,145083,145083,34531,34531
2024-11-21,DEHAM,port446,Hamburg,9,20,135036,174350,131333,152084
2024-11-21,EGALY,port23,Alexandria,4,13,10184,39095,52287,62479
2024-11-21,GBFXT,port343,Felixstowe,5,5,26956,26956,14491,14491
2024-11-21,INNSA,port776,Mumbai-Jawaharlal Nehru (Nhava Sheva),9,25,188230,274849,147856,150852
2024-11-21,KRPUS,port1065,Busan,23,48,116838,141480,158750,175915
2024-11-21,NLRTM,port1114,Rotterdam,23,102,387312,1779836,148521,299464
2024-11-21,PLGDN,port380,Gdansk,1,10,0,5716,7592,15316
2024-11-21,SGSIN,port1201,Singapore,38,114,516464,1161893,662400,996950
2024-11-21,TRMER,port735,Mersin,6,11,57995,61756,28145,33388
2024-11-21,UAODS,port843,Odessa,0,0,0,0,0,0
2024-11-21,USLGB,port664,Los Angeles-Long Beach,7,14,316242,549494,18404,107272
2024-11-21,USNYC,port815,New York-New Jersey,5,8,201949,243867,9211,12442
2024-11-22,AEJEA,port744,Jebel Ali,18,30,486436,557613,160777,210185
2024-11-22,BRSSZ,port1160,Santos,7,17,110979,117318,90371,230643
2024-11-22,CNSHA,port1188,Shanghai,44,134,227111,1032726,441862,1147278
2024-11-22,CNSZX,port1414,Yantian,12,12,2194,2194,141813,141813
2024-11-22,DEHAM,port446,Hamburg,4,14,26675,45414,52960,62448
2024-11-22,EGALY,port23,Alexandria,3,8,10184,87277,51342,59340
2024-11-22,GBFXT,port343,Felixstowe,2,2,71732,71732,0,0
2024-11-22,INNSA,port776,Mumbai-Jawaharlal Nehru (Nhava Sheva),6,19,127113,267435,85650,93363
2024-11-22,KRPUS,port1065,Busan,36,52,252901,283993,169308,176007
2024-11-22,NLRTM,port1114,Rotterdam,10,76,46361,376849,45086,196202
2024-11-22,PLGDN,port380,Gdansk,2,7,88349,123878,0,19801
2024-11-22,SGSIN,port1201,Singapore,32,101,509127,941624,382904,593238
2024-11-22,TRMER,port735,Mersin,4,7,14931,25476,8962,8962
2024-11-22,UAODS,port843,Odessa,0,0,0,0,0,0
2024-11-22,USLGB,port664,Los Angeles-Long Beach,6,11,513812,612604,113344,411151
2024-11-22,USNYC,port815,New York-New Jersey,7,8,88500,90905,138297,138297
2024-11-23,AEJEA,port744,Jebel Ali,16,32,416248,569988,328820,352473
2024-11-23,BRSSZ,port1160,Santos,5,13,43960,133909,63116,192944
2024-11-23,CNSHA,port1188,Shanghai,34,113,476201,1281151,337546,978336
2024-11-23,CNSZX,port1414,Yantian,13,16,51756,59703,105843,105843
2024-11-23,DEHAM,port446,Hamburg,14,22,99977,100391,201694,223792
2024-11-23,EGALY,port23,Alexandria,4,10,0,9291,43186,52109
2024-11-23,GBFXT,port343,Felixstowe,0,0,0,0,0,0
2024-11-23,INNSA,port776,Mumbai-Jawaharlal Nehru (Nhava Sheva),5,25,178483,433399,98755,163756
2024-11-23,KRPUS,port1065,Busan,38,59,264008,286944,210012,222607
2024-11-23,NLRTM,port1114,Rotterdam,19,97,72670,321774,67105,195232
2024-11-23,PLGDN,port380,Gdansk,2,8,13844,221243,0,1055
2024-11-23,SGSIN,port1201,Singapore,39,124,602542,1058048,654369,1169747
2024-11-23,TRMER,port735,Mersin,4,15,5351,32774,15542,28791
2024-11-23,UAODS,port843,Odessa,0,0,0,0,0,0
2024-11-23,USLGB,port664,Los Angeles-Long Beach,3,10,253557,381538,25151,174757
2024-11-23,USNYC,port815,New York-New Jersey,4,12,32133,234847,70720,70720
2024-11-24,AEJEA,port744,Jebel Ali,12,19,72768,128979,342655,414157
2024-11-24,BRSSZ,port1160,Santos,4,9,1819,8695,71802,225061
2024-11-24,CNSHA,port1188,Shanghai,36,110,282675,853798,296930,479562
2024-11-24,CNSZX,port1414,Yantian,8,8,55001,55001,66697,66697
2024-11-24,DEHAM,port446,Hamburg,7,10,90289,143768,142578,145349
2024-11-24,EGALY,port23,Alexandria,0,1,0,1852,0,0
2024-11-24,GBFXT,port343,Felixstowe,0,0,0,0,0,0
2024-11-24,INNSA,port776,Mumbai-Jawaharlal Nehru (Nhava Sheva),10,18,211913,399076,12126,12655
2024-11-24,KRPUS,port1065,Busan,30,57,173176,212711,163038,180336
2024-11-24,NLRTM,port1114,Rotterdam,14,63,41563,641022,203089,353381
2024-11-24,PLGDN,port380,Gdansk,3,6,56699,57849,22616,23648
2024-11-24,SGSIN,port1201,Singapore,37,118,535438,1063143,878956,1130250
2024-11-24,TRMER,port735,Mersin,4,9,11937,23030,72504,80374
2024-11-24,UAODS,port843,Odessa,0,0,0,0,0,0
2024-11-24,USLGB,port664,Los Angeles-Long Beach,3,5,107755,186677,62731,62731
2024-11-24,USNYC,port815,New York-New Jersey,6,9,92860,130054,0,34344
2024-11-25,AEJEA,port744,Jebel Ali,16,24,317386,379014,624551,626937
2024-11-25,BRSSZ,port1160,Santos,5,17,88014,254881,51408,331887
2024-11-25,CNSHA,port1188,Shanghai,38,103,215525,888666,401447,827310
2024-11-25,CNSZX,port1414,Yantian,11,11,8169,8169,122468,122468
2024-11-25,DEHAM,port446,Hamburg,12,17,60589,61528,150698,165950
2024-11-25,EGALY,port23,Alexandria,0,6,0,7136,0,6188
2024-11-25,GBFXT,port343,Felixstowe,4,8,16762,21379,70633,70691
2024-11-25,INNSA,port776,Mumbai-Jawaharlal Nehru (Nhava Sheva),6,28,84852,169607,15112,56397
2024-11-25,KRPUS,port1065,Busan,30,46,145864,199143,173284,179316
2024-11-25,NLRTM,port1114,Rotterdam,16,73,355293,879404,34747,99841
2024-11-25,PLGDN,port380,Gdansk,2,7,35039,258349,19899,21798
2024-11-25,SGSIN,port1201,Singapore,32,129,902454,1334674,411041,818103
2024-11-25,TRMER,port735,Mersin,4,10,11662,33772,35970,44617
2024-11-25,UAODS,port843,Odessa,0,0,0,0,0,0
2024-11-25,USLGB,port664,Los Angeles-Long Beach,10,13,851708,918730,0,25192
2024-11-25,USNYC,port815,New York-New Jersey,5,11,158018,196342,40452,58791
2024-11-26,AEJEA,port744,Jebel Ali,12,26,245000,402885,420976,424913
2024-11-26,BRSSZ,port1160,Santos,5,13,53063,120486,27855,181864
2024-11-26,CNSHA,port1188,Shanghai,38,105,268593,621502,281257,761054
2024-11-26,CNSZX,port1414,Yantian,9,10,4882,4882,142685,142685
2024-11-26,DEHAM,port446,Hamburg,9,16,83514,87015,121028,141814
2024-11-26,EGALY,port23,Alexandria,7,18,49586,162086,90838,115363
2024-11-26,GBFXT,port343,Felixstowe,2,4,2487,2487,268820,268820
2024-11-26,INNSA,port776,Mumbai-Jawaharlal Nehru (Nhava Sheva),10,19,148033,343019,173948,176854
2024-11-26,KRPUS,port1065,Busan,33,45,105666,119747,140290,159111
2024-11-26,NLRTM,port1114,Rotterdam,21,111,114714,368761,197488,338380
2024-11-26,PLGDN,port380,Gdansk,3,11,14247,221534,129870,145858
2024-11-26,SGSIN,port1201,Singapore,44,114,574315,1092896,806493,1003068
2024-11-26,TRMER,port735,Mersin,5,12,75905,95366,8680,9214
2024-11-26,UAODS,port843,Odessa,0,0,0,0,0,0
2024-11-26,USLGB,port664,Los Angeles-Long Beach,5,10,307758,387405,123620,124567
2024-11-26,USNYC,port815,New York-New Jersey,6,8,170192,230413,117409,120028
2024-11-27,AEJEA,port744,Jebel Ali,10,16,230485,311414,167001,169234
2024-11-27,BRSSZ,port1160,Santos,7,12,151297,199045,79155,253285
2024-11-27,CNSHA,port1188,Shanghai,31,95,283999,801561,330221,656776
2024-11-27,CNSZX,port1414,Yantian,10,11,5164,5164,80199,80969
2024-11-27,DEHAM,port446,Hamburg,9,21,36566,130669,132870,171581
2024-11-27,EGALY,port23,Alexandria,5,15,59027,120538,112956,149782
2024-11-27,GBFXT,port343,Felixstowe,3,4,60734,64617,30051,30051
2024-11-27,INNSA,port776,Mumbai-Jawaharlal Nehru (Nhava Sheva),9,25,59032,191925,118490,143522
2024-11-27,KRPUS,port1065,Busan,28,52,189397,214496,121859,163284
2024-11-27,NLRTM,port1114,Rotterdam,13,69,68148,523913,149697,260927
2024-11-27,PLGDN,port380,Gdansk,3,14,14411,57770,14743,44107
2024-11-27,SGSIN,port1201,Singapore,41,119,621261,985268,504750,739763
2024-11-27,TRMER,port735,Mersin,1,8,13320,25857,0,12839
2024-11-27,UAODS,port843,Odessa,0,0,0,0,0,0
2024-11-27,USLGB,port664,Los Angeles-Long Beach,8,14,576513,621120,161441,220532
2024-11-27,USNYC,port815,New York-New Jersey,6,11,193550,316619,19432,60315
2024-11-28,AEJEA,port744,Jebel Ali,16,27,348323,379325,170727,181865
2024-11-28,BRSSZ,port1160,Santos,6,18,38606,124455,60858,459666
2024-11-28,CNSHA,port1188,Shanghai,34,110,230363,1097802,420408,970143
2024-11-28,CNSZX,port1414,Yantian,9,10,19615,19615,102535,102535
2024-11-28,DEHAM,port446,Hamburg,7,14,24055,31540,88344,96743
2024-11-28,EGALY,port23,Alexandria,2,14,120719,249559,13067,24955
2024-11-28,GBFXT,port343,Felixstowe,5,8,94334,101196,16283,16600
2024-11-28,INNSA,port776,Mumbai-Jawaharlal Nehru (Nhava Sheva),9,33,32316,205497,154340,156359
2024-11-28,KRPUS,port1065,Busan,33,52,73192,132198,186317,212400
2024-11-28,NLRTM,port1114,Rotterdam,22,93,213108,927833,96744,207195
2024-11-28,PLGDN,port380,Gdansk,0,11,0,215749,0,5913
2024-11-28,SGSIN,port1201,Singapore,40,120,697185,915414,679714,1127930
2024-11-28,TRMER,port735,Mersin,4,9,0,20649,28485,34088
2024-11-28,UAODS,port843,Odessa,0,0,0,0,0,0
2024-11-28,USLGB,port664,Los Angeles-Long Beach,1,3,0,58237,163887,172933
2024-11-28,USNYC,port815,New York-New Jersey,2,4,104942,143859,0,0
2024-11-29,AEJEA,port744,Jebel Ali,14,22,184716,301029,372699,401705
2024-11-29,BRSSZ,port1160,Santos,5,10,147562,227238,54061,165978
2024-11-29,CNSHA,port1188,Shanghai,41,135,330859,751258,487994,777067
2024-11-29,CNSZX,port1414,Yantian,5,5,1106,1106,38198,38198
2024-11-29,DEHAM,port446,Hamburg,10,14,134858,215810,148418,149252
2024-11-29,EGALY,port23,Alexandria,4,16,31271,141855,14773,35567
2024-11-29,GBFXT,port343,Felixstowe,2,3,60016,60910,0,0
2024-11-29,INNSA,port776,Mumbai-Jawaharlal Nehru (Nhava Sheva),12,24,146804,403263,128660,129189
2024-11-29,KRPUS,port1065,Busan,29,56,92841,130472,134654,146002
2024-11-29,NLRTM,port1114,Rotterdam,23,95,150499,830809,146827,243407
2024-11-29,PLGDN,port380,Gdansk,4,12,166759,308874,16139,18459
2024-11-29,SGSIN,port1201,Singapore,42,133,361629,906335,866426,1198004
2024-11-29,TRMER,port735,Mersin,4,10,11937,12894,31399,65613
2024-11-29,UAODS,port843,Odessa,0,0,0,0,0,0
2024-11-29,USLGB,port664,Los Angeles-Long Beach,8,14,577480,591311,409094,426895
2024-11-29,USNYC,port815,New York-New Jersey,8,15,73144,272720,33901,33901
2024-11-30,AEJEA,port744,Jebel Ali,10,17,357656,483505,90663,92240
2024-11-30,BRSSZ,port1160,Santos,5,15,17581,18416,89361,434563
2024-11-30,CNSHA,port1188,Shanghai,42,150,258489,1196967,254705,467996
2024-11-30,CNSZX,port1414,Yantian,12,13,26729,30204,155684,155684
2024-11-30,DEHAM,port446,Hamburg,7,16,41779,49880,78071,102794
2024-11-30,EGALY,port23,Alexandria,5,15,46415,117381,31027,39357
2024-11-30,GBFXT,port343,Felixstowe,1,1,18976,18976,0,0
2024-11-30,INNSA,port776,Mumbai-Jawaharlal Nehru (Nhava Sheva),6,24,38736,146573,167811,257181
2024-11-30,KRPUS,port1065,Busan,34,56,121597,167070,229460,243171
2024-11-30,NLRTM,port1114,Rotterdam,17,77,189413,649840,75541,236998
2024-11-30,PLGDN,port380,Gdansk,1,7,0,210686,14809,23330
2024-11-30,SGSIN,port1201,Singapore,40,118,839193,1280962,570947,923131
2024-11-30,TRMER,port735,Mersin,4,10,11937,18321,84999,87051
2024-11-30,UAODS,port843,Odessa,0,0,0,0,0,0
2024-11-30,USLGB,port664,Los Angeles-Long Beach,1,6,23895,203126,0,64280
2024-11-30,USNYC,port815,New York-New Jersey,6,9,179050,249262,17002,17002
2024-12-01,AEJEA,port744,Jebel Ali,13,25,305551,353948,146798,154462
2024-12-01,BRSSZ,port1160,Santos,5,13,183083,215046,18714,55982
2024-12-01,CNSHA,port1188,Shanghai,39,110,301013,583251,283117,685534
2024-12-01,CNSZX,port1414,Yantian,12,13,12068,12068,121081,121081
2024-12-01,DEHAM,port446,Hamburg,9,15,104047,106214,77869,106297
2024-12-01,EGALY,port23,Alexandria,5,9,17940,20831,45546,51298
2024-12-01,GBFXT,port343,Felixstowe,3,3,45042,45042,0,0
2024-12-01,INNSA,port776,Mumbai-Jawaharlal Nehru (Nhava Sheva),10,22,189997,218888,112101,115984
2024-12-01,KRPUS,port1065,Busan,29,53,110653,158117,96462,110649
2024-12-01,NLRTM,port1114,Rotterdam,16,82,97464,478275,45395,104585
2024-12-01,PLGDN,port380,Gdansk,5,8,195226,303916,22733,22733
2024-12-01,SGSIN,port1201,Singapore,34,111,666332,1502048,509376,741703
2024-12-01,TRMER,port735,Mersin,1,9,1660,64383,0,6388
2024-12-01,UAODS,port843,Odessa,0,0,0,0,0,0
2024-12-01,USLGB,port664,Los Angeles-Long Beach,9,13,707495,850422,305200,305200
2024-12-01,USNYC,port815,New York-New Jersey,7,11,127665,254964,99274,99274
2024-12-02,AEJEA,port744,Jebel Ali,11,19,164707,361701,146683,147819
2024-12-02,BRSSZ,port1160,Santos,3,16,0,63485,71816,449184
2024-12-02,CNSHA,port1188,Shanghai,39,118,379215,1161455,338945,605543
2024-12-02,CNSZX,port1414,Yantian,12,13,4055,4055,122256,122256
2024-12-02,DEHAM,port446,Hamburg,16,23,139343,194873,190453,192283
2024-12-02,EGALY,port23,Alexandria,2,9,0,66770,19731,48927
2024-12-02,GBFXT,port343,Felixstowe,5,7,94493,94493,15287,15287
2024-12-02,INNSA,port776,Mumbai-Jawaharlal Nehru (Nhava Sheva),6,22,44110,235298,87204,112784
2024-12-02,KRPUS,port1065,Busan,33,64,162774,203902,152381,201403
2024-12-02,NLRTM,port1114,Rotterdam,29,99,179853,1069789,304452,371783
2024-12-02,PLGDN,port380,Gdansk,2,11,611,135766,165592,169476
2024-12-02,SGSIN,port1201,Singapore,37,151,501858,1068800,632923,1285053
2024-12-02,TRMER,port735,Mersin,1,5,0,4020,2948,2948
2024-12-02,UAODS,port843,Odessa,0,0,0,0,0,0
2024-12-02,USLGB,port664,Los Angeles-Long Beach,3,10,158452,258975,0,36086
2024-12-02,USNYC,port815,New York-New Jersey,10,15,156709,255770,102655,104585
2024-12-03,AEJEA,port744,Jebel Ali,16,26,463235,536625,255576,287503
2024-12-03,BRSSZ,port1160,Santos,7,14,11729,19899,154950,363143
2024-12-03,CNSHA,port1188,Shanghai,36,130,220321,848021,270829,749698
2024-12-03,CNSZX,port1414,Yantian,8,8,6950,6950,68546,68546
2024-12-03,DEHAM,port446,Hamburg,5,8,49671,50525,32610,32610
2024-12-03,EGALY,port23,Alexandria,4,11,8970,110795,87001,88272
2024-12-03,GBFXT,port343,Felixstowe,2,4,57046,57046,5803,5803
2024-12-03,INNSA,port776,Mumbai-Jawaharlal Nehru (Nhava Sheva),9,26,153380,236047,41109,50844
2024-12-03,KRPUS,port1065,Busan,35,48,166854,203306,141543,152637
2024-12-03,NLRTM,port1114,Rotterdam,17,92,53290,948695,138701,400849
2024-12-03,PLGDN,port380,Gdansk,3,8,71531,142532,38437,81296
2024-12-03,SGSIN,port1201,Singapore,42,111,751458,1067285,764424,1086744
2024-12-03,TRMER,port735,Mersin,4,10,28877,31522,41809,43383
2024-12-03,UAODS,port843,Odessa,0,0,0,0,0,0
2024-12-03,USLGB,port664,Los Angeles-Long Beach,2,9,48833,96762,0,8054
2024-12-03,USNYC,port815,New York-New Jersey,5,8,169112,309219,29034,29034
2024-12-04,AEJEA,port744,Jebel Ali,15,21,334632,461889,316266,317843
2024-12-04,BRSSZ,port1160,Santos,4,10,66427,102418,3258,14369
2024-12-04,CNSHA,port1188,Shanghai,36,138,553594,1528171,358687,674174
2024-12-04,CNSZX,port1414,Yantian,9,10,61229,67037,97668,97668
2024-12-04,DEHAM,port446,Hamburg,13,25,155766,224250,98939,112891
2024-12-04,EGALY,port23,Alexandria,5,11,32359,63461,63557,74818
2024-12-04,GBFXT,port343,Felixstowe,3,4,44079,46844,22380,22380
2024-12-04,INNSA,port776,Mumbai-Jawaharlal Nehru (Nhava Sheva),10,22,71874,140199,115912,133924
2024-12-04,KRPUS,port1065,Busan,22,42,206513,244860,91037,97429
2024-12-04,NLRTM,port1114,Rotterdam,17,89,111881,715696,78630,329047
2024-12-04,PLGDN,port380,Gdansk,3,12,22665,483094,0,2253
2024-12-04,SGSIN,port1201,Singapore,36,122,436440,1038961,573856,945700
2024-12-04,TRMER,port735,Mersin,2,4,25092,25092,10051,13871
2024-12-04,UAODS,port843,Odessa,0,0,0,0,0,0
2024-12-04,USLGB,port664,Los Angeles-Long Beach,8,14,620980,756647,40263,146187
2024-12-04,USNYC,port815,New York-New Jersey,4,7,95583,134632,0,0
2024-12-05,AEJEA,port744,Jebel Ali,14,31,159620,302736,296369,343010
2024-12-05,BRSSZ,port1160,Santos,6,19,23458,40795,95118,343285
2024-12-05,CNSHA,port1188,Shanghai,31,136,397596,1200806,281566,871072
2024-12-05,CNSZX,port1414,Yantian,11,12,37217,37217,96357,96357
2024-12-05,DEHAM,port446,Hamburg,9,17,73671,195777,74262,78891
2024-12-05,EGALY,port23,Alexandria,4,10,141118,150285,8948,12089
2024-12-05,GBFXT,port343,Felixstowe,2,3,20190,20190,15241,15241
2024-12-05,INNSA,port776,Mumbai-Jawaharlal Nehru (Nhava Sheva),11,20,117401,234053,249493,252333
2024-12-05,KRPUS,port1065,Busan,35,53,163456,190933,158955,168200
2024-12-05,NLRTM,port1114,Rotterdam,17,97,375300,1011044,85343,247602
2024-12-05,PLGDN,port380,Gdansk,3,11,5090,12620,60682,66898
2024-12-05,SGSIN,port1201,Singapore,41,117,703440,1283912,832572,1310305
2024-12-05,TRMER,port735,Mersin,5,12,21521,25092,21773,36242
2024-12-05,UAODS,port843,Odessa,0,0,0,0,0,0
2024-12-05,USLGB,port664,Los Angeles-Long Beach,7,10,322111,366948,239162,313637
2024-12-05,USNYC,port815,New York-New Jersey,6,11,96499,172984,60832,62340
2024-12-06,AEJEA,port744,Jebel Ali,18,29,445779,474318,316440,335257
2024-12-06,BRSSZ,port1160,Santos,5,11,121155,270216,27138,112224
2024-12-06,CNSHA,port1188,Shanghai,36,137,240212,1277708,321817,962715
2024-12-06,CNSZX,port1414,Yantian,13,13,8395,8395,179605,179605
2024-12-06,DEHAM,port446,Hamburg,4,10,118089,219904,15477,24394
2024-12-06,EGALY,port23,Alexandria,2,5,33229,66270,8099,8735
2024-12-06,GBFXT,port343,Felixstowe,1,1,47896,47896,0,0
2024-12-06,INNSA,port776,Mumbai-Jawaharlal Nehru (Nhava Sheva),8,20,163226,263687,54001,115944
2024-12-06,KRPUS,port1065,Busan,36,50,189581,202873,169061,180259
2024-12-06,NLRTM,port1114,Rotterdam,15,67,188949,514670,59256,165405
2024-12-06,PLGDN,port380,Gdansk,3,13,193685,504882,12850,19408
2024-12-06,SGSIN,port1201,Singapore,36,111,635714,1181688,497015,770560
2024-12-06,TRMER,port735,Mersin,2,8,33235,68917,42217,49362
2024-12-06,UAODS,port843,Odessa,0,0,0,0,0,0
2024-12-06,USLGB,port664,Los Angeles-Long Beach,4,12,348208,648875,14622,25507
2024-12-06,USNYC,port815,New York-New Jersey,10,14,267507,321438,22650,54527
2024-12-07,AEJEA,port744,Jebel Ali,18,29,248645,457427,227235,227632
2024-12-07,BRSSZ,port1160,Santos,7,11,102105,119676,133132,277902
2024-12-07,CNSHA,port1188,Shanghai,41,129,269272,609075,364234,1028483
2024-12-07,CNSZX,port1414,Yantian,10,10,53249,53249,90835,90835
2024-12-07,DEHAM,port446,Hamburg,9,15,160377,171505,140017,145539
2024-12-07,EGALY,port23,Alexandria,3,10,38575,72063,16199,22045
2024-12-07,GBFXT,port343,Felixstowe,0,0,0,0,0,0
2024-12-07,INNSA,port776,Mumbai-Jawaharlal Nehru (Nhava Sheva),7,24,217455,447559,96231,141515
2024-12-07,KRPUS,port1065,Busan,39,63,130432,192544,169207,181903
2024-12-07,NLRTM,port1114,Rotterdam,15,84,189929,705465,69356,202769
2024-12-07,PLGDN,port380,Gdansk,3,8,15600,124330,55417,71423
2024-12-07,SGSIN,port1201,Singapore,41,130,726963,1115349,814395,1299863
2024-12-07,TRMER,port735,Mersin,5,16,82651,102163,39766,82089
2024-12-07,UAODS,port843,Odessa,0,0,0,0,0,0
2024-12-07,USLGB,port664,Los Angeles-Long Beach,8,12,473865,519234,228389,246189
2024-12-07,USNYC,port815,New York-New Jersey,5,11,185459,427655,12121,12121
2024-12-08,AEJEA,port744,Jebel Ali,13,22,223117,316954,167542,171409
2024-12-08,BRSSZ,port1160,Santos,5,15,87164,158866,55376,259505
2024-12-08,CNSHA,port1188,Shanghai,40,136,404049,943744,280756,841850
2024-12-08,CNSZX,port1414,Yantian,12,12,13367,13367,157683,157683
2024-12-08,DEHAM,port446,Hamburg,9,18,171999,236357,47168,70446
2024-12-08,EGALY,port23,Alexandria,3,6,146465,149281,22438,23074
2024-12-08,GBFXT,port343,Felixstowe,2,3,95594,96181,15241,15241
2024-12-08,INNSA,port776,Mumbai-Jawaharlal Nehru (Nhava Sheva),7,19,80457,153628,76475,80245
2024-12-08,KRPUS,port1065,Busan,32,61,143086,198082,219166,229457
2024-12-08,NLRTM,port1114,Rotterdam,11,59,22700,430509,148258,216912
2024-12-08,PLGDN,port380,Gdansk,2,9,14120,46887,12724,35293
2024-12-08,SGSIN,port1201,Singapore,38,107,771219,1187853,740824,894454
2024-12-08,TRMER,port735,Mersin,3,6,44801,74667,14126,14126
2024-12-08,UAODS,port843,Odessa,0,0,0,0,0,0
2024-12-08,USLGB,port664,Los Angeles-Long Beach,5,9,262458,274470,0,74641
2024-12-08,USNYC,port815,New York-New Jersey,4,7,81223,81223,10863,11382
2024-12-09,AEJEA,port744,Jebel Ali,17,26,397375,451662,189006,195007
2024-12-09,BRSSZ,port1160,Santos,4,14,65352,215940,51215,195932
2024-12-09,CNSHA,port1188,Shanghai,35,135,637477,1533658,184910,750041
2024-12-09,CNSZX,port1414,Yantian,13,14,54224,54224,126917,126917
2024-12-09,DEHAM,port446,Hamburg,12,17,164869,171794,190282,242047
2024-12-09,EGALY,port23,Alexandria,3,12,60008,156414,4440,21417
2024-12-09,GBFXT,port343,Felixstowe,1,3,0,0,117665,117665
2024-12-09,INNSA,port776,Mumbai-Jawaharlal Nehru (Nhava Sheva),8,26,107358,207743,96570,119724
2024-12-09,KRPUS,port1065,Busan,32,51,228420,253362,140905,149662
2024-12-09,NLRTM,port1114,Rotterdam,13,60,116342,238099,18692,75161
2024-12-09,PLGDN,port380,Gdansk,3,10,24295,44608,14321,17259
2024-12-09,SGSIN,port1201,Singapore,27,122,851033,1282354,444983,952841
2024-12-09,TRMER,port735,Mersin,4,11,0,43911,19364,23981
2024-12-09,UAODS,port843,Odessa,0,0,0,0,0,0
2024-12-09,USLGB,port664,Los Angeles-Long Beach,9,14,691201,785041,85528,93345
2024-12-09,USNYC,port815,New York-New Jersey,5,11,63584,214140,111830,111830
2024-12-10,AEJEA,port744,Jebel Ali,13,22,150710,215891,365875,368040
2024-12-10,BRSSZ,port1160,Santos,7,16,0,89491,180367,430447
2024-12-10,CNSHA,port1188,Shanghai,34,134,336554,1075449,306758,821605
2024-12-10,CNSZX,port1414,Yantian,13,13,2576,2576,148745,148745
2024-12-10,DEHAM,port446,Hamburg,9,13,148883,219931,183028,185321
2024-12-10,EGALY,port23,Alexandria,4,11,5298,82280,145536,161173
2024-12-10,GBFXT,port343,Felixstowe,1,3,32694,34941,0,0
2024-12-10,INNSA,port776,Mumbai-Jawaharlal Nehru (Nhava Sheva),5,18,30832,118420,85414,107296
2024-12-10,KRPUS,port1065,Busan,34,56,217404,248946,140355,159470
2024-12-10,NLRTM,port1114,Rotterdam,17,74,54084,401722,205140,270563
2024-12-10,PLGDN,port380,Gdansk,3,6,91391,181289,27220,33003
2024-12-10,SGSIN,port1201,Singapore,41,130,988958,1378865,568672,1023632
2024-12-10,TRMER,port735,Mersin,2,9,5166,8476,0,11353
2024-12-10,UAODS,port843,Odessa,0,0,0,0,0,0
2024-12-10,USLGB,port664,Los Angeles-Long Beach,3,10,159219,197675,0,138039
2024-12-10,USNYC,port815,New York-New Jersey,5,10,170377,240529,8636,9315
2024-12-11,AEJEA,port744,Jebel Ali,14,25,259251,380890,249638,256168
2024-12-11,BRSSZ,port1160,Santos,6,11,35793,70988,117642,197560
2024-12-11,CNSHA,port1188,Shanghai,33,115,138953,949960,330504,941873
2024-12-11,CNSZX,port1414,Yantian,12,13,53492,57092,115868,115868
2024-12-11,DEHAM,port446,Hamburg,6,12,30714,175813,122032,125324
2024-12-11,EGALY,port23,Alexandria,2,8,17940,74812,16199,57335
2024-12-11,GBFXT,port343,Felixstowe,2,6,15174,22453,13420,15365
2024-12-11,INNSA,port776,Mumbai-Jawaharlal Nehru (Nhava Sheva),10,31,80658,418306,237930,253030
2024-12-11,KRPUS,port1065,Busan,27,46,56861,101796,132056,148912
2024-12-11,NLRTM,port1114,Rotterdam,20,86,384795,1204426,165939,327038
2024-12-11,PLGDN,port380,Gdansk,1,10,7451,118515,0,19981
2024-12-11,SGSIN,port1201,Singapore,34,131,309240,931772,866856,1251697
2024-12-11,TRMER,port735,Mersin,3,9,32128,34096,27742,30764
2024-12-11,UAODS,port843,Odessa,0,0,0,0,0,0
2024-12-11,USLGB,port664,Los Angeles-Long Beach,5,14,311107,477595,175999,193800
2024-12-11,USNYC,port815,New York-New Jersey,3,9,67559,163671,84328,84328
2024-12-12,AEJEA,port744,Jebel Ali,9,21,241421,367007,75824,94542
2024-12-12,BRSSZ,port1160,Santos,7,16,152161,152161,1266,150191
2024-12-12,CNSHA,port1188,Shanghai,37,108,461153,920653,194728,618872
2024-12-12,CNSZX,port1414,Yantian,10,11,30552,30552,118535,118535
2024-12-12,DEHAM,port446,Hamburg,12,20,133413,176348,224354,230336
2024-12-12,EGALY,port23,Alexandria,1,6,0,6699,23805,28170
2024-12-12,GBFXT,port343,Felixstowe,3,3,136961,136961,184525,184525
2024-12-12,INNSA,port776,Mumbai-Jawaharlal Nehru (Nhava Sheva),10,23,151953,230231,85514,86105
2024-12-12,KRPUS,port1065,Busan,44,63,296263,321859,370298,375574
2024-12-12,NLRTM,port1114,Rotterdam,21,93,101936,882257,74236,355393
2024-12-12,PLGDN,port380,Gdansk,2,10,17182,158756,23581,30081
2024-12-12,SGSIN,port1201,Singapore,39,129,894898,1559225,723580,1040972
2024-12-12,TRMER,port735,Mersin,3,9,0,20820,14057,17454
2024-12-12,UAODS,port843,Odessa,0,0,0,0,0,0
2024-12-12,USLGB,port664,Los Angeles-Long Beach,6,10,261055,409638,160020,167411
2024-12-12,USNYC,port815,New York-New Jersey,4,5,117397,117397,8636,8636
2024-12-13,AEJEA,port744,Jebel Ali,17,27,259156,343565,227327,231341
2024-12-13,BRSSZ,port1160,Santos,4,12,89770,132876,79470,229055
2024-12-13,CNSHA,port1188,Shanghai,32,106,178518,710699,229646,679443
2024-12-13,CNSZX,port1414,Yantian,10,10,9539,9539,80733,80733
2024-12-13,DEHAM,port446,Hamburg,11,18,248977,251850,60492,70677
2024-12-13,EGALY,port23,Alexandria,5,11,17659,83370,24766,29718
2024-12-13,GBFXT,port343,Felixstowe,3,3,29089,29089,13476,13476
2024-12-13,INNSA,port776,Mumbai-Jawaharlal Nehru (Nhava Sheva),6,19,98690,115879,33389,50085
2024-12-13,KRPUS,port1065,Busan,28,48,167363,184387,220722,231244
2024-12-13,NLRTM,port1114,Rotterdam,21,94,230589,678757,228625,322542
2024-12-13,PLGDN,port380,Gdansk,2,7,5567,243945,37451,37451
2024-12-13,SGSIN,port1201,Singapore,39,129,588532,1216538,788956,1137873
2024-12-13,TRMER,port735,Mersin,4,10,16693,25716,58586,63328
2024-12-13,UAODS,port843,Odessa,0,0,0,0,0,0
2024-12-13,USLGB,port664,Los Angeles-Long Beach,4,8,229071,238446,80370,179290
2024-12-13,USNYC,port815,New York-New Jersey,6,14,54358,237772,8456,8456
2024-12-14,AEJEA,port744,Jebel Ali,13,23,327386,414828,166652,213156
2024-12-14,BRSSZ,port1160,Santos,7,15,58770,206640,88642,214657
2024-12-14,CNSHA,port1188,Shanghai,37,117,350183,1492765,281495,925270
2024-12-14,CNSZX,port1414,Yantian,12,14,62628,62628,62384,63001
2024-12-14,DEHAM,port446,Hamburg,7,17,91793,101613,9099,17597
2024-12-14,EGALY,port23,Alexandria,3,10,18265,25685,87984,97625
2024-12-14,GBFXT,port343,Felixstowe,3,3,29870,29870,15241,15241
2024-12-14,INNSA,port776,Mumbai-Jawaharlal Nehru (Nhava Sheva),10,27,66830,342162,137226,158156
2024-12-14,KRPUS,port1065,Busan,30,42,164682,187641,159422,162958
2024-12-14,NLRTM,port1114,Rotterdam,20,87,210030,939192,54008,211850
2024-12-14,PLGDN,port380,Gdansk,3,9,34940,181782,15031,48462
2024-12-14,SGSIN,port1201,Singapore,44,127,1056723,1902573,587045,788376
2024-12-14,TRMER,port735,Mersin,6,13,0,2581,38254,40471
2024-12-14,UAODS,port843,Odessa,0,0,0,0,0,0
2024-12-14,USLGB,port664,Los Angeles-Long Beach,7,10,369209,427446,381841,591929
2024-12-14,USNYC,port815,New York-New Jersey,9,15,70301,229227,170865,202593
2024-12-15,AEJEA,port744,Jebel Ali,13,24,155348,326771,143201,149030
2024-12-15,BRSSZ,port1160,Santos,5,16,60818,87590,85186,245424
2024-12-15,CNSHA,port1188,Shanghai,38,118,327764,910613,259302,713619
2024-12-15,CNSZX,port1414,Yantian,16,18,18375,24163,138810,138938
2024-12-15,DEHAM,port446,Hamburg,9,19,275255,512661,38587,43030
2024-12-15,EGALY,port23,Alexandria,3,8,8970,62823,115509,120487
2024-12-15,GBFXT,port343,Felixstowe,1,3,7934,11797,0,0
2024-12-15,INNSA,port776,Mumbai-Jawaharlal Nehru (Nhava Sheva),9,24,181558,279497,47053,71592
2024-12-15,KRPUS,port1065,Busan,32,50,151879,194726,206458,215526
2024-12-15,NLRTM,port1114,Rotterdam,16,66,195613,918271,197811,239659
2024-12-15,PLGDN,port380,Gdansk,2,10,16272,170716,99647,111806
2024-12-15,SGSIN,port1201,Singapore,42,121,503611,1734382,836291,1125716
2024-12-15,TRMER,port735,Mersin,3,6,47358,49833,9247,18969
2024-12-15,UAODS,port843,Odessa,0,0,0,0,0,0
2024-12-15,USLGB,port664,Los Angeles-Long Beach,6,14,487223,501789,0,1402
2024-12-15,USNYC,port815,New York-New Jersey,4,10,32874,115675,18315,49723
2024-12-16,AEJEA,port744,Jebel Ali,16,31,364205,523398,298170,321211
2024-12-16,BRSSZ,port1160,Santos,8,17,158960,187397,50920,223366
2024-12-16,CNSHA,port1188,Shanghai,40,114,369830,1016213,336247,687728
2024-12-16,CNSZX,port1414,Yantian,9,10,30683,38534,68654,68654
2024-12-16,DEHAM,port446,Hamburg,4,11,14056,15686,35794,54593
2024-12-16,EGALY,port23,Alexandria,4,15,72600,113042,10758,45308
2024-12-16,GBFXT,port343,Felixstowe,3,7,37411,40246,38881,42024
2024-12-16,INNSA,port776,Mumbai-Jawaharlal Nehru (Nhava Sheva),11,33,235225,641771,36511,98826
2024-12-16,KRPUS,port1065,Busan,28,55,178401,212302,255129,269970
2024-12-16,NLRTM,port1114,Rotterdam,21,89,338825,957869,57178,199205
2024-12-16,PLGDN,port380,Gdansk,0,3,0,870,0,2955
2024-12-16,SGSIN,port1201,Singapore,39,137,896582,1424312,744468,1163053
2024-12-16,TRMER,port735,Mersin,0,6,0,11116,0,8074
2024-12-16,UAODS,port843,Odessa,0,0,0,0,0,0
2024-12-16,USLGB,port664,Los Angeles-Long Beach,6,10,319777,520386,0,11154
2024-12-16,USNYC,port815,New York-New Jersey,6,10,172130,225166,25321,25321
2024-12-17,AEJEA,port744,Jebel Ali,9,22,213632,292546,101401,117667
2024-12-17,BRSSZ,port1160,Santos,6,18,141338,192432,14425,169413
2024-12-17,CNSHA,port1188,Shanghai,40,120,336505,1068583,301167,669180
2024-12-17,CNSZX,port1414,Yantian,9,10,7486,7486,105444,107394
2024-12-17,DEHAM,port446,Hamburg,16,22,48864,68599,240882,244260
2024-12-17,EGALY,port23,Alexandria,3,12,21078,107341,16199,32373
2024-12-17,GBFXT,port343,Felixstowe,4,7,17609,17609,270427,270427
2024-12-17,INNSA,port776,Mumbai-Jawaharlal Nehru (Nhava Sheva),5,26,156449,379299,60391,150441
2024-12-17,KRPUS,port1065,Busan,34,60,173093,280449,190896,207682
2024-12-17,NLRTM,port1114,Rotterdam,16,80,5512,798682,172394,328230
2024-12-17,PLGDN,port380,Gdansk,2,14,28623,188883,28793,102938
2024-12-17,SGSIN,port1201,Singapore,35,126,499503,1202753,579849,947167
2024-12-17,TRMER,port735,Mersin,5,10,28273,29067,50348,56341
2024-12-17,UAODS,port843,Odessa,0,0,0,0,0,0
2024-12-17,USLGB,port664,Los Angeles-Long Beach,6,10,477680,477680,0,61288
2024-12-17,USNYC,port815,New York-New Jersey,9,14,225753,339950,69605,69605
2024-12-18,AEJEA,port744,Jebel Ali,15,24,309817,367814,339820,379699
2024-12-18,BRSSZ,port1160,Santos,8,16,25102,39741,104615,245240
2024-12-18,CNSHA,port1188,Shanghai,37,120,212714,701482,478919,908967
2024-12-18,CNSZX,port1414,Yantian,5,5,23538,23538,20197,20197
2024-12-18,DEHAM,port446,Hamburg,7,17,47660,194591,185848,191413
2024-12-18,EGALY,port23,Alexandria,2,7,17940,39543,16199,24162
2024-12-18,GBFXT,port343,Felixstowe,2,2,15955,15955,15241,15241
2024-12-18,INNSA,port776,Mumbai-Jawaharlal Nehru (Nhava Sheva),9,28,92112,442671,77315,83031
2024-12-18,KRPUS,port1065,Busan,35,56,202211,243266,225396,245472
2024-12-18,NLRTM,port1114,Rotterdam,15,74,73615,648962,84527,252720
2024-12-18,PLGDN,port380,Gdansk,1,10,23414,253086,0,4744
2024-12-18,SGSIN,port1201,Singapore,42,115,320017,518516,855779,1111947
2024-12-18,TRMER,port735,Mersin,2,11,26992,30888,9247,13017
2024-12-18,UAODS,port843,Odessa,0,0,0,0,0,0
2024-12-18,USLGB,port664,Los Angeles-Long Beach,5,12,331644,496923,0,5042
2024-12-18,USNYC,port815,New York-New Jersey,5,10,217124,351608,17272,17272
2024-12-19,AEJEA,port744,Jebel Ali,14,26,158653,251177,335760,344853
2024-12-19,BRSSZ,port1160,Santos,6,15,66098,191975,0,244674
2024-12-19,CNSHA,port1188,Shanghai,41,130,459289,1163602,256754,779762
2024-12-19,CNSZX,port1414,Yantian,16,18,12390,19848,142560,142560
2024-12-19,DEHAM,port446,Hamburg,14,21,272725,273049,68789,129222
2024-12-19,EGALY,port23,Alexandria,4,11,8744,22211,71912,74454
2024-12-19,GBFXT,port343,Felixstowe,2,3,23090,23489,22899,22899
2024-12-19,INNSA,port776,Mumbai-Jawaharlal Nehru (Nhava Sheva),9,25,137193,215872,272694,300703
2024-12-19,KRPUS,port1065,Busan,33,50,114584,147416,132612,145910
2024-12-19,NLRTM,port1114,Rotterdam,19,89,81278,508355,68785,236395
2024-12-19,PLGDN,port380,Gdansk,2,9,5219,10113,12865,21474
2024-12-19,SGSIN,port1201,Singapore,43,128,621606,1257708,669171,1062847
2024-12-19,TRMER,port735,Mersin,7,10,114572,176350,36582,36582
2024-12-19,UAODS,port843,Odessa,0,0,0,0,0,0
2024-12-19,USLGB,port664,Los Angeles-Long Beach,6,11,173249,389684,225160,227986
2024-12-19,USNYC,port815,New York-New Jersey,6,10,230893,347964,2884,2884
2024-12-20,AEJEA,port744,Jebel Ali,11,24,253083,405604,183298,295517
2024-12-20,BRSSZ,port1160,Santos,7,16,65332,127274,5978,132878
2024-12-20,CNSHA,port1188,Shanghai,37,121,477580,1328410,254846,992955
2024-12-20,CNSZX,port1414,Yantian,10,12,25406,25984,83010,84177
2024-12-20,DEHAM,port446,Hamburg,10,15,36660,40619,50201,103557
2024-12-20,EGALY,port23,Alexandria,3,8,8970,51018,12969,25228
2024-12-20,GBFXT,port343,Felixstowe,2,2,8801,8801,0,0
2024-12-20,INNSA,port776,Mumbai-Jawaharlal Nehru (Nhava Sheva),8,24,188057,243941,66922,70004
2024-12-20,KRPUS,port1065,Busan,40,61,282060,312362,225927,243977
2024-12-20,NLRTM,port1114,Rotterdam,19,92,234689,912093,232835,299707
2024-12-20,PLGDN,port380,Gdansk,5,7,51663,51663,14321,37158
2024-12-20,SGSIN,port1201,Singapore,39,123,517982,1078759,769580,1213598
2024-12-20,TRMER,port735,Mersin,4,6,21419,38082,40113,40113
2024-12-20,UAODS,port843,Odessa,0,0,0,0,0,0
2024-12-20,USLGB,port664,Los Angeles-Long Beach,7,11,330097,423918,227443,227443
2024-12-20,USNYC,port815,New York-New Jersey,6,7,138174,138174,126404,126404
2024-12-21,AEJEA,port744,Jebel Ali,19,32,465448,633325,302871,341550
2024-12-21,BRSSZ,port1160,Santos,5,11,41725,48968,107122,159553
2024-12-21,CNSHA,port1188,Shanghai,36,129,173380,927021,254916,867615
2024-12-21,CNSZX,port1414,Yantian,12,12,2758,2758,133135,133135
2024-12-21,DEHAM,port446,Hamburg,12,25,67300,197531,279028,314573
2024-12-21,EGALY,port23,Alexandria,4,14,17020,75781,31216,57147
2024-12-21,GBFXT,port343,Felixstowe,2,3,74322,76093,0,722
2024-12-21,INNSA,port776,Mumbai-Jawaharlal Nehru (Nhava Sheva),10,31,176619,342471,56643,95660
2024-12-21,KRPUS,port1065,Busan,32,49,133126,159653,201597,214552
2024-12-21,NLRTM,port1114,Rotterdam,20,87,88401,652913,67680,156810
2024-12-21,PLGDN,port380,Gdansk,3,8,0,378901,65789,65789
2024-12-21,SGSIN,port1201,Singapore,31,106,427782,818022,601777,899837
2024-12-21,TRMER,port735,Mersin,5,13,42079,49415,25585,84432
2024-12-21,UAODS,port843,Odessa,0,0,0,0,0,0
2024-12-21,USLGB,port664,Los Angeles-Long Beach,5,9,434645,473576,0,17800
2024-12-21,USNYC,port815,New York-New Jersey,7,10,185955,311209,133227,133227
2024-12-22,AEJEA,port744,Jebel Ali,8,22,88530,175217,151171,177882
2024-12-22,BRSSZ,port1160,Santos,4,13,40061,75511,48907,255607
2024-12-22,CNSHA,port1188,Shanghai,42,132,314245,902807,333927,776928
2024-12-22,CNSZX,port1414,Yantian,9,11,70731,70731,43770,43770
2024-12-22,DEHAM,port446,Hamburg,11,19,26830,82288,237818,245406
2024-12-22,EGALY,port23,Alexandria,4,5,83618,83618,121209,121675
2024-12-22,GBFXT,port343,Felixstowe,3,4,47412,47412,0,0
2024-12-22,INNSA,port776,Mumbai-Jawaharlal Nehru (Nhava Sheva),9,26,63913,174482,115286,149377
2024-12-22,KRPUS,port1065,Busan,28,47,122322,138175,177909,189613
2024-12-22,NLRTM,port1114,Rotterdam,12,63,71835,527985,18721,142974
2024-12-22,PLGDN,port380,Gdansk,4,9,18051,160513,13230,20263
2024-12-22,SGSIN,port1201,Singapore,40,111,1326004,1952896,431820,808893
2024-12-22,TRMER,port735,Mersin,1,7,10709,36784,9247,10190
2024-12-22,UAODS,port843,Odessa,0,0,0,0,0,0
2024-12-22,USLGB,port664,Los Angeles-Long Beach,5,14,226636,255924,14622,193040
2024-12-22,USNYC,port815,New York-New Jersey,7,10,138510,201807,5188,5448
2024-12-23,AEJEA,port744,Jebel Ali,19,27,618129,696915,183551,187417
2024-12-23,BRSSZ,port1160,Santos,6,13,21720,52041,104796,190491
2024-12-23,CNSHA,port1188,Shanghai,40,131,579391,1372011,291499,727372
2024-12-23,CNSZX,port1414,Yantian,9,9,16266,16266,56149,56149
2024-12-23,DEHAM,port446,Hamburg,10,16,80204,162569,89936,107639
2024-12-23,EGALY,port23,Alexandria,3,7,22668,32334,0,4841
2024-12-23,GBFXT,port343,Felixstowe,2,2,107014,107014,0,0
2024-12-23,INNSA,port776,Mumbai-Jawaharlal Nehru (Nhava Sheva),9,28,155960,358829,121710,179876
2024-12-23,KRPUS,port1065,Busan,37,59,223759,246890,155652,171697
2024-12-23,NLRTM,port1114,Rotterdam,14,61,67726,551339,143953,238333
2024-12-23,PLGDN,port380,Gdansk,0,2,0,0,0,2036
2024-12-23,SGSIN,port1201,Singapore,38,132,499638,885539,508846,905725
2024-12-23,TRMER,port735,Mersin,5,9,41678,41678,22133,25148
2024-12-23,UAODS,port843,Odessa,0,0,0,0,0,0
2024-12-23,USLGB,port664,Los Angeles-Long Beach,8,15,540002,653730,27459,135459
2024-12-23,USNYC,port815,New York-New Jersey,7,13,282277,467493,0,1615
2024-12-24,AEJEA,port744,Jebel Ali,11,28,217339,469243,301598,345219
2024-12-24,BRSSZ,port1160,Santos,4,9,40014,76181,55304,190373
2024-12-24,CNSHA,port1188,Shanghai,31,129,184424,957130,229959,863830
2024-12-24,CNSZX,port1414,Yantian,9,9,35282,35282,96701,96701
2024-12-24,DEHAM,port446,Hamburg,3,5,84638,84638,38580,44930
2024-12-24,EGALY,port23,Alexandria,5,10,32436,59246,30988,38272
2024-12-24,GBFXT,port343,Felixstowe,2,5,0,2298,34577,34577
2024-12-24,INNSA,port776,Mumbai-Jawaharlal Nehru (Nhava Sheva),8,23,169879,255826,47713,70503
2024-12-24,KRPUS,port1065,Busan,29,55,222575,280716,91164,105165
2024-12-24,NLRTM,port1114,Rotterdam,15,74,26395,520136,55554,110765
2024-12-24,PLGDN,port380,Gdansk,1,6,10879,66590,0,2896
2024-12-24,SGSIN,port1201,Singapore,41,136,784750,1521712,708377,1014770
2024-12-24,TRMER,port735,Mersin,1,6,0,36237,0,7850
2024-12-24,UAODS,port843,Odessa,0,0,0,0,0,0
2024-12-24,USLGB,port664,Los Angeles-Long Beach,2,11,17249,40060,0,69710
2024-12-24,USNYC,port815,New York-New Jersey,1,6,10535,14233,0,0
2024-12-25,AEJEA,port744,Jebel Ali,15,25,425177,518757,250715,256899
2024-12-25,BRSSZ,port1160,Santos,4,9,0,10464,132503,228946
2024-12-25,CNSHA,port1188,Shanghai,30,101,227375,964693,403163,866506
2024-12-25,CNSZX,port1414,Yantian,9,9,24545,24545,57048,57048
2024-12-25,DEHAM,port446,Hamburg,3,9,19919,20411,31179,46859
2024-12-25,EGALY,port23,Alexandria,5,12,16359,132491,67871,71089
2024-12-25,GBFXT,port343,Felixstowe,0,0,0,0,0,0
2024-12-25,INNSA,port776,Mumbai-Jawaharlal Nehru (Nhava Sheva),11,27,33429,239563,229000,233051
2024-12-25,KRPUS,port1065,Busan,38,58,267917,286794,231943,239123
2024-12-25,NLRTM,port1114,Rotterdam,7,53,20030,310108,24228,91246
2024-12-25,PLGDN,port380,Gdansk,0,1,0,15742,0,0
2024-12-25,SGSIN,port1201,Singapore,41,128,1001779,1379718,624171,1084270
2024-12-25,TRMER,port735,Mersin,3,12,28992,42931,43974,47883
2024-12-25,UAODS,port843,Odessa,0,0,0,0,0,0
2024-12-25,USLGB,port664,Los Angeles-Long Beach,0,1,0,41934,0,0
2024-12-25,USNYC,port815,New York-New Jersey,0,2,0,53144,0,0
2024-12-26,AEJEA,port744,Jebel Ali,15,24,290219,362188,126049,132191
2024-12-26,BRSSZ,port1160,Santos,6,12,57107,110336,4763,72790
2024-12-26,CNSHA,port1188,Shanghai,37,105,214527,720536,323656,635653
2024-12-26,CNSZX,port1414,Yantian,14,15,13350,13350,146464,146464
2024-12-26,DEHAM,port446,Hamburg,11,14,72072,74295,95830,96943
2024-12-26,EGALY,port23,Alexandria,3,10,17940,111306,27409,49376
2024-12-26,GBFXT,port343,Felixstowe,2,3,0,0,47338,47338
2024-12-26,INNSA,port776,Mumbai-Jawaharlal Nehru (Nhava Sheva),9,23,51078,314383,156088,159422
2024-12-26,KRPUS,port1065,Busan,34,52,154441,179813,131530,140025
2024-12-26,NLRTM,port1114,Rotterdam,15,66,111280,690660,241725,335841
2024-12-26,PLGDN,port380,Gdansk,2,9,93833,353274,13610,49538
2024-12-26,SGSIN,port1201,Singapore,37,113,440932,1179282,739690,1048150
2024-12-26,TRMER,port735,Mersin,3,7,10709,10709,22851,27892
2024-12-26,UAODS,port843,Odessa,0,0,0,0,0,0
2024-12-26,USLGB,port664,Los Angeles-Long Beach,4,9,279165,436162,132169,198860
2024-12-26,USNYC,port815,New York-New Jersey,10,14,242598,405447,32518,34133
2024-12-27,AEJEA,port744,Jebel Ali,21,36,282837,469132,866336,878071
2024-12-27,BRSSZ,port1160,Santos,8,18,73435,115888,37456,251810
2024-12-27,CNSHA,port1188,Shanghai,39,130,291318,883662,334863,816069
2024-12-27,CNSZX,port1414,Yantian,9,10,64149,66942,61783,61783
2024-12-27,DEHAM,port446,Hamburg,8,13,237525,237525,65562,77830
2024-12-27,EGALY,port23,Alexandria,0,1,0,0,0,167
2024-12-27,GBFXT,port343,Felixstowe,1,2,8840,12100,0,0
2024-12-27,INNSA,port776,Mumbai-Jawaharlal Nehru (Nhava Sheva),13,30,134513,250060,243280,254906
2024-12-27,KRPUS,port1065,Busan,34,52,163313,245336,130157,137264
2024-12-27,NLRTM,port1114,Rotterdam,4,37,10279,59773,6366,38661
2024-12-27,PLGDN,port380,Gdansk,6,11,155761,183494,11757,28278
2024-12-27,SGSIN,port1201,Singapore,36,130,1233746,2050130,655211,1011520
2024-12-27,TRMER,port735,Mersin,1,7,10709,21926,9247,17500
2024-12-27,UAODS,port843,Odessa,0,0,0,0,0,0
2024-12-27,USLGB,port664,Los Angeles-Long Beach,9,15,518325,636009,132169,229174
2024-12-27,USNYC,port815,New York-New Jersey,8,12,112808,133398,44915,53399
2024-12-28,AEJEA,port744,Jebel Ali,16,20,277244,278860,131291,156752
2024-12-28,BRSSZ,port1160,Santos,6,17,65656,104519,122857,323270
2024-12-28,CNSHA,port1188,Shanghai,32,118,506761,1127927,164513,734913
2024-12-28,CNSZX,port1414,Yantian,10,11,37985,42388,188555,188575
2024-12-28,DEHAM,port446,Hamburg,6,11,52060,53239,157848,160817
2024-12-28,EGALY,port23,Alexandria,7,11,196637,235902,16199,21127
2024-12-28,GBFXT,port343,Felixstowe,2,4,6202,7806,0,317
2024-12-28,INNSA,port776,Mumbai-Jawaharlal Nehru (Nhava Sheva),11,21,150690,223289,248696,281521
2024-12-28,KRPUS,port1065,Busan,28,50,166771,201341,130595,140579
2024-12-28,NLRTM,port1114,Rotterdam,17,87,317285,647734,98485,160916
2024-12-28,PLGDN,port380,Gdansk,0,4,0,70578,0,3228
2024-12-28,SGSIN,port1201,Singapore,41,121,288173,627624,718661,1099290
2024-12-28,TRMER,port735,Mersin,5,9,42234,43910,22650,28509
2024-12-28,UAODS,port843,Odessa,0,0,0,0,0,0
2024-12-28,USLGB,port664,Los Angeles-Long Beach,9,14,899798,903983,0,35632
2024-12-28,USNYC,port815,New York-New Jersey,6,10,112145,129526,12302,14418
2024-12-29,AEJEA,port744,Jebel Ali,18,25,247393,305195,464541,475036
2024-12-29,BRSSZ,port1160,Santos,5,16,89033,173241,40510,223163
2024-12-29,CNSHA,port1188,Shanghai,36,100,234247,621680,298941,931136
2024-12-29,CNSZX,port1414,Yantian,13,14,39554,39554,71712,71712
2024-12-29,DEHAM,port446,Hamburg,8,19,21312,161413,243183,248199
2024-12-29,EGALY,port23,Alexandria,0,7,0,76372,0,4165
2024-12-29,GBFXT,port343,Felixstowe,4,4,91429,91429,77633,77633
2024-12-29,INNSA,port776,Mumbai-Jawaharlal Nehru (Nhava Sheva),10,26,151907,395419,122535,138279
2024-12-29,KRPUS,port1065,Busan,32,57,104257,136525,183337,221237
2024-12-29,NLRTM,port1114,Rotterdam,16,87,201606,1122102,216320,361414
2024-12-29,PLGDN,port380,Gdansk,4,14,50011,263392,13610,14353
2024-12-29,SGSIN,port1201,Singapore,40,118,679243,1072597,997001,1308067
2024-12-29,TRMER,port735,Mersin,5,10,98747,138371,18494,19667
2024-12-29,UAODS,port843,Odessa,0,0,0,0,0,0
2024-12-29,USLGB,port664,Los Angeles-Long Beach,3,7,145658,145658,8859,51981
2024-12-29,USNYC,port815,New York-New Jersey,6,12,138046,280247,98443,101004
2024-12-30,AEJEA,port744,Jebel Ali,13,23,342466,422361,141191,142866
2024-12-30,BRSSZ,port1160,Santos,5,15,829,84036,196366,375110
2024-12-30,CNSHA,port1188,Shanghai,35,144,296255,1350871,225355,748572
2024-12-30,CNSZX,port1414,Yantian,10,10,30370,30370,87459,87459
2024-12-30,DEHAM,port446,Hamburg,8,11,67681,67681,67483,77049
2024-12-30,EGALY,port23,Alexandria,4,13,38671,171569,26706,37898
2024-12-30,GBFXT,port343,Felixstowe,4,4,11339,11339,57383,57383
2024-12-30,INNSA,port776,Mumbai-Jawaharlal Nehru (Nhava Sheva),10,30,187739,359747,93846,107529
2024-12-30,KRPUS,port1065,Busan,39,74,386117,429773,175898,224714
2024-12-30,NLRTM,port1114,Rotterdam,20,70,256882,858305,83002,160617
2024-12-30,PLGDN,port380,Gdansk,3,6,23441,25369,231481,232768
2024-12-30,SGSIN,port1201,Singapore,42,145,725519,1139601,946749,1446572
2024-12-30,TRMER,port735,Mersin,4,8,13379,15490,51518,52817
2024-12-30,UAODS,port843,Odessa,0,0,0,0,0,0
2024-12-30,USLGB,port664,Los Angeles-Long Beach,3,10,320355,476096,0,85758
2024-12-30,USNYC,port815,New York-New Jersey,8,12,187052,206563,33234,34850
2024-12-31,AEJEA,port744,Jebel Ali,14,30,258925,344120,157369,214778
2024-12-31,BRSSZ,port1160,Santos,6,12,176,176,78348,129375
2024-12-31,CNSHA,port1188,Shanghai,36,122,350427,885437,265993,626991
2024-12-31,CNSZX,port1414,Yantian,10,10,6465,6465,141147,141147
2024-12-31,DEHAM,port446,Hamburg,9,14,297318,303220,69090,87828
2024-12-31,EGALY,port23,Alexandria,3,12,25809,80579,8099,24374
2024-12-31,GBFXT,port343,Felixstowe,0,1,0,1379,0,0
2024-12-31,INNSA,port776,Mumbai-Jawaharlal Nehru (Nhava Sheva),12,26,181027,327777,54507,79418
2024-12-31,KRPUS,port1065,Busan,29,44,91051,120898,101207,120565
2024-12-31,NLRTM,port1114,Rotterdam,11,71,38453,340617,50359,301882
2024-12-31,PLGDN,port380,Gdansk,3,4,18674,18674,12879,13413
2024-12-31,SGSIN,port1201,Singapore,35,108,790189,1660263,686309,1013576
2024-12-31,TRMER,port735,Mersin,4,8,10709,29621,31432,32375
2024-12-31,UAODS,port843,Odessa,0,0,0,0,0,0
2024-12-31,USLGB,port664,Los Angeles-Long Beach,2,7,20717,119149,56027,66324
2024-12-31,USNYC,port815,New York-New Jersey,2,4,32545,81867,0,0
2025-01-01,AEJEA,port744,Jebel Ali,13,21,348444,489250,183512,195394
2025-01-01,BRSSZ,port1160,Santos,6,13,31610,85806,57603,111576
2025-01-01,CNSHA,port1188,Shanghai,34,121,84983,505070,315628,621164
2025-01-01,CNSZX,port1414,Yantian,8,10,8560,12963,100395,100416
2025-01-01,DEHAM,port446,Hamburg,4,7,37573,83470,110517,110517
2025-01-01,EGALY,port23,Alexandria,2,11,20939,31447,20031,52398
2025-01-01,GBFXT,port343,Felixstowe,0,1,0,0,0,1621
2025-01-01,INNSA,port776,Mumbai-Jawaharlal Nehru (Nhava Sheva),9,26,93319,271898,92859,95855
2025-01-01,KRPUS,port1065,Busan,36,57,153587,199192,303391,308779
2025-01-01,NLRTM,port1114,Rotterdam,5,45,0,407977,48150,110488
2025-01-01,PLGDN,port380,Gdansk,1,8,16145,122697,0,13343
2025-01-01,SGSIN,port1201,Singapore,49,131,652844,1067137,780872,1101181
2025-01-01,TRMER,port735,Mersin,1,3,11291,11891,8284,10759
2025-01-01,UAODS,port843,Odessa,0,0,0,0,0,0
2025-01-01,USLGB,port664,Los Angeles-Long Beach,0,4,0,5586,0,31997
2025-01-01,USNYC,port815,New York-New Jersey,0,0,0,0,0,0
2025-01-02,AEJEA,port744,Jebel Ali,14,15,513132,513529,76985,76985
2025-01-02,BRSSZ,port1160,Santos,7,15,78895,181645,12548,193884
2025-01-02,CNSHA,port1188,Shanghai,35,133,395271,1083049,430599,921476
2025-01-02,CNSZX,port1414,Yantian,14,15,3713,16922,148549,148549
2025-01-02,DEHAM,port446,Hamburg,6,15,44520,267271,37490,50918
2025-01-02,EGALY,port23,Alexandria,4,12,13715,92595,175847,188426
2025-01-02,GBFXT,port343,Felixstowe,3,4,44724,51045,0,0
2025-01-02,INNSA,port776,Mumbai-Jawaharlal Nehru (Nhava Sheva),7,22,86377,161063,145139,148473
2025-01-02,KRPUS,port1065,Busan,31,49,206166,247493,110486,123722
2025-01-02,NLRTM,port1114,Rotterdam,15,69,77341,760985,43343,164228
2025-01-02,PLGDN,port380,Gdansk,3,9,27694,224648,35989,37175
2025-01-02,SGSIN,port1201,Singapore,36,130,438733,963677,623214,994156
2025-01-02,TRMER,port735,Mersin,2,8,8547,9263,37547,53252
2025-01-02,UAODS,port843,Odessa,0,0,0,0,0,0
2025-01-02,USLGB,port664,Los Angeles-Long Beach,11,22,620095,929625,472456,683502
2025-01-02,USNYC,port815,New York-New Jersey,4,9,20464,87820,12209,13734
2025-01-03,AEJEA,port744,Jebel Ali,11,31,39814,367396,155942,165164
2025-01-03,BRSSZ,port1160,Santos,6,17,99741,115216,76733,259370
2025-01-03,CNSHA,port1188,Shanghai,41,119,992173,1755272,405853,602860
2025-01-03,CNSZX,port1414,Yantian,8,8,27301,27301,58321,58321
2025-01-03,DEHAM,port446,Hamburg,6,16,43683,127652,47636,74988
2025-01-03,EGALY,port23,Alexandria,5,15,27011,100694,117216,118158
2025-01-03,GBFXT,port343,Felixstowe,6,8,117140,118355,54153,54153
2025-01-03,INNSA,port776,Mumbai-Jawaharlal Nehru (Nhava Sheva),7,19,29960,133065,103741,114827
2025-01-03,KRPUS,port1065,Busan,31,55,183712,230836,176089,191340
2025-01-03,NLRTM,port1114,Rotterdam,22,71,110021,295096,258096,456255
2025-01-03,PLGDN,port380,Gdansk,2,9,0,117417,109397,133811
2025-01-03,SGSIN,port1201,Singapore,47,118,673973,1038134,746670,1156963
2025-01-03,TRMER,port735,Mersin,4,8,58832,62072,16568,17867
2025-01-03,UAODS,port843,Odessa,0,0,0,0,0,0
2025-01-03,USLGB,port664,Los Angeles-Long Beach,6,8,592565,780843,19450,19450
2025-01-03,USNYC,port815,New York-New Jersey,8,11,235426,363133,45109,45109
2025-01-04,AEJEA,port744,Jebel Ali,16,24,329487,376121,142241,186140
2025-01-04,BRSSZ,port1160,Santos,6,16,53201,68884,65855,252903
2025-01-04,CNSHA,port1188,Shanghai,36,124,132268,920258,267146,623165
2025-01-04,CNSZX,port1414,Yantian,8,9,9589,9589,57761,57761
2025-01-04,DEHAM,port446,Hamburg,10,15,113007,120061,272113,275856
2025-01-04,EGALY,port23,Alexandria,3,11,49357,62660,12647,22577
2025-01-04,GBFXT,port343,Felixstowe,1,2,44748,44748,0,0
2025-01-04,INNSA,port776,Mumbai-Jawaharlal Nehru (Nhava Sheva),10,30,159732,273510,132209,177255
2025-01-04,KRPUS,port1065,Busan,33,45,146870,170576,196750,202250
2025-01-04,NLRTM,port1114,Rotterdam,13,75,98953,975202,33194,138491
2025-01-04,PLGDN,port380,Gdansk,2,4,178419,291464,0,6189
2025-01-04,SGSIN,port1201,Singapore,42,138,577243,898055,823454,1165688
2025-01-04,TRMER,port735,Mersin,5,10,89291,90716,8284,8731
2025-01-04,UAODS,port843,Odessa,0,0,0,0,0,0
2025-01-04,USLGB,port664,Los Angeles-Long Beach,6,8,489466,543786,19450,19450
2025-01-04,USNYC,port815,New York-New Jersey,6,7,161368,161368,23006,23006
2025-01-05,AEJEA,port744,Jebel Ali,14,25,280124,395940,227631,243683
2025-01-05,BRSSZ,port1160,Santos,7,9,30084,48125,64862,91762
2025-01-05,CNSHA,port1188,Shanghai,37,120,363090,1150244,291036,739367
2025-01-05,CNSZX,port1414,Yantian,12,13,27432,27432,156726,156726
2025-01-05,DEHAM,port446,Hamburg,11,15,287394,373951,51772,54727
2025-01-05,EGALY,port23,Alexandria,2,7,20939,47090,20031,21302
2025-01-05,GBFXT,port343,Felixstowe,1,2,2615,4386,0,722
2025-01-05,INNSA,port776,Mumbai-Jawaharlal Nehru (Nhava Sheva),8,32,56548,449744,182222,204653
2025-01-05,KRPUS,port1065,Busan,33,49,321915,336021,133558,140877
2025-01-05,NLRTM,port1114,Rotterdam,23,79,168197,801407,34020,226533
2025-01-05,PLGDN,port380,Gdansk,2,8,8397,121141,101532,118854
2025-01-05,SGSIN,port1201,Singapore,32,99,997340,1516156,359235,688649
2025-01-05,TRMER,port735,Mersin,2,5,19753,20499,18913,65966
2025-01-05,UAODS,port843,Odessa,0,0,0,0,0,0
2025-01-05,USLGB,port664,Los Angeles-Long Beach,5,10,527284,544501,0,527
2025-01-05,USNYC,port815,New York-New Jersey,6,10,231186,299589,0,0
2025-01-06,AEJEA,port744,Jebel Ali,16,28,277211,365857,220288,230130
2025-01-06,BRSSZ,port1160,Santos,4,14,0,3695,158474,283085
2025-01-06,CNSHA,port1188,Shanghai,44,130,396778,973051,377041,907112
2025-01-06,CNSZX,port1414,Yantian,8,9,39004,39004,64854,64854
2025-01-06,DEHAM,port446,Hamburg,11,19,259274,332955,99015,106441
2025-01-06,EGALY,port23,Alexandria,5,15,80017,178290,4958,17834
2025-01-06,GBFXT,port343,Felixstowe,1,4,0,0,15527,15527
2025-01-06,INNSA,port776,Mumbai-Jawaharlal Nehru (Nhava Sheva),11,34,100916,182267,65577,81514
2025-01-06,KRPUS,port1065,Busan,29,59,251751,288897,176391,188667
2025-01-06,NLRTM,port1114,Rotterdam,10,58,57452,848584,119727,165778
2025-01-06,PLGDN,port380,Gdansk,2,10,15685,22122,0,7748
2025-01-06,SGSIN,port1201,Singapore,40,157,744812,1134793,1003480,1330795
2025-01-06,TRMER,port735,Mersin,4,7,42581,43430,58779,60026
2025-01-06,UAODS,port843,Odessa,0,0,0,0,0,0
2025-01-06,USLGB,port664,Los Angeles-Long Beach,8,12,680898,775669,38901,46302
2025-01-06,USNYC,port815,New York-New Jersey,6,8,156488,158456,10156,67357
2025-01-07,AEJEA,port744,Jebel Ali,14,24,328634,381603,380934,383295
2025-01-07,BRSSZ,port1160,Santos,9,16,89772,170341,74927,117353
2025-01-07,CNSHA,port1188,Shanghai,39,134,154033,1048052,399294,757472
2025-01-07,CNSZX,port1414,Yantian,6,6,0,0,119350,119350
2025-01-07,DEHAM,port446,Hamburg,10,12,70372,180744,41489,41489
2025-01-07,EGALY,port23,Alexandria,2,11,52139,162677,10015,29483
2025-01-07,GBFXT,port343,Felixstowe,3,5,101735,101735,0,0
2025-01-07,INNSA,port776,Mumbai-Jawaharlal Nehru (Nhava Sheva),6,17,51345,111516,70809,240158
2025-01-07,KRPUS,port1065,Busan,25,39,175564,189820,190534,198779
2025-01-07,NLRTM,port1114,Rotterdam,18,86,86750,1005078,73911,195750
2025-01-07,PLGDN,port380,Gdansk,2,17,72706,194100,0,15848
2025-01-07,SGSIN,port1201,Singapore,39,116,558887,1017901,846354,1204446
2025-01-07,TRMER,port735,Mersin,6,11,22583,31737,61477,65846
2025-01-07,UAODS,port843,Odessa,0,0,0,0,0,0
2025-01-07,USLGB,port664,Los Angeles-Long Beach,4,11,224793,389469,0,329369
2025-01-07,USNYC,port815,New York-New Jersey,3,5,78386,170819,0,0
2025-01-08,AEJEA,port744,Jebel Ali,16,29,296775,530676,394305,461321
2025-01-08,BRSSZ,port1160,Santos,8,13,116977,175665,77790,173601
2025-01-08,CNSHA,port1188,Shanghai,33,92,221429,748803,397796,800866
2025-01-08,CNSZX,port1414,Yantian,10,10,0,0,111748,111748
2025-01-08,DEHAM,port446,Hamburg,6,10,73379,96750,100041,102342
2025-01-08,EGALY,port23,Alexandria,2,6,19008,51155,12647,15422
2025-01-08,GBFXT,port343,Felixstowe,3,3,44032,44032,24749,24749
2025-01-08,INNSA,port776,Mumbai-Jawaharlal Nehru (Nhava Sheva),10,25,97370,324453,55714,60208
2025-01-08,KRPUS,port1065,Busan,37,60,214111,245763,136741,148223
2025-01-08,NLRTM,port1114,Rotterdam,18,87,575138,901806,45369,258063
2025-01-08,PLGDN,port380,Gdansk,1,8,0,138326,36607,38445
2025-01-08,SGSIN,port1201,Singapore,38,123,650591,1073249,683728,928824
2025-01-08,TRMER,port735,Mersin,2,11,0,14992,10325,19205
2025-01-08,UAODS,port843,Odessa,0,0,0,0,0,0
2025-01-08,USLGB,port664,Los Angeles-Long Beach,5,8,433941,516406,19450,19450
2025-01-08,USNYC,port815,New York-New Jersey,3,6,48562,158255,0,0
2025-01-09,AEJEA,port744,Jebel Ali,18,28,326186,362587,176791,181073
2025-01-09,BRSSZ,port1160,Santos,6,14,18083,32391,43145,244144
2025-01-09,CNSHA,port1188,Shanghai,32,90,689118,1309714,233852,467748
2025-01-09,CNSZX,port1414,Yantian,13,14,9422,13825,153925,153945
2025-01-09,DEHAM,port446,Hamburg,14,24,368133,403015,200721,213521
2025-01-09,EGALY,port23,Alexandria,4,10,29674,91370,23909,32304
2025-01-09,GBFXT,port343,Felixstowe,1,1,11783,11783,0,0
2025-01-09,INNSA,port776,Mumbai-Jawaharlal Nehru (Nhava Sheva),10,23,88981,95109,150867,154715
2025-01-09,KRPUS,port1065,Busan,34,48,114995,145719,307906,312198
2025-01-09,NLRTM,port1114,Rotterdam,20,95,181875,727016,243801,355924
2025-01-09,PLGDN,port380,Gdansk,1,7,45159,127361,0,17791
2025-01-09,SGSIN,port1201,Singapore,40,123,896369,1598343,691009,938450
2025-01-09,TRMER,port735,Mersin,5,13,27006,68066,18618,24892
2025-01-09,UAODS,port843,Odessa,0,0,0,0,0,0
2025-01-09,USLGB,port664,Los Angeles-Long Beach,5,8,211357,211357,240453,259491
2025-01-09,USNYC,port815,New York-New Jersey,4,7,106419,116884,33936,33936
2025-01-10,AEJEA,port744,Jebel Ali,14,21,286464,295632,337303,339762
2025-01-10,BRSSZ,port1160,Santos,7,17,77106,105145,29267,168298
2025-01-10,CNSHA,port1188,Shanghai,37,126,429719,991013,266708,599435
2025-01-10,CNSZX,port1414,Yantian,10,11,4930,4930,100769,100769
2025-01-10,DEHAM,port446,Hamburg,8,15,291389,376189,38853,71027
2025-01-10,EGALY,port23,Alexandria,1,8,7827,115931,0,13740
2025-01-10,GBFXT,port343,Felixstowe,4,4,73677,73677,112120,112120
2025-01-10,INNSA,port776,Mumbai-Jawaharlal Nehru (Nhava Sheva),8,24,76942,301771,116998,127418
2025-01-10,KRPUS,port1065,Busan,25,46,113195,131249,178887,194948
2025-01-10,NLRTM,port1114,Rotterdam,20,75,111003,718896,85765,235006
2025-01-10,PLGDN,port380,Gdansk,4,12,42239,179798,25133,27831
2025-01-10,SGSIN,port1201,Singapore,44,122,557922,833822,1242152,1545532
2025-01-10,TRMER,port735,Mersin,4,8,5070,12553,19870,20966
2025-01-10,UAODS,port843,Odessa,0,0,0,0,0,0
2025-01-10,USLGB,port664,Los Angeles-Long Beach,4,11,157256,356766,19450,34233
2025-01-10,USNYC,port815,New York-New Jersey,9,12,359623,506330,0,0
2025-01-11,AEJEA,port744,Jebel Ali,11,22,221903,235749,162591,212554
2025-01-11,BRSSZ,port1160,Santos,5,11,29733,126966,88118,207043
2025-01-11,CNSHA,port1188,Shanghai,39,134,157188,1010067,411595,1093929
2025-01-11,CNSZX,port1414,Yantian,11,11,40976,40976,77315,77315
2025-01-11,DEHAM,port446,Hamburg,4,14,23935,44861,6667,10212
2025-01-11,EGALY,port23,Alexandria,3,7,20939,63519,151497,155178
2025-01-11,GBFXT,port343,Felixstowe,2,2,0,0,59736,59736
2025-01-11,INNSA,port776,Mumbai-Jawaharlal Nehru (Nhava Sheva),10,31,157077,342142,135152,173705
2025-01-11,KRPUS,port1065,Busan,30,56,124106,180303,129360,149053
2025-01-11,NLRTM,port1114,Rotterdam,13,76,172275,605871,48989,202332
2025-01-11,PLGDN,port380,Gdansk,4,6,137223,183786,169324,169324
2025-01-11,SGSIN,port1201,Singapore,39,114,494676,981103,519280,927371
2025-01-11,TRMER,port735,Mersin,3,11,0,10773,65258,69831
2025-01-11,UAODS,port843,Odessa,0,0,0,0,0,0
2025-01-11,USLGB,port664,Los Angeles-Long Beach,6,13,381607,640128,0,113928
2025-01-11,USNYC,port815,New York-New Jersey,7,8,118705,136087,96947,98562
2025-01-12,AEJEA,port744,Jebel Ali,9,20,264165,322629,86747,96661
2025-01-12,BRSSZ,port1160,Santos,5,9,76621,139832,66840,214839
2025-01-12,CNSHA,port1188,Shanghai,39,129,245973,1161332,454172,1253633
2025-01-12,CNSZX,port1414,Yantian,9,10,0,0,143316,143316
2025-01-12,DEHAM,port446,Hamburg,11,17,125534,215857,144791,162287
2025-01-12,EGALY,port23,Alexandria,3,7,0,55548,71328,75010
2025-01-12,GBFXT,port343,Felixstowe,2,3,40237,41180,0,0
2025-01-12,INNSA,port776,Mumbai-Jawaharlal Nehru (Nhava Sheva),10,26,123274,339790,135369,176383
2025-01-12,KRPUS,port1065,Busan,35,61,156211,198955,163987,178225
2025-01-12,NLRTM,port1114,Rotterdam,16,81,127645,745797,91850,198598
2025-01-12,PLGDN,port380,Gdansk,1,6,4795,11004,0,2813
2025-01-12,SGSIN,port1201,Singapore,37,89,913618,1189620,907870,1171857
2025-01-12,TRMER,port735,Mersin,4,8,1684,14061,44782,46542
2025-01-12,UAODS,port843,Odessa,0,0,0,0,0,0
2025-01-12,USLGB,port664,Los Angeles-Long Beach,5,7,471843,474400,70740,72557
2025-01-12,USNYC,port815,New York-New Jersey,7,13,106834,208934,29276,62153
2025-01-13,AEJEA,port744,Jebel Ali,15,28,258075,387311,182043,186787
2025-01-13,BRSSZ,port1160,Santos,6,10,109562,146104,27145,145057
2025-01-13,CNSHA,port1188,Shanghai,35,112,279092,660831,398953,632506
2025-01-13,CNSZX,port1414,Yantian,14,14,38578,38578,152650,152650
2025-01-13,DEHAM,port446,Hamburg,14,19,172660,247566,141642,158127
2025-01-13,EGALY,port23,Alexandria,3,15,116657,194674,10015,72044
2025-01-13,GBFXT,port343,Felixstowe,2,4,2843,2843,245529,245529
2025-01-13,INNSA,port776,Mumbai-Jawaharlal Nehru (Nhava Sheva),9,31,213257,428629,36431,65811
2025-01-13,KRPUS,port1065,Busan,34,60,160458,199531,141292,158102
2025-01-13,NLRTM,port1114,Rotterdam,16,94,246676,1009176,122305,200382
2025-01-13,PLGDN,port380,Gdansk,1,14,9582,179573,0,21900
2025-01-13,SGSIN,port1201,Singapore,35,144,498081,1121545,955399,1413768
2025-01-13,TRMER,port735,Mersin,3,9,71950,87708,0,10281
2025-01-13,UAODS,port843,Odessa,0,0,0,0,0,0
2025-01-13,USLGB,port664,Los Angeles-Long Beach,6,10,476512,539783,0,7391
2025-01-13,USNYC,port815,New York-New Jersey,5,9,143616,151715,60811,60811
2025-01-14,AEJEA,port744,Jebel Ali,15,25,214299,324934,343875,348248
2025-01-14,BRSSZ,port1160,Santos,4,8,44813,62747,94001,148996
2025-01-14,CNSHA,port1188,Shanghai,33,130,359040,1092584,247361,499144
2025-01-14,CNSZX,port1414,Yantian,9,10,25392,25392,98742,98742
2025-01-14,DEHAM,port446,Hamburg,9,16,150141,221267,91214,114251
2025-01-14,EGALY,port23,Alexandria,4,14,164025,191780,20031,58080
2025-01-14,GBFXT,port343,Felixstowe,3,5,41639,43019,30688,30688
2025-01-14,INNSA,port776,Mumbai-Jawaharlal Nehru (Nhava Sheva),8,25,155177,325477,21044,57277
2025-01-14,KRPUS,port1065,Busan,30,46,166675,195929,180319,186780
2025-01-14,NLRTM,port1114,Rotterdam,20,91,41786,454162,98023,238462
2025-01-14,PLGDN,port380,Gdansk,2,6,5917,39563,30762,30762
2025-01-14,SGSIN,port1201,Singapore,38,122,779619,1270481,538127,1021598
2025-01-14,TRMER,port735,Mersin,6,11,45940,64841,49239,49239
2025-01-14,UAODS,port843,Odessa,0,0,0,0,0,0
2025-01-14,USLGB,port664,Los Angeles-Long Beach,5,9,256573,307485,162395,169562
2025-01-14,USNYC,port815,New York-New Jersey,5,10,121934,202412,128014,128014
2025-01-15,AEJEA,port744,Jebel Ali,15,30,328093,495606,309950,322553
2025-01-15,BRSSZ,port1160,Santos,9,15,27331,33889,73051,286453
2025-01-15,CNSHA,port1188,Shanghai,39,119,281836,958070,623226,926404
2025-01-15,CNSZX,port1414,Yantian,13,14,9021,9021,122155,122155
2025-01-15,DEHAM,port446,Hamburg,9,18,47250,77568,146749,160564
2025-01-15,EGALY,port23,Alexandria,4,10,51489,59629,28313,31515
2025-01-15,GBFXT,port343,Felixstowe,2,2,48300,48300,0,0
2025-01-15,INNSA,port776,Mumbai-Jawaharlal Nehru (Nhava Sheva),9,24,124820,254233,85845,92139
2025-01-15,KRPUS,port1065,Busan,31,55,115135,149237,200363,218898
2025-01-15,NLRTM,port1114,Rotterdam,21,86,42600,207180,74933,194421
2025-01-15,PLGDN,port380,Gdansk,3,13,48958,195726,25133,27281
2025-01-15,SGSIN,port1201,Singapore,42,118,562403,871329,771657,1202201
2025-01-15,TRMER,port735,Mersin,3,12,11291,12694,11970,27669
2025-01-15,UAODS,port843,Odessa,0,0,0,0,0,0
2025-01-15,USLGB,port664,Los Angeles-Long Beach,3,5,125813,130266,89090,89090
2025-01-15,USNYC,port815,New York-New Jersey,7,10,112695,121409,99104,99104
2025-01-16,AEJEA,port744,Jebel Ali,21,28,471445,555013,372387,378046
2025-01-16,BRSSZ,port1160,Santos,4,17,15970,194368,65378,348528
2025-01-16,CNSHA,port1188,Shanghai,36,139,121504,735913,363858,949787
2025-01-16,CNSZX,port1414,Yantian,9,9,0,0,143290,143290
2025-01-16,DEHAM,port446,Hamburg,7,14,396178,402080,21575,28396
2025-01-16,EGALY,port23,Alexandria,3,8,20939,48325,33018,47893
2025-01-16,GBFXT,port343,Felixstowe,3,4,25293,27163,12409,12409
2025-01-16,INNSA,port776,Mumbai-Jawaharlal Nehru (Nhava Sheva),6,18,114968,407688,40111,43705
2025-01-16,KRPUS,port1065,Busan,36,47,154021,169661,225561,228706
2025-01-16,NLRTM,port1114,Rotterdam,14,73,46447,162886,43385,129925
2025-01-16,PLGDN,port380,Gdansk,2,7,0,19627,45072,46073
2025-01-16,SGSIN,port1201,Singapore,47,132,718292,1106160,810575,1237803
2025-01-16,TRMER,port735,Mersin,2,10,0,15390,5974,13871
2025-01-16,UAODS,port843,Odessa,0,0,0,0,0,0
2025-01-16,USLGB,port664,Los Angeles-Long Beach,9,12,593541,645341,182064,200887
2025-01-16,USNYC,port815,New York-New Jersey,2,6,7018,57059,0,1142
2025-01-17,AEJEA,port744,Jebel Ali,15,27,261138,461551,222020,305866
2025-01-17,BRSSZ,port1160,Santos,9,14,80700,144249,70801,71132
2025-01-17,CNSHA,port1188,Shanghai,33,106,63368,756229,375391,577915
2025-01-17,CNSZX,port1414,Yantian,12,13,26475,26475,148820,148820
2025-01-17,DEHAM,port446,Hamburg,6,10,26520,104069,31874,32849
2025-01-17,EGALY,port23,Alexandria,3,8,2143,64280,13090,18101
2025-01-17,GBFXT,port343,Felixstowe,3,5,146039,149789,0,0
2025-01-17,INNSA,port776,Mumbai-Jawaharlal Nehru (Nhava Sheva),10,19,165531,257740,93121,94874
2025-01-17,KRPUS,port1065,Busan,38,57,161034,197202,252076,267946
2025-01-17,NLRTM,port1114,Rotterdam,7,59,0,133613,25287,146422
2025-01-17,PLGDN,port380,Gdansk,3,11,31610,139712,11749,30253
2025-01-17,SGSIN,port1201,Singapore,48,130,857734,1189481,763932,1099245
2025-01-17,TRMER,port735,Mersin,4,8,31210,32167,19086,22382
2025-01-17,UAODS,port843,Odessa,0,0,0,0,0,0
2025-01-17,USLGB,port664,Los Angeles-Long Beach,5,12,287067,415597,141459,215729
2025-01-17,USNYC,port815,New York-New Jersey,10,11,375390,430692,23589,24932
2025-01-18,AEJEA,port744,Jebel Ali,11,23,229462,337736,80496,90300
2025-01-18,BRSSZ,port1160,Santos,6,11,60810,83617,60095,154882
2025-01-18,CNSHA,port1188,Shanghai,40,125,209966,1035216,221441,607197
2025-01-18,CNSZX,port1414,Yantian,9,9,3264,3264,135720,135720
2025-01-18,DEHAM,port446,Hamburg,7,11,34408,34408,75423,78643
2025-01-18,EGALY,port23,Alexandria,3,11,36499,136876,24313,33779
2025-01-18,GBFXT,port343,Felixstowe,3,4,39967,40439,164256,164314
2025-01-18,INNSA,port776,Mumbai-Jawaharlal Nehru (Nhava Sheva),10,30,148191,285542,97387,150036
2025-01-18,KRPUS,port1065,Busan,34,58,412800,444509,139907,158812
2025-01-18,NLRTM,port1114,Rotterdam,18,76,405533,995240,157397,305827
2025-01-18,PLGDN,port380,Gdansk,3,12,22661,133889,190752,242496
2025-01-18,SGSIN,port1201,Singapore,36,121,346007,1072575,1023574,1520677
2025-01-18,TRMER,port735,Mersin,4,10,11291,22332,24130,25074
2025-01-18,UAODS,port843,Odessa,0,0,0,0,0,0
2025-01-18,USLGB,port664,Los Angeles-Long Beach,4,16,577859,722920,0,194013
2025-01-18,USNYC,port815,New York-New Jersey,8,11,104046,143792,24706,24706
2025-01-19,AEJEA,port744,Jebel Ali,18,23,117622,164793,323181,323769
2025-01-19,BRSSZ,port1160,Santos,4,12,87571,156134,87230,242840
2025-01-19,CNSHA,port1188,Shanghai,37,116,269103,781717,314014,954135
2025-01-19,CNSZX,port1414,Yantian,9,9,15617,15617,52379,52379
2025-01-19,DEHAM,port446,Hamburg,10,15,114978,124623,57999,60285
2025-01-19,EGALY,port23,Alexandria,2,5,20939,23922,20031,23867
2025-01-19,GBFXT,port343,Felixstowe,2,4,102235,105522,24749,27892
2025-01-19,INNSA,port776,Mumbai-Jawaharlal Nehru (Nhava Sheva),10,25,140919,233990,101370,110822
2025-01-19,KRPUS,port1065,Busan,29,55,153756,193137,166633,183633
2025-01-19,NLRTM,port1114,Rotterdam,11,82,69030,1606003,205480,309521
2025-01-19,PLGDN,port380,Gdansk,4,11,131408,371200,0,31451
2025-01-19,SGSIN,port1201,Singapore,37,127,1086089,1574692,896996,1347532
2025-01-19,TRMER,port735,Mersin,3,9,0,98464,63535,67736
2025-01-19,UAODS,port843,Odessa,0,0,0,0,0,0
2025-01-19,USLGB,port664,Los Angeles-Long Beach,8,12,745417,888823,0,16047
2025-01-19,USNYC,port815,New York-New Jersey,7,12,116744,375751,138806,138806
2025-01-20,AEJEA,port744,Jebel Ali,15,25,480956,538712,212892,219256
2025-01-20,BRSSZ,port1160,Santos,4,12,0,50647,111792,201450
2025-01-20,CNSHA,port1188,Shanghai,35,134,283648,840841,227959,763390
2025-01-20,CNSZX,port1414,Yantian,8,9,3467,3467,97023,97023
2025-01-20,DEHAM,port446,Hamburg,12,21,166670,169170,258934,299892
2025-01-20,EGALY,port23,Alexandria,5,15,24619,96475,19841,31462
2025-01-20,GBFXT,port343,Felixstowe,1,4,13271,13743,0,58
2025-01-20,INNSA,port776,Mumbai-Jawaharlal Nehru (Nhava Sheva),6,24,122652,439884,72122,81251
2025-01-20,KRPUS,port1065,Busan,32,57,203962,240463,155599,170619
2025-01-20,NLRTM,port1114,Rotterdam,16,73,79935,738333,124535,242849
2025-01-20,PLGDN,port380,Gdansk,2,8,19123,28194,34247,39509
2025-01-20,SGSIN,port1201,Singapore,40,137,889425,1467168,637331,953255
2025-01-20,TRMER,port735,Mersin,5,10,0,33333,53939,55785
2025-01-20,UAODS,port843,Odessa,0,0,0,0,0,0
2025-01-20,USLGB,port664,Los Angeles-Long Beach,1,11,50616,293922,19450,175488
2025-01-20,USNYC,port815,New York-New Jersey,2,6,24549,101726,10156,10156
2025-01-21,AEJEA,port744,Jebel Ali,13,22,159735,363587,287816,300370
2025-01-21,BRSSZ,port1160,Santos,3,7,13580,36326,40219,49829
2025-01-21,CNSHA,port1188,Shanghai,39,153,350164,1395503,415514,1060112
2025-01-21,CNSZX,port1414,Yantian,10,10,0,0,141282,141282
2025-01-21,DEHAM,port446,Hamburg,11,21,34443,266447,115828,163820
2025-01-21,EGALY,port23,Alexandria,3,7,23842,49369,20031,24348
2025-01-21,GBFXT,port343,Felixstowe,2,4,73971,73971,0,0
2025-01-21,INNSA,port776,Mumbai-Jawaharlal Nehru (Nhava Sheva),7,20,78263,85029,95517,124450
2025-01-21,KRPUS,port1065,Busan,36,57,191157,236291,169815,177275
2025-01-21,NLRTM,port1114,Rotterdam,14,78,133731,290328,40356,119993
2025-01-21,PLGDN,port380,Gdansk,3,8,24797,127701,0,5211
2025-01-21,SGSIN,port1201,Singapore,34,128,832134,1438967,454650,815085
2025-01-21,TRMER,port735,Mersin,4,7,151121,188120,8284,8284
2025-01-21,UAODS,port843,Odessa,0,0,0,0,0,0
2025-01-21,USLGB,port664,Los Angeles-Long Beach,4,6,318174,320975,0,0
2025-01-21,USNYC,port815,New York-New Jersey,7,9,163430,163430,92439,92439
2025-01-22,AEJEA,port744,Jebel Ali,15,37,208695,424484,213913,306041
2025-01-22,BRSSZ,port1160,Santos,8,19,83834,112457,63695,316422
2025-01-22,CNSHA,port1188,Shanghai,35,123,334646,1189885,514253,824093
2025-01-22,CNSZX,port1414,Yantian,12,12,17812,17812,74473,74473
2025-01-22,DEHAM,port446,Hamburg,9,19,48651,172097,161854,171192
2025-01-22,EGALY,port23,Alexandria,3,8,33181,86293,20031,24348
2025-01-22,GBFXT,port343,Felixstowe,2,3,35132,37922,0,0
2025-01-22,INNSA,port776,Mumbai-Jawaharlal Nehru (Nhava Sheva),10,28,109539,401266,185767,211635
2025-01-22,KRPUS,port1065,Busan,39,62,91009,120860,173379,189994
2025-01-22,NLRTM,port1114,Rotterdam,20,97,156153,744569,151473,531429
2025-01-22,PLGDN,port380,Gdansk,1,9,4915,244219,10855,14673
2025-01-22,SGSIN,port1201,Singapore,45,136,406483,818367,924679,1344493
2025-01-22,TRMER,port735,Mersin,2,8,11291,14222,9605,15192
2025-01-22,UAODS,port843,Odessa,0,0,0,0,0,0
2025-01-22,USLGB,port664,Los Angeles-Long Beach,6,8,227404,228932,126886,127053
2025-01-22,USNYC,port815,New York-New Jersey,9,14,377629,479265,14539,24662
2025-01-23,AEJEA,port744,Jebel Ali,16,26,489820,631319,160798,170183
2025-01-23,BRSSZ,port1160,Santos,8,13,65516,77656,56308,119974
2025-01-23,CNSHA,port1188,Shanghai,39,118,310001,1056414,372431,647924
2025-01-23,CNSZX,port1414,Yantian,9,9,6447,6447,164066,164066
2025-01-23,DEHAM,port446,Hamburg,11,21,166128,254539,232560,266931
2025-01-23,EGALY,port23,Alexandria,2,7,0,28257,4397,13095
2025-01-23,GBFXT,port343,Felixstowe,2,4,71178,73146,0,722
2025-01-23,INNSA,port776,Mumbai-Jawaharlal Nehru (Nhava Sheva),10,25,96378,157312,56749,88223
2025-01-23,KRPUS,port1065,Busan,38,62,192453,223917,165514,188169
2025-01-23,NLRTM,port1114,Rotterdam,22,91,181930,297615,167970,277889
2025-01-23,PLGDN,port380,Gdansk,1,13,19123,267008,25133,56255
2025-01-23,SGSIN,port1201,Singapore,43,112,749302,985819,762367,1135070
2025-01-23,TRMER,port735,Mersin,3,6,22397,23499,17437,17437
2025-01-23,UAODS,port843,Odessa,0,0,0,0,0,0
2025-01-23,USLGB,port664,Los Angeles-Long Beach,2,7,71949,262530,0,0
2025-01-23,USNYC,port815,New York-New Jersey,4,10,140560,181267,0,1302
2025-01-24,AEJEA,port744,Jebel Ali,16,29,255128,331961,351041,366159
2025-01-24,BRSSZ,port1160,Santos,7,15,102854,136066,48627,193408
2025-01-24,CNSHA,port1188,Shanghai,33,122,252160,984636,370510,712367
2025-01-24,CNSZX,port1414,Yantian,10,11,7383,7383,59854,59854
2025-01-24,DEHAM,port446,Hamburg,11,22,202248,319791,79279,114706
2025-01-24,EGALY,port23,Alexandria,5,16,2576,114266,114487,139225
2025-01-24,GBFXT,port343,Felixstowe,3,3,50567,50567,43419,43419
2025-01-24,INNSA,port776,Mumbai-Jawaharlal Nehru (Nhava Sheva),12,32,192858,272388,283600,288215
2025-01-24,KRPUS,port1065,Busan,27,54,181506,215503,170469,195181
2025-01-24,NLRTM,port1114,Rotterdam,22,83,260199,1116561,340665,469244
2025-01-24,PLGDN,port380,Gdansk,3,8,158053,264698,0,910
2025-01-24,SGSIN,port1201,Singapore,31,126,535690,915532,337866,674382
2025-01-24,TRMER,port735,Mersin,2,7,44257,44257,8284,13502
2025-01-24,UAODS,port843,Odessa,0,0,0,0,0,0
2025-01-24,USLGB,port664,Los Angeles-Long Beach,6,11,190713,465410,418136,427564
2025-01-24,USNYC,port815,New York-New Jersey,8,10,178119,296341,11005,11005
2025-01-25,AEJEA,port744,Jebel Ali,12,27,268743,394640,181096,188405
2025-01-25,BRSSZ,port1160,Santos,7,13,56134,107444,184368,219447
2025-01-25,CNSHA,port1188,Shanghai,33,119,286221,1148336,250378,659339
2025-01-25,CNSZX,port1414,Yantian,6,7,0,0,87996,87996
2025-01-25,DEHAM,port446,Hamburg,7,14,55559,92498,183381,188141
2025-01-25,EGALY,port23,Alexandria,3,13,20939,120220,63216,72886
2025-01-25,GBFXT,port343,Felixstowe,0,1,0,3213,0,0
2025-01-25,INNSA,port776,Mumbai-Jawaharlal Nehru (Nhava Sheva),11,23,41681,299787,224317,227711
2025-01-25,KRPUS,port1065,Busan,39,55,175368,239006,187241,196695
2025-01-25,NLRTM,port1114,Rotterdam,18,75,66095,371820,168373,337832
2025-01-25,PLGDN,port380,Gdansk,1,7,0,7668,29540,36104
2025-01-25,SGSIN,port1201,Singapore,32,116,381309,1099300,479892,921216
2025-01-25,TRMER,port735,Mersin,5,12,23433,30240,30898,32197
2025-01-25,UAODS,port843,Odessa,0,0,0,0,0,0
2025-01-25,USLGB,port664,Los Angeles-Long Beach,6,10,469874,478639,0,17800
2025-01-25,USNYC,port815,New York-New Jersey,8,12,316767,322440,10156,10156
2025-01-26,AEJEA,port744,Jebel Ali,12,30,305723,446682,201595,250469
2025-01-26,BRSSZ,port1160,Santos,4,8,12852,102947,107097,121499
2025-01-26,CNSHA,port1188,Shanghai,33,114,256528,1019920,349745,1005035
2025-01-26,CNSZX,port1414,Yantian,10,10,4370,4370,54312,54312
2025-01-26,DEHAM,port446,Hamburg,12,16,157417,160476,262661,266053
2025-01-26,EGALY,port23,Alexandria,3,11,165945,231493,5209,8189
2025-01-26,GBFXT,port343,Felixstowe,2,2,5739,5739,46623,46623
2025-01-26,INNSA,port776,Mumbai-Jawaharlal Nehru (Nhava Sheva),10,23,137120,265168,117173,121213
2025-01-26,KRPUS,port1065,Busan,31,58,122901,150631,173876,185836
2025-01-26,NLRTM,port1114,Rotterdam,16,69,196872,833720,65312,143415
2025-01-26,PLGDN,port380,Gdansk,2,9,9768,121611,162578,176106
2025-01-26,SGSIN,port1201,Singapore,41,131,1021337,1531372,862417,1204680
2025-01-26,TRMER,port735,Mersin,2,5,0,0,43486,89105
2025-01-26,UAODS,port843,Odessa,0,0,0,0,0,0
2025-01-26,USLGB,port664,Los Angeles-Long Beach,7,16,511409,551301,180678,271632
2025-01-26,USNYC,port815,New York-New Jersey,5,6,141071,141071,102625,102625
2025-01-27,AEJEA,port744,Jebel Ali,17,28,158901,202576,330921,341906
2025-01-27,BRSSZ,port1160,Santos,7,17,155698,238848,58789,262206
2025-01-27,CNSHA,port1188,Shanghai,41,119,170101,773086,419443,742580
2025-01-27,CNSZX,port1414,Yantian,10,11,35733,40136,117135,117156
2025-01-27,DEHAM,port446,Hamburg,5,15,33943,84770,17198,46040
2025-01-27,EGALY,port23,Alexandria,2,17,20939,193488,20031,55382
2025-01-27,GBFXT,port343,Felixstowe,0,2,0,472,0,58
2025-01-27,INNSA,port776,Mumbai-Jawaharlal Nehru (Nhava Sheva),12,31,321622,395488,123555,164796
2025-01-27,KRPUS,port1065,Busan,31,52,229482,268715,114986,154916
2025-01-27,NLRTM,port1114,Rotterdam,21,86,257190,734548,47412,156568
2025-01-27,PLGDN,port380,Gdansk,3,16,197358,568013,7758,48824
2025-01-27,SGSIN,port1201,Singapore,22,122,395605,1101090,173785,517364
2025-01-27,TRMER,port735,Mersin,4,11,52114,83411,37002,67351
2025-01-27,UAODS,port843,Odessa,0,1,0,0,0,874
2025-01-27,USLGB,port664,Los Angeles-Long Beach,6,10,395776,403006,0,17800
2025-01-27,USNYC,port815,New York-New Jersey,4,10,76895,148437,147398,147398
2025-01-28,AEJEA,port744,Jebel Ali,19,31,278106,425276,417576,418761
2025-01-28,BRSSZ,port1160,Santos,4,9,0,7018,44986,137930
2025-01-28,CNSHA,port1188,Shanghai,36,82,170710,345306,427960,667963
2025-01-28,CNSZX,port1414,Yantian,9,11,12826,12826,88579,88579
2025-01-28,DEHAM,port446,Hamburg,14,21,162670,179396,335936,389351
2025-01-28,EGALY,port23,Alexandria,3,11,60581,92849,9178,35437
2025-01-28,GBFXT,port343,Felixstowe,2,4,55824,55824,24749,24749
2025-01-28,INNSA,port776,Mumbai-Jawaharlal Nehru (Nhava Sheva),8,25,141274,472907,41449,121365
2025-01-28,KRPUS,port1065,Busan,20,28,127719,138114,28057,31726
2025-01-28,NLRTM,port1114,Rotterdam,10,68,185294,370744,56779,202222
2025-01-28,PLGDN,port380,Gdansk,2,10,15899,22206,4826,42230
2025-01-28,SGSIN,port1201,Singapore,39,112,1007552,1379306,724251,979039
2025-01-28,TRMER,port735,Mersin,6,10,70582,104775,49172,51470
2025-01-28,UAODS,port843,Odessa,0,0,0,0,0,0
2025-01-28,USLGB,port664,Los Angeles-Long Beach,4,8,440810,446047,0,0
2025-01-28,USNYC,port815,New York-New Jersey,6,9,141058,145345,0,0
2025-01-29,AEJEA,port744,Jebel Ali,13,25,434906,624025,160351,165195
2025-01-29,BRSSZ,port1160,Santos,8,19,106713,189550,12548,210370
2025-01-29,CNSHA,port1188,Shanghai,44,123,688977,1627921,402139,760066
2025-01-29,CNSZX,port1414,Yantian,11,11,11965,11965,169742,169742
2025-01-29,DEHAM,port446,Hamburg,6,17,119598,200091,49451,88497
2025-01-29,EGALY,port23,Alexandria,1,8,10469,40900,10015,18121
2025-01-29,GBFXT,port343,Felixstowe,2,3,5328,5726,223618,223618
2025-01-29,INNSA,port776,Mumbai-Jawaharlal Nehru (Nhava Sheva),7,26,92176,359590,74535,110637
2025-01-29,KRPUS,port1065,Busan,21,36,142117,172282,182554,191497
2025-01-29,NLRTM,port1114,Rotterdam,19,82,165443,478923,197226,323121
2025-01-29,PLGDN,port380,Gdansk,0,11,0,114556,0,4325
2025-01-29,SGSIN,port1201,Singapore,36,107,856353,1383451,590176,786003
2025-01-29,TRMER,port735,Mersin,3,10,5688,10786,29629,32396
2025-01-29,UAODS,port843,Odessa,0,0,0,0,0,0
2025-01-29,USLGB,port664,Los Angeles-Long Beach,5,12,211009,501795,55648,92843
2025-01-29,USNYC,port815,New York-New Jersey,5,9,38833,244037,13464,14808
2025-01-30,AEJEA,port744,Jebel Ali,16,24,113007,257828,301421,308965
2025-01-30,BRSSZ,port1160,Santos,6,12,109824,113303,45964,209945
2025-01-30,CNSHA,port1188,Shanghai,40,110,502960,1482436,340575,685403
2025-01-30,CNSZX,port1414,Yantian,10,11,26041,26041,116345,116345
2025-01-30,DEHAM,port446,Hamburg,10,17,209496,320661,28055,35351
2025-01-30,EGALY,port23,Alexandria,4,10,10469,43235,76563,81515
2025-01-30,GBFXT,port343,Felixstowe,3,4,5551,6697,7151,7151
2025-01-30,INNSA,port776,Mumbai-Jawaharlal Nehru (Nhava Sheva),11,29,190539,383328,228810,237833
2025-01-30,KRPUS,port1065,Busan,26,44,180404,205581,95940,106017
2025-01-30,NLRTM,port1114,Rotterdam,21,75,198392,351795,158978,393654
2025-01-30,PLGDN,port380,Gdansk,1,9,97574,150940,0,4556
2025-01-30,SGSIN,port1201,Singapore,44,131,592640,969400,641920,1349625
2025-01-30,TRMER,port735,Mersin,3,9,0,20644,8895,10912
2025-01-30,UAODS,port843,Odessa,0,0,0,0,0,0
2025-01-30,USLGB,port664,Los Angeles-Long Beach,7,13,372335,443908,116719,223148
2025-01-30,USNYC,port815,New York-New Jersey,7,8,96951,97474,36696,36696
2025-01-31,AEJEA,port744,Jebel Ali,20,31,314895,394163,492675,509694
2025-01-31,BRSSZ,port1160,Santos,6,15,49230,65674,69290,238218
2025-01-31,CNSHA,port1188,Shanghai,32,99,355525,768339,346581,583061
2025-01-31,CNSZX,port1414,Yantian,7,7,0,0,108381,108381
2025-01-31,DEHAM,port446,Hamburg,11,23,166170,278059,119501,142826
2025-01-31,EGALY,port23,Alexandria,4,12,24262,178268,23128,35704
2025-01-31,GBFXT,port343,Felixstowe,2,3,1807,5094,0,0
2025-01-31,INNSA,port776,Mumbai-Jawaharlal Nehru (Nhava Sheva),6,20,54602,135666,82000,88787
2025-01-31,KRPUS,port1065,Busan,28,50,281999,317357,73244,117127
2025-01-31,NLRTM,port1114,Rotterdam,15,82,56069,337266,39321,145567
2025-01-31,PLGDN,port380,Gdansk,3,9,9087,146363,52306,70146
2025-01-31,SGSIN,port1201,Singapore,39,117,823951,1452503,519401,842569
2025-01-31,TRMER,port735,Mersin,4,12,32419,40350,12562,16150
2025-01-31,UAODS,port843,Odessa,0,0,0,0,0,0
2025-01-31,USLGB,port664,Los Angeles-Long Beach,4,9,351793,566247,150225,213289
2025-01-31,USNYC,port815,New York-New Jersey,8,10,242803,242803,20313,30519
2025-02-01,AEJEA,port744,Jebel Ali,12,21,277394,423296,100120,124340
2025-02-01,BRSSZ,port1160,Santos,6,10,52633,62096,85239,190061
2025-02-01,CNSHA,port1188,Shanghai,34,100,218428,567350,303424,702833
2025-02-01,CNSZX,port1414,Yantian,8,8,6483,6483,69477,69477
2025-02-01,DEHAM,port446,Hamburg,8,9,121802,121802,81937,98538
2025-02-01,EGALY,port23,Alexandria,4,11,14945,46939,98302,103877
2025-02-01,GBFXT,port343,Felixstowe,0,0,0,0,0,0
2025-02-01,INNSA,port776,Mumbai-Jawaharlal Nehru (Nhava Sheva),11,26,61759,312290,91379,129130
2025-02-01,KRPUS,port1065,Busan,27,49,223304,252059,119135,138275
2025-02-01,NLRTM,port1114,Rotterdam,19,95,245813,1036725,120590,239134
2025-02-01,PLGDN,port380,Gdansk,2,8,59583,265694,4019,41788
2025-02-01,SGSIN,port1201,Singapore,40,122,1403814,2142501,348435,595073
2025-02-01,TRMER,port735,Mersin,4,10,0,2633,33089,39321
2025-02-01,UAODS,port843,Odessa,0,0,0,0,0,0
2025-02-01,USLGB,port664,Los Angeles-Long Beach,5,9,214406,255047,18806,18806
2025-02-01,USNYC,port815,New York-New Jersey,5,11,165175,225933,15210,15210
2025-02-02,AEJEA,port744,Jebel Ali,16,29,242621,320326,296072,305325
2025-02-02,BRSSZ,port1160,Santos,6,12,95547,118210,55605,102920
2025-02-02,CNSHA,port1188,Shanghai,35,113,520480,1066978,391486,702027
2025-02-02,CNSZX,port1414,Yantian,11,12,6710,16306,115155,115155
2025-02-02,DEHAM,port446,Hamburg,5,9,104307,121222,20788,25123
2025-02-02,EGALY,port23,Alexandria,3,7,35719,110005,24052,31819
2025-02-02,GBFXT,port343,Felixstowe,4,4,86864,86864,0,0
2025-02-02,INNSA,port776,Mumbai-Jawaharlal Nehru (Nhava Sheva),9,22,131210,376942,81063,85028
2025-02-02,KRPUS,port1065,Busan,33,54,76190,107009,125300,134272
2025-02-02,NLRTM,port1114,Rotterdam,24,79,278333,893829,120315,249394
2025-02-02,PLGDN,port380,Gdansk,4,10,61296,67161,44331,76924
2025-02-02,SGSIN,port1201,Singapore,33,110,290748,711166,482295,821228
2025-02-02,TRMER,port735,Mersin,4,8,10847,25951,20668,20668
2025-02-02,UAODS,port843,Odessa,0,0,0,0,0,0
2025-02-02,USLGB,port664,Los Angeles-Long Beach,3,9,90734,157903,14663,14663
2025-02-02,USNYC,port815,New York-New Jersey,7,8,156971,177871,110805,110805
2025-02-03,AEJEA,port744,Jebel Ali,15,28,358425,514613,212061,218486
2025-02-03,BRSSZ,port1160,Santos,5,13,92962,144911,58600,164854
2025-02-03,CNSHA,port1188,Shanghai,39,108,407856,816199,365530,645688
2025-02-03,CNSZX,port1414,Yantian,12,12,8566,8566,146118,146118
2025-02-03,DEHAM,port446,Hamburg,11,20,268979,321566,109126,119470
2025-02-03,EGALY,port23,Alexandria,4,16,71414,166959,24052,80901
2025-02-03,GBFXT,port343,Felixstowe,5,7,142986,143458,38084,38143
2025-02-03,INNSA,port776,Mumbai-Jawaharlal Nehru (Nhava Sheva),8,26,265975,313138,25472,47426
2025-02-03,KRPUS,port1065,Busan,43,63,194271,221094,252958,306451
2025-02-03,NLRTM,port1114,Rotterdam,19,99,214324,1331554,85389,305142
2025-02-03,PLGDN,port380,Gdansk,1,11,10732,36586,0,28672
2025-02-03,SGSIN,port1201,Singapore,33,149,410321,1120970,694953,1185018
2025-02-03,TRMER,port735,Mersin,3,7,24782,39992,3192,5790
2025-02-03,UAODS,port843,Odessa,0,0,0,0,0,0
2025-02-03,USLGB,port664,Los Angeles-Long Beach,5,14,413640,568880,15076,15562
2025-02-03,USNYC,port815,New York-New Jersey,5,11,113041,152042,120528,122775
2025-02-04,AEJEA,port744,Jebel Ali,14,29,122119,297162,445666,464645
2025-02-04,BRSSZ,port1160,Santos,6,14,59817,153799,94484,222516
2025-02-04,CNSHA,port1188,Shanghai,30,109,199595,945405,231313,902360
2025-02-04,CNSZX,port1414,Yantian,10,12,9620,22352,121236,121236
2025-02-04,DEHAM,port446,Hamburg,12,17,269589,328637,274419,282507
2025-02-04,EGALY,port23,Alexandria,3,11,0,43116,30891,42240
2025-02-04,GBFXT,port343,Felixstowe,2,5,29179,32439,20451,20451
2025-02-04,INNSA,port776,Mumbai-Jawaharlal Nehru (Nhava Sheva),11,23,108468,168682,65461,71011
2025-02-04,KRPUS,port1065,Busan,34,46,148536,169454,129150,135636
2025-02-04,NLRTM,port1114,Rotterdam,24,84,68994,778818,126316,240623
2025-02-04,PLGDN,port380,Gdansk,1,8,12739,82750,0,8613
2025-02-04,SGSIN,port1201,Singapore,46,125,554593,904373,532947,839904
2025-02-04,TRMER,port735,Mersin,5,7,50069,50069,16170,18232
2025-02-04,UAODS,port843,Odessa,0,0,0,0,0,0
2025-02-04,USLGB,port664,Los Angeles-Long Beach,4,5,242225,242225,54997,69333
2025-02-04,USNYC,port815,New York-New Jersey,4,10,143430,199836,0,1615
2025-02-05,AEJEA,port744,Jebel Ali,11,19,188897,206544,233047,234774
2025-02-05,BRSSZ,port1160,Santos,5,11,51306,51306,34495,217899
2025-02-05,CNSHA,port1188,Shanghai,27,120,140451,907631,267450,991108
2025-02-05,CNSZX,port1414,Yantian,9,10,26451,26451,69086,69086
2025-02-05,DEHAM,port446,Hamburg,10,16,227880,302733,139808,156564
2025-02-05,EGALY,port23,Alexandria,2,5,0,59981,53994,55195
2025-02-05,GBFXT,port343,Felixstowe,3,5,23750,26313,51615,52338
2025-02-05,INNSA,port776,Mumbai-Jawaharlal Nehru (Nhava Sheva),8,22,66570,235153,136772,195447
2025-02-05,KRPUS,port1065,Busan,23,39,49442,88849,196391,202380
2025-02-05,NLRTM,port1114,Rotterdam,19,73,222531,910699,170754,276201
2025-02-05,PLGDN,port380,Gdansk,1,6,0,28398,16069,20773
2025-02-05,SGSIN,port1201,Singapore,36,105,390096,904194,504426,850252
2025-02-05,TRMER,port735,Mersin,2,12,6169,23920,7388,11788
2025-02-05,UAODS,port843,Odessa,0,0,0,0,0,0
2025-02-05,USLGB,port664,Los Angeles-Long Beach,4,10,390698,556591,0,8788
2025-02-05,USNYC,port815,New York-New Jersey,2,4,6973,6973,0,0
2025-02-06,AEJEA,port744,Jebel Ali,17,29,255672,274595,505419,510115
2025-02-06,BRSSZ,port1160,Santos,7,18,34913,78923,64668,301774
2025-02-06,CNSHA,port1188,Shanghai,33,102,410224,753475,320028,641053
2025-02-06,CNSZX,port1414,Yantian,13,14,73328,73328,63329,63329
2025-02-06,DEHAM,port446,Hamburg,10,19,82289,111460,183449,189778
2025-02-06,EGALY,port23,Alexandria,0,1,0,1858,0,635
2025-02-06,GBFXT,port343,Felixstowe,2,2,64743,64743,0,0
2025-02-06,INNSA,port776,Mumbai-Jawaharlal Nehru (Nhava Sheva),8,20,49052,163453,212813,262797
2025-02-06,KRPUS,port1065,Busan,33,52,170244,201510,123889,128302
2025-02-06,NLRTM,port1114,Rotterdam,21,99,197408,987034,292835,378534
2025-02-06,PLGDN,port380,Gdansk,5,13,71308,74390,141427,185944
2025-02-06,SGSIN,port1201,Singapore,36,105,522842,1021731,576768,742417
2025-02-06,TRMER,port735,Mersin,4,7,34599,38788,8588,10152
2025-02-06,UAODS,port843,Odessa,0,0,0,0,0,0
2025-02-06,USLGB,port664,Los Angeles-Long Beach,10,16,689978,787988,255854,283135
2025-02-06,USNYC,port815,New York-New Jersey,5,10,206289,246367,11264,11264
2025-02-07,AEJEA,port744,Jebel Ali,19,30,317331,494153,79192,149372
2025-02-07,BRSSZ,port1160,Santos,5,15,49997,113716,41415,249183
2025-02-07,CNSHA,port1188,Shanghai,19,53,273832,604693,284853,452111
2025-02-07,CNSZX,port1414,Yantian,9,9,10985,10985,72001,72001
2025-02-07,DEHAM,port446,Hamburg,14,19,222153,236465,322249,327645
2025-02-07,EGALY,port23,Alexandria,0,0,0,0,0,0
2025-02-07,GBFXT,port343,Felixstowe,1,1,28163,28163,0,0
2025-02-07,INNSA,port776,Mumbai-Jawaharlal Nehru (Nhava Sheva),7,19,246690,451759,102202,131079
2025-02-07,KRPUS,port1065,Busan,22,35,36486,58996,314667,322970
2025-02-07,NLRTM,port1114,Rotterdam,19,89,226216,1099186,52461,225862
2025-02-07,PLGDN,port380,Gdansk,2,7,9471,109323,15849,48166
2025-02-07,SGSIN,port1201,Singapore,37,130,1107975,1697030,373587,701308
2025-02-07,TRMER,port735,Mersin,6,11,95295,98160,8871,13541
2025-02-07,UAODS,port843,Odessa,0,0,0,0,0,0
2025-02-07,USLGB,port664,Los Angeles-Long Beach,6,8,108023,155946,341975,342557
2025-02-07,USNYC,port815,New York-New Jersey,9,13,122364,301382,26646,26646
2025-02-08,AEJEA,port744,Jebel Ali,9,18,177112,339202,45933,54266
2025-02-08,BRSSZ,port1160,Santos,7,13,61131,141531,103529,217812
2025-02-08,CNSHA,port1188,Shanghai,22,97,248177,794891,151844,577148
2025-02-08,CNSZX,port1414,Yantian,16,18,44764,44764,90437,90437
2025-02-08,DEHAM,port446,Hamburg,5,10,62359,99498,150856,154868
2025-02-08,EGALY,port23,Alexandria,5,12,181436,244193,41069,41175
2025-02-08,GBFXT,port343,Felixstowe,3,6,8011,9130,230906,236618
2025-02-08,INNSA,port776,Mumbai-Jawaharlal Nehru (Nhava Sheva),11,25,103401,164456,191383,194204
2025-02-08,KRPUS,port1065,Busan,31,54,123762,158958,197342,206154
2025-02-08,NLRTM,port1114,Rotterdam,15,86,245359,1303375,75606,260663
2025-02-08,PLGDN,port380,Gdansk,3,9,78978,234508,27527,44674
2025-02-08,SGSIN,port1201,Singapore,36,115,603788,1108290,615710,934239
2025-02-08,TRMER,port735,Mersin,5,8,86156,86994,38604,39903
2025-02-08,UAODS,port843,Odessa,0,0,0,0,0,0
2025-02-08,USLGB,port664,Los Angeles-Long Beach,7,12,373304,448883,15076,143049
2025-02-08,USNYC,port815,New York-New Jersey,7,11,110237,173766,0,1615
2025-02-09,AEJEA,port744,Jebel Ali,18,32,669607,750454,111234,123215
2025-02-09,BRSSZ,port1160,Santos,7,16,51351,102273,71204,388021
2025-02-09,CNSHA,port1188,Shanghai,32,106,346983,726709,247820,590536
2025-02-09,CNSZX,port1414,Yantian,10,10,52320,52320,40676,40676
2025-02-09,DEHAM,port446,Hamburg,7,19,35141,145004,84349,126749
2025-02-09,EGALY,port23,Alexandria,3,12,149874,199827,24052,33389
2025-02-09,GBFXT,port343,Felixstowe,3,4,37414,39377,0,0
2025-02-09,INNSA,port776,Mumbai-Jawaharlal Nehru (Nhava Sheva),12,31,162789,302732,234071,271335
2025-02-09,KRPUS,port1065,Busan,29,51,165214,189446,169962,184236
2025-02-09,NLRTM,port1114,Rotterdam,25,84,354512,1035242,93845,156708
2025-02-09,PLGDN,port380,Gdansk,4,8,42179,183840,41652,43559
2025-02-09,SGSIN,port1201,Singapore,32,104,344042,1195028,742539,961692
2025-02-09,TRMER,port735,Mersin,3,9,0,24579,96150,98651
2025-02-09,UAODS,port843,Odessa,0,0,0,0,0,0
2025-02-09,USLGB,port664,Los Angeles-Long Beach,7,10,571125,684990,44903,44903
2025-02-09,USNYC,port815,New York-New Jersey,7,9,145892,164232,100244,100244
2025-02-10,AEJEA,port744,Jebel Ali,9,23,213645,471754,201246,226154
2025-02-10,BRSSZ,port1160,Santos,6,12,142107,154837,41729,180817
2025-02-10,CNSHA,port1188,Shanghai,33,107,394032,1131252,209646,552243
2025-02-10,CNSZX,port1414,Yantian,9,9,39361,39361,65531,65531
2025-02-10,DEHAM,port446,Hamburg,14,22,128210,272936,180575,181739
2025-02-10,EGALY,port23,Alexandria,4,21,19161,205858,61358,92985
2025-02-10,GBFXT,port343,Felixstowe,4,6,68029,68501,468060,468118
2025-02-10,INNSA,port776,Mumbai-Jawaharlal Nehru (Nhava Sheva),8,25,171827,483398,12456,36590
2025-02-10,KRPUS,port1065,Busan,36,65,369412,408965,126783,143110
2025-02-10,NLRTM,port1114,Rotterdam,16,95,148261,688234,236066,516415
2025-02-10,PLGDN,port380,Gdansk,2,10,31798,67006,6497,17525
2025-02-10,SGSIN,port1201,Singapore,38,135,373884,770466,673623,1096987
2025-02-10,TRMER,port735,Mersin,4,8,33367,44293,39422,42963
2025-02-10,UAODS,port843,Odessa,0,0,0,0,0,0
2025-02-10,USLGB,port664,Los Angeles-Long Beach,2,8,108903,254959,0,35858
2025-02-10,USNYC,port815,New York-New Jersey,10,15,253964,358784,61148,61148
2025-02-11,AEJEA,port744,Jebel Ali,17,33,236563,314398,309946,320235
2025-02-11,BRSSZ,port1160,Santos,9,21,25514,87614,106322,274497
2025-02-11,CNSHA,port1188,Shanghai,29,104,356405,905618,204547,405251
2025-02-11,CNSZX,port1414,Yantian,7,8,35173,35173,58519,58519
2025-02-11,DEHAM,port446,Hamburg,9,11,70949,71720,49529,49529
2025-02-11,EGALY,port23,Alexandria,5,12,33558,98380,88464,139705
2025-02-11,GBFXT,port343,Felixstowe,2,7,26417,29834,30370,31636
2025-02-11,INNSA,port776,Mumbai-Jawaharlal Nehru (Nhava Sheva),10,25,105496,182035,105269,148285
2025-02-11,KRPUS,port1065,Busan,33,57,84857,121841,158855,172271
2025-02-11,NLRTM,port1114,Rotterdam,24,93,204593,897224,98415,242494
2025-02-11,PLGDN,port380,Gdansk,3,11,8937,145801,254979,269512
2025-02-11,SGSIN,port1201,Singapore,44,128,594731,764234,782234,1196508
2025-02-11,TRMER,port735,Mersin,4,14,6054,108000,55388,67128
2025-02-11,UAODS,port843,Odessa,0,0,0,0,0,0
2025-02-11,USLGB,port664,Los Angeles-Long Beach,2,6,119753,198685,0,54396
2025-02-11,USNYC,port815,New York-New Jersey,7,13,219239,359025,9652,10257
2025-02-12,AEJEA,port744,Jebel Ali,14,23,269955,277075,304963,401082
2025-02-12,BRSSZ,port1160,Santos,6,12,43633,43633,83350,205813
2025-02-12,CNSHA,port1188,Shanghai,34,96,429380,1128709,269282,665032
2025-02-12,CNSZX,port1414,Yantian,2,2,14934,14934,3018,3018
2025-02-12,DEHAM,port446,Hamburg,15,23,241274,264694,123372,138718
2025-02-12,EGALY,port23,Alexandria,2,11,12186,68862,10423,24250
2025-02-12,GBFXT,port343,Felixstowe,2,2,15695,15695,23357,23357
2025-02-12,INNSA,port776,Mumbai-Jawaharlal Nehru (Nhava Sheva),8,22,100903,363543,227691,280492
2025-02-12,KRPUS,port1065,Busan,33,50,209150,240434,119350,130212
2025-02-12,NLRTM,port1114,Rotterdam,22,97,147052,651622,71588,195661
2025-02-12,PLGDN,port380,Gdansk,2,14,0,236243,21818,28684
2025-02-12,SGSIN,port1201,Singapore,37,121,628202,1706241,855280,1171347
2025-02-12,TRMER,port735,Mersin,3,8,24259,30629,0,4299
2025-02-12,UAODS,port843,Odessa,0,0,0,0,0,0
2025-02-12,USLGB,port664,Los Angeles-Long Beach,6,10,414426,432220,223016,300389
2025-02-12,USNYC,port815,New York-New Jersey,7,13,188345,253670,0,40561
2025-02-13,AEJEA,port744,Jebel Ali,20,31,305313,578351,302167,324231
2025-02-13,BRSSZ,port1160,Santos,5,16,35599,82688,22570,352949
2025-02-13,CNSHA,port1188,Shanghai,32,127,383789,1232857,191792,735787
2025-02-13,CNSZX,port1414,Yantian,9,10,23673,23673,36514,36514
2025-02-13,DEHAM,port446,Hamburg,7,14,149494,156286,95890,104751
2025-02-13,EGALY,port23,Alexandria,2,5,14945,18851,19515,22125
2025-02-13,GBFXT,port343,Felixstowe,1,2,16777,21074,0,0
2025-02-13,INNSA,port776,Mumbai-Jawaharlal Nehru (Nhava Sheva),7,18,8789,188150,175202,216185
2025-02-13,KRPUS,port1065,Busan,39,61,157214,199515,430215,445195
2025-02-13,NLRTM,port1114,Rotterdam,10,79,18035,354658,64359,192493
2025-02-13,PLGDN,port380,Gdansk,3,15,31349,280189,37676,42983
2025-02-13,SGSIN,port1201,Singapore,40,111,602387,889530,838422,1210210
2025-02-13,TRMER,port735,Mersin,4,8,8663,10184,6644,8391
2025-02-13,UAODS,port843,Odessa,0,1,0,0,0,1282
2025-02-13,USLGB,port664,Los Angeles-Long Beach,2,5,90176,222648,0,2541
2025-02-13,USNYC,port815,New York-New Jersey,5,13,69355,246605,82695,121981
2025-02-14,AEJEA,port744,Jebel Ali,14,31,434176,614696,244793,251934
2025-02-14,BRSSZ,port1160,Santos,6,19,57124,85751,66393,442871
2025-02-14,CNSHA,port1188,Shanghai,39,139,389024,1279026,360309,918225
2025-02-14,CNSZX,port1414,Yantian,12,12,41822,41822,113928,113928
2025-02-14,DEHAM,port446,Hamburg,11,19,81811,287270,170489,171747
2025-02-14,EGALY,port23,Alexandria,2,11,26876,125197,12026,22548
2025-02-14,GBFXT,port343,Felixstowe,5,6,128597,128597,101064,101064
2025-02-14,INNSA,port776,Mumbai-Jawaharlal Nehru (Nhava Sheva),6,24,46379,187898,98990,102943
2025-02-14,KRPUS,port1065,Busan,29,37,41090,49041,202412,209304
2025-02-14,NLRTM,port1114,Rotterdam,18,103,111246,980912,68367,216260
2025-02-14,PLGDN,port380,Gdansk,5,8,21710,25353,98129,98129
2025-02-14,SGSIN,port1201,Singapore,41,132,591811,941211,537824,969028
2025-02-14,TRMER,port735,Mersin,3,11,35534,88428,10220,14077
2025-02-14,UAODS,port843,Odessa,0,0,0,0,0,0
2025-02-14,USLGB,port664,Los Angeles-Long Beach,7,12,632895,697266,124810,124810
2025-02-14,USNYC,port815,New York-New Jersey,8,12,404918,476242,19305,19305
2025-02-15,AEJEA,port744,Jebel Ali,12,17,515364,593729,162042,164352
2025-02-15,BRSSZ,port1160,Santos,6,13,115653,134959,101424,280511
2025-02-15,CNSHA,port1188,Shanghai,33,103,618020,1053326,283751,701639
2025-02-15,CNSZX,port1414,Yantian,9,10,24242,30031,75777,75905
2025-02-15,DEHAM,port446,Hamburg,8,15,107330,153240,84022,88969
2025-02-15,EGALY,port23,Alexandria,4,9,46307,74819,24052,29167
2025-02-15,GBFXT,port343,Felixstowe,3,4,123661,126948,0,0
2025-02-15,INNSA,port776,Mumbai-Jawaharlal Nehru (Nhava Sheva),10,24,101731,163290,179417,211135
2025-02-15,KRPUS,port1065,Busan,32,55,121094,155943,126966,134938
2025-02-15,NLRTM,port1114,Rotterdam,22,78,144354,393395,90212,370687
2025-02-15,PLGDN,port380,Gdansk,2,7,109045,117016,0,6817
2025-02-15,SGSIN,port1201,Singapore,38,117,970339,1115496,1023599,1357977
2025-02-15,TRMER,port735,Mersin,6,12,83333,101272,55563,64906
2025-02-15,UAODS,port843,Odessa,0,0,0,0,0,0
2025-02-15,USLGB,port664,Los Angeles-Long Beach,4,9,315738,360663,15076,81502
2025-02-15,USNYC,port815,New York-New Jersey,4,7,26848,26848,31294,43473
2025-02-16,AEJEA,port744,Jebel Ali,14,27,144443,244467,172804,201865
2025-02-16,BRSSZ,port1160,Santos,4,13,40364,188730,52859,243166
2025-02-16,CNSHA,port1188,Shanghai,29,104,221183,548731,205790,878424
2025-02-16,CNSZX,port1414,Yantian,9,9,55644,55644,75862,75862
2025-02-16,DEHAM,port446,Hamburg,14,21,263558,337657,204766,211016
2025-02-16,EGALY,port23,Alexandria,3,7,14945,60964,55781,55781
2025-02-16,GBFXT,port343,Felixstowe,2,3,6993,8495,18351,18351
2025-02-16,INNSA,port776,Mumbai-Jawaharlal Nehru (Nhava Sheva),9,27,291159,744154,16444,22661
2025-02-16,KRPUS,port1065,Busan,41,68,151503,222922,274935,287498
2025-02-16,NLRTM,port1114,Rotterdam,20,79,149337,830060,376315,447131
2025-02-16,PLGDN,port380,Gdansk,2,8,28467,167429,7303,8420
2025-02-16,SGSIN,port1201,Singapore,45,107,636661,1018541,1084949,1480774
2025-02-16,TRMER,port735,Mersin,3,7,72388,74813,10220,11519
2025-02-16,UAODS,port843,Odessa,0,0,0,0,0,0
2025-02-16,USLGB,port664,Los Angeles-Long Beach,6,8,387606,565856,35762,35762
2025-02-16,USNYC,port815,New York-New Jersey,2,10,5724,153266,132268,132268
2025-02-17,AEJEA,port744,Jebel Ali,15,31,161918,310661,462036,510281
2025-02-17,BRSSZ,port1160,Santos,9,17,76244,88969,72795,262652
2025-02-17,CNSHA,port1188,Shanghai,39,147,275154,1217248,299842,798354
2025-02-17,CNSZX,port1414,Yantian,11,12,11485,11952,55637,55637
2025-02-17,DEHAM,port446,Hamburg,9,17,115647,122343,63024,71724
2025-02-17,EGALY,port23,Alexandria,3,18,14945,106414,35436,53304
2025-02-17,GBFXT,port343,Felixstowe,4,7,19800,20272,0,3953
2025-02-17,INNSA,port776,Mumbai-Jawaharlal Nehru (Nhava Sheva),11,27,249657,313059,74821,77509
2025-02-17,KRPUS,port1065,Busan,30,68,180786,249109,225667,291591
2025-02-17,NLRTM,port1114,Rotterdam,18,86,130838,614792,82221,162599
2025-02-17,PLGDN,port380,Gdansk,3,11,6393,16826,20291,72470
2025-02-17,SGSIN,port1201,Singapore,41,135,792856,1163619,547572,863810
2025-02-17,TRMER,port735,Mersin,3,5,21338,22545,22990,22990
2025-02-17,UAODS,port843,Odessa,0,0,0,0,0,0
2025-02-17,USLGB,port664,Los Angeles-Long Beach,4,16,218911,270378,131886,356417
2025-02-17,USNYC,port815,New York-New Jersey,1,3,0,16725,68201,68201
2025-02-18,AEJEA,port744,Jebel Ali,18,25,444684,478710,234046,240626
2025-02-18,BRSSZ,port1160,Santos,3,12,29907,37491,28827,385648
2025-02-18,CNSHA,port1188,Shanghai,39,139,347197,1070782,324918,956828
2025-02-18,CNSZX,port1414,Yantian,12,13,55085,55085,127401,127401
2025-02-18,DEHAM,port446,Hamburg,11,21,94500,405431,77444,84090
2025-02-18,EGALY,port23,Alexandria,5,13,75952,166444,2767,20506
2025-02-18,GBFXT,port343,Felixstowe,2,5,40957,43621,0,0
2025-02-18,INNSA,port776,Mumbai-Jawaharlal Nehru (Nhava Sheva),11,27,163076,391080,123555,175446
2025-02-18,KRPUS,port1065,Busan,26,46,167614,199513,110296,117613
2025-02-18,NLRTM,port1114,Rotterdam,17,77,172016,447586,140061,342833
2025-02-18,PLGDN,port380,Gdansk,2,5,118521,250374,16908,16908
2025-02-18,SGSIN,port1201,Singapore,42,121,954204,1640564,732189,1048077
2025-02-18,TRMER,port735,Mersin,3,10,6795,9286,14152,20486
2025-02-18,UAODS,port843,Odessa,0,0,0,0,0,0
2025-02-18,USLGB,port664,Los Angeles-Long Beach,8,13,556843,716296,25089,27915
2025-02-18,USNYC,port815,New York-New Jersey,10,13,239074,377208,30436,30436
2025-02-19,AEJEA,port744,Jebel Ali,16,23,186425,257813,390782,391178
2025-02-19,BRSSZ,port1160,Santos,10,21,91671,152003,86313,224668
2025-02-19,CNSHA,port1188,Shanghai,41,135,708700,1701024,226810,587662
2025-02-19,CNSZX,port1414,Yantian,9,10,12773,12773,50861,55088
2025-02-19,DEHAM,port446,Hamburg,7,18,112113,137820,31448,77200
2025-02-19,EGALY,port23,Alexandria,2,9,14945,125454,22405,28628
2025-02-19,GBFXT,port343,Felixstowe,4,4,20712,20712,0,0
2025-02-19,INNSA,port776,Mumbai-Jawaharlal Nehru (Nhava Sheva),9,27,55783,116199,163167,263415
2025-02-19,KRPUS,port1065,Busan,33,54,105526,150811,169526,176201
2025-02-19,NLRTM,port1114,Rotterdam,13,72,12392,686959,56544,153201
2025-02-19,PLGDN,port380,Gdansk,2,4,26859,36322,16908,18827
2025-02-19,SGSIN,port1201,Singapore,48,128,591867,1092988,670247,963216
2025-02-19,TRMER,port735,Mersin,4,10,28260,44857,35467,51008
2025-02-19,UAODS,port843,Odessa,0,0,0,0,0,0
2025-02-19,USLGB,port664,Los Angeles-Long Beach,0,8,0,390815,0,100483
2025-02-19,USNYC,port815,New York-New Jersey,7,9,220195,294982,159647,159647
2025-02-20,AEJEA,port744,Jebel Ali,13,24,325222,345305,182776,193017
2025-02-20,BRSSZ,port1160,Santos,6,18,30991,131221,77919,343025
2025-02-20,CNSHA,port1188,Shanghai,41,125,188496,898820,397999,910264
2025-02-20,CNSZX,port1414,Yantian,12,12,6583,6583,100115,100115
2025-02-20,DEHAM,port446,Hamburg,11,20,92815,127132,105589,168669
2025-02-20,EGALY,port23,Alexandria,3,11,41121,118407,41329,53643
2025-02-20,GBFXT,port343,Felixstowe,2,3,51342,55225,23357,23357
2025-02-20,INNSA,port776,Mumbai-Jawaharlal Nehru (Nhava Sheva),11,30,172299,451681,169701,174451
2025-02-20,KRPUS,port1065,Busan,34,56,335806,418758,188448,198270
2025-02-20,NLRTM,port1114,Rotterdam,28,92,275052,712861,125973,253366
2025-02-20,PLGDN,port380,Gdansk,3,11,0,5670,72988,79246
2025-02-20,SGSIN,port1201,Singapore,35,109,439714,816498,839019,1066972
2025-02-20,TRMER,port735,Mersin,5,9,34524,36099,16007,21409
2025-02-20,UAODS,port843,Odessa,0,0,0,0,0,0
2025-02-20,USLGB,port664,Los Angeles-Long Beach,6,8,447228,447228,140214,217914
2025-02-20,USNYC,port815,New York-New Jersey,5,8,130037,185338,9652,38468
2025-02-21,AEJEA,port744,Jebel Ali,15,31,115463,411759,244716,298347
2025-02-21,BRSSZ,port1160,Santos,8,22,37022,96885,75539,454425
2025-02-21,CNSHA,port1188,Shanghai,36,108,161679,714790,231576,849634
2025-02-21,CNSZX,port1414,Yantian,7,9,7166,7296,66616,66616
2025-02-21,DEHAM,port446,Hamburg,11,22,177680,286381,156347,170728
2025-02-21,EGALY,port23,Alexandria,1,1,0,0,33544,33544
2025-02-21,GBFXT,port343,Felixstowe,3,3,51750,51750,0,0
2025-02-21,INNSA,port776,Mumbai-Jawaharlal Nehru (Nhava Sheva),9,24,84371,177130,91685,104177
2025-02-21,KRPUS,port1065,Busan,37,51,153495,175082,223271,227983
2025-02-21,NLRTM,port1114,Rotterdam,20,90,171499,672086,44505,178561
2025-02-21,PLGDN,port380,Gdansk,3,7,95331,192226,0,18466
2025-02-21,SGSIN,port1201,Singapore,44,129,352269,594636,1103691,1690531
2025-02-21,TRMER,port735,Mersin,4,8,74991,78911,0,1299
2025-02-21,UAODS,port843,Odessa,0,0,0,0,0,0
2025-02-21,USLGB,port664,Los Angeles-Long Beach,8,13,332165,464808,291588,294620
2025-02-21,USNYC,port815,New York-New Jersey,8,13,144796,199958,15869,15869
2025-02-22,AEJEA,port744,Jebel Ali,17,25,288859,338433,172611,176324
2025-02-22,BRSSZ,port1160,Santos,4,13,58518,66303,71410,330904
2025-02-22,CNSHA,port1188,Shanghai,41,124,336769,926645,397322,699614
2025-02-22,CNSZX,port1414,Yantian,12,13,43190,50038,131845,131845
2025-02-22,DEHAM,port446,Hamburg,6,14,73167,74959,60536,77550
2025-02-22,EGALY,port23,Alexandria,0,0,0,0,0,0
2025-02-22,GBFXT,port343,Felixstowe,1,1,2100,2100,0,0
2025-02-22,INNSA,port776,Mumbai-Jawaharlal Nehru (Nhava Sheva),12,24,103762,295906,141380,172028
2025-02-22,KRPUS,port1065,Busan,36,54,363198,377974,243507,247781
2025-02-22,NLRTM,port1114,Rotterdam,13,83,162683,426094,41939,240617
2025-02-22,PLGDN,port380,Gdansk,3,5,49877,57596,45769,45769
2025-02-22,SGSIN,port1201,Singapore,37,120,491133,935024,841509,1254984
2025-02-22,TRMER,port735,Mersin,5,16,8135,88212,67232,80860
2025-02-22,UAODS,port843,Odessa,0,0,0,0,0,0
2025-02-22,USLGB,port664,Los Angeles-Long Beach,8,13,786791,901339,0,26480
2025-02-22,USNYC,port815,New York-New Jersey,4,6,134295,151676,21101,22716
2025-02-23,AEJEA,port744,Jebel Ali,13,23,319843,391869,197951,238346
2025-02-23,BRSSZ,port1160,Santos,6,15,41275,54781,139608,323422
2025-02-23,CNSHA,port1188,Shanghai,32,108,198008,850090,272323,541996
2025-02-23,CNSZX,port1414,Yantian,11,11,38941,38941,101154,101154
2025-02-23,DEHAM,port446,Hamburg,13,19,277497,286907,418303,434671
2025-02-23,EGALY,port23,Alexandria,6,13,78236,141759,134853,134853
2025-02-23,GBFXT,port343,Felixstowe,1,1,0,0,17440,17440
2025-02-23,INNSA,port776,Mumbai-Jawaharlal Nehru (Nhava Sheva),10,18,162482,169621,67043,69330
2025-02-23,KRPUS,port1065,Busan,31,52,140891,172082,223192,261177
2025-02-23,NLRTM,port1114,Rotterdam,15,81,93270,676190,57150,147458
2025-02-23,PLGDN,port380,Gdansk,3,11,36282,206686,7303,40516
2025-02-23,SGSIN,port1201,Singapore,39,100,588948,851150,820824,1068163
2025-02-23,TRMER,port735,Mersin,2,8,10950,12753,21940,25587
2025-02-23,UAODS,port843,Odessa,0,0,0,0,0,0
2025-02-23,USLGB,port664,Los Angeles-Long Beach,3,6,247267,247267,114488,114488
2025-02-23,USNYC,port815,New York-New Jersey,8,12,398223,435062,9276,29156
2025-02-24,AEJEA,port744,Jebel Ali,17,27,271684,307556,217097,223087
2025-02-24,BRSSZ,port1160,Santos,6,20,40868,98676,53835,466641
2025-02-24,CNSHA,port1188,Shanghai,37,126,285068,729347,309075,674230
2025-02-24,CNSZX,port1414,Yantian,11,11,6831,6831,124159,124159
2025-02-24,DEHAM,port446,Hamburg,8,18,45773,64745,114609,128293
2025-02-24,EGALY,port23,Alexandria,5,24,29890,226084,93887,123232
2025-02-24,GBFXT,port343,Felixstowe,1,3,114601,115073,0,58
2025-02-24,INNSA,port776,Mumbai-Jawaharlal Nehru (Nhava Sheva),5,30,73364,215633,51660,83953
2025-02-24,KRPUS,port1065,Busan,32,53,179913,209715,130313,142877
2025-02-24,NLRTM,port1114,Rotterdam,17,85,131791,876785,198745,308366
2025-02-24,PLGDN,port380,Gdansk,3,4,235976,235976,82858,118035
2025-02-24,SGSIN,port1201,Singapore,41,140,833045,1220442,521817,879897
2025-02-24,TRMER,port735,Mersin,1,7,8135,40505,10220,18927
2025-02-24,UAODS,port843,Odessa,0,0,0,0,0,0
2025-02-24,USLGB,port664,Los Angeles-Long Beach,6,9,331822,406770,115595,115595
2025-02-24,USNYC,port815,New York-New Jersey,4,10,193311,211132,0,18232
2025-02-25,AEJEA,port744,Jebel Ali,12,14,241316,302607,245240,245240
2025-02-25,BRSSZ,port1160,Santos,7,17,93284,119244,47074,340472
2025-02-25,CNSHA,port1188,Shanghai,39,118,279641,847476,355930,720180
2025-02-25,CNSZX,port1414,Yantian,10,12,67349,81708,43051,43051
2025-02-25,DEHAM,port446,Hamburg,10,19,117382,141108,87076,100889
2025-02-25,EGALY,port23,Alexandria,2,12,14945,106201,30841,46575
2025-02-25,GBFXT,port343,Felixstowe,3,6,38030,40280,92586,92586
2025-02-25,INNSA,port776,Mumbai-Jawaharlal Nehru (Nhava Sheva),9,27,163825,285447,195507,228457
2025-02-25,KRPUS,port1065,Busan,32,57,154347,227984,164501,195453
2025-02-25,NLRTM,port1114,Rotterdam,20,88,135112,686613,122896,276535
2025-02-25,PLGDN,port380,Gdansk,3,10,24938,42165,144593,148311
2025-02-25,SGSIN,port1201,Singapore,39,132,867871,1502943,428207,1254234
2025-02-25,TRMER,port735,Mersin,4,8,4167,4748,73136,74834
2025-02-25,UAODS,port843,Odessa,0,0,0,0,0,0
2025-02-25,USLGB,port664,Los Angeles-Long Beach,6,10,303140,369334,70040,77727
2025-02-25,USNYC,port815,New York-New Jersey,8,11,38861,178824,156858,156858
2025-02-26,AEJEA,port744,Jebel Ali,10,23,147847,376985,268386,276803
2025-02-26,BRSSZ,port1160,Santos,6,15,12577,93657,92019,252799
2025-02-26,CNSHA,port1188,Shanghai,30,114,208140,1026767,241671,597103
2025-02-26,CNSZX,port1414,Yantian,6,6,10890,10890,134885,134885
2025-02-26,DEHAM,port446,Hamburg,11,16,287468,373613,59755,96776
2025-02-26,EGALY,port23,Alexandria,5,18,41295,210770,29323,48342
2025-02-26,GBFXT,port343,Felixstowe,1,3,17077,18977,0,5086
2025-02-26,INNSA,port776,Mumbai-Jawaharlal Nehru (Nhava Sheva),7,23,48143,342281,45519,52554
2025-02-26,KRPUS,port1065,Busan,33,59,178954,218880,186151,206541
2025-02-26,NLRTM,port1114,Rotterdam,17,89,250811,741347,222028,296638
2025-02-26,PLGDN,port380,Gdansk,2,5,32784,36087,0,2061
2025-02-26,SGSIN,port1201,Singapore,45,137,509361,1052237,693535,996080
2025-02-26,TRMER,port735,Mersin,1,11,39433,87681,0,7447
2025-02-26,UAODS,port843,Odessa,0,0,0,0,0,0
2025-02-26,USLGB,port664,Los Angeles-Long Beach,5,9,296635,340282,141832,175859
2025-02-26,USNYC,port815,New York-New Jersey,5,14,171213,360965,9652,11268
2025-02-27,AEJEA,port744,Jebel Ali,20,29,392141,528721,545819,550032
2025-02-27,BRSSZ,port1160,Santos,7,16,119259,150930,9555,236158
2025-02-27,CNSHA,port1188,Shanghai,29,93,56670,751238,477358,959210
2025-02-27,CNSZX,port1414,Yantian,14,16,12856,12856,83454,83454
2025-02-27,DEHAM,port446,Hamburg,0,4,0,323,0,2878
2025-02-27,EGALY,port23,Alexandria,6,12,55023,117762,65137,97989
2025-02-27,GBFXT,port343,Felixstowe,2,6,51236,57392,23357,23357
2025-02-27,INNSA,port776,Mumbai-Jawaharlal Nehru (Nhava Sheva),11,26,152096,263139,136092,183366
2025-02-27,KRPUS,port1065,Busan,33,51,262279,319689,95441,113476
2025-02-27,NLRTM,port1114,Rotterdam,15,83,77349,474242,125000,427759
2025-02-27,PLGDN,port380,Gdansk,2,9,10974,162744,0,3181
2025-02-27,SGSIN,port1201,Singapore,39,122,945417,1268282,658660,1018657
2025-02-27,TRMER,port735,Mersin,4,7,48644,49792,16178,18259
2025-02-27,UAODS,port843,Odessa,0,0,0,0,0,0
2025-02-27,USLGB,port664,Los Angeles-Long Beach,3,4,56199,56199,82992,127311
2025-02-27,USNYC,port815,New York-New Jersey,10,15,195787,376432,33916,35260
2025-02-28,AEJEA,port744,Jebel Ali,12,25,211841,401600,104108,129266
2025-02-28,BRSSZ,port1160,Santos,6,15,62587,148726,6345,146794
2025-02-28,CNSHA,port1188,Shanghai,15,25,279624,301106,101352,113067
2025-02-28,CNSZX,port1414,Yantian,10,10,2194,2194,129285,129285
2025-02-28,DEHAM,port446,Hamburg,17,30,242076,262489,285230,297729
2025-02-28,EGALY,port23,Alexandria,3,8,47882,117662,12026,16342
2025-02-28,GBFXT,port343,Felixstowe,3,6,45275,52453,0,1699
2025-02-28,INNSA,port776,Mumbai-Jawaharlal Nehru (Nhava Sheva),8,28,54451,268802,119249,134049
2025-02-28,KRPUS,port1065,Busan,36,59,153459,184460,224668,244270
2025-02-28,NLRTM,port1114,Rotterdam,19,90,99802,909747,150485,264562
2025-02-28,PLGDN,port380,Gdansk,1,8,9683,285128,0,2532
2025-02-28,SGSIN,port1201,Singapore,36,122,800699,1643667,738227,1083052
2025-02-28,TRMER,port735,Mersin,2,11,4051,8738,0,33670
2025-02-28,UAODS,port843,Odessa,0,0,0,0,0,0
2025-02-28,USLGB,port664,Los Angeles-Long Beach,8,15,639397,794330,116440,150274
2025-02-28,USNYC,port815,New York-New Jersey,6,10,78447,180353,52343,53958
2025-03-01,AEJEA,port744,Jebel Ali,18,27,404349,541729,237278,277476
2025-03-01,BRSSZ,port1160,Santos,6,20,69651,119253,108487,529940
2025-03-01,CNSHA,port1188,Shanghai,40,121,344593,677421,321896,669312
2025-03-01,CNSZX,port1414,Yantian,10,10,44727,44727,53054,53054
2025-03-01,DEHAM,port446,Hamburg,13,21,77032,108427,118411,124143
2025-03-01,EGALY,port23,Alexandria,4,13,16645,81777,156816,162665
2025-03-01,GBFXT,port343,Felixstowe,1,1,18253,18253,0,0
2025-03-01,INNSA,port776,Mumbai-Jawaharlal Nehru (Nhava Sheva),10,27,168813,449495,127897,155106
2025-03-01,KRPUS,port1065,Busan,23,47,90654,127610,203608,220354
2025-03-01,NLRTM,port1114,Rotterdam,20,91,120179,1019512,164613,260376
2025-03-01,PLGDN,port380,Gdansk,4,6,186980,188381,29040,32729
2025-03-01,SGSIN,port1201,Singapore,41,121,557469,1271097,761681,1023053
2025-03-01,TRMER,port735,Mersin,5,11,37614,43696,28071,29905
2025-03-01,UAODS,port843,Odessa,0,0,0,0,0,0
2025-03-01,USLGB,port664,Los Angeles-Long Beach,0,2,0,191508,0,0
2025-03-01,USNYC,port815,New York-New Jersey,7,13,143601,228056,135536,135536
2025-03-02,AEJEA,port744,Jebel Ali,15,24,90412,258921,337396,346886
2025-03-02,BRSSZ,port1160,Santos,7,18,37022,160334,140315,224041
2025-03-02,CNSHA,port1188,Shanghai,37,137,226068,872883,287384,969902
2025-03-02,CNSZX,port1414,Yantian,6,7,5816,5816,64682,68931
2025-03-02,DEHAM,port446,Hamburg,8,18,42261,208289,155226,165272
2025-03-02,EGALY,port23,Alexandria,3,5,20693,44378,17446,22328
2025-03-02,GBFXT,port343,Felixstowe,3,4,43873,47160,36249,36249
2025-03-02,INNSA,port776,Mumbai-Jawaharlal Nehru (Nhava Sheva),7,24,116083,261068,156411,217893
2025-03-02,KRPUS,port1065,Busan,35,54,148844,169661,167467,177173
2025-03-02,NLRTM,port1114,Rotterdam,13,75,225040,580867,86995,362374
2025-03-02,PLGDN,port380,Gdansk,1,11,16666,185069,0,8618
2025-03-02,SGSIN,port1201,Singapore,40,121,384493,748746,1040144,1411295
2025-03-02,TRMER,port735,Mersin,4,7,9764,13363,23125,23125
2025-03-02,UAODS,port843,Odessa,0,0,0,0,0,0
2025-03-02,USLGB,port664,Los Angeles-Long Beach,8,12,489909,507414,16269,19096
2025-03-02,USNYC,port815,New York-New Jersey,8,13,118395,163936,72389,72389
2025-03-03,AEJEA,port744,Jebel Ali,13,23,324200,341537,216765,223736
2025-03-03,BRSSZ,port1160,Santos,0,4,0,110,0,99989
2025-03-03,CNSHA,port1188,Shanghai,42,133,269819,539692,337511,982097
2025-03-03,CNSZX,port1414,Yantian,11,11,48310,48310,90561,90561
2025-03-03,DEHAM,port446,Hamburg,10,13,126081,167355,203785,212986
2025-03-03,EGALY,port23,Alexandria,4,20,132887,197861,22059,65250
2025-03-03,GBFXT,port343,Felixstowe,1,4,6556,10466,0,58
2025-03-03,INNSA,port776,Mumbai-Jawaharlal Nehru (Nhava Sheva),9,30,170606,253562,49396,76395
2025-03-03,KRPUS,port1065,Busan,16,23,146719,152929,135025,137264
2025-03-03,NLRTM,port1114,Rotterdam,21,95,79051,867785,47665,152866
2025-03-03,PLGDN,port380,Gdansk,4,10,177154,400901,0,911
2025-03-03,SGSIN,port1201,Singapore,33,130,732904,1203004,644465,1196382
2025-03-03,TRMER,port735,Mersin,4,10,29294,49092,50593,51892
2025-03-03,UAODS,port843,Odessa,0,0,0,0,0,0
2025-03-03,USLGB,port664,Los Angeles-Long Beach,1,9,34868,126675,0,78606
2025-03-03,USNYC,port815,New York-New Jersey,5,10,10539,26627,44388,51855
2025-03-04,AEJEA,port744,Jebel Ali,13,24,413310,741540,177947,179112
2025-03-04,BRSSZ,port1160,Santos,9,23,42462,101393,90595,319684
2025-03-04,CNSHA,port1188,Shanghai,36,102,178746,784938,345691,593782
2025-03-04,CNSZX,port1414,Yantian,8,8,28409,28409,54729,54729
2025-03-04,DEHAM,port446,Hamburg,11,20,275318,386211,59785,74741
2025-03-04,EGALY,port23,Alexandria,2,12,0,21574,36694,67701
2025-03-04,GBFXT,port343,Felixstowe,3,6,1158,5041,126084,126084
2025-03-04,INNSA,port776,Mumbai-Jawaharlal Nehru (Nhava Sheva),9,27,182230,286439,16931,25427
2025-03-04,KRPUS,port1065,Busan,21,31,112651,123123,109456,113223
2025-03-04,NLRTM,port1114,Rotterdam,17,90,51337,915622,59850,214689
2025-03-04,PLGDN,port380,Gdansk,2,8,0,227778,27236,27236
2025-03-04,SGSIN,port1201,Singapore,40,139,1170110,1532099,632239,1067100
2025-03-04,TRMER,port735,Mersin,4,7,18601,19437,36379,40616
2025-03-04,UAODS,port843,Odessa,0,0,0,0,0,0
2025-03-04,USLGB,port664,Los Angeles-Long Beach,4,9,428230,570013,0,2826
2025-03-04,USNYC,port815,New York-New Jersey,9,14,320757,450514,101676,101676
2025-03-05,AEJEA,port744,Jebel Ali,17,31,322812,429559,433034,441294
2025-03-05,BRSSZ,port1160,Santos,6,15,62763,101915,70249,351936
2025-03-05,CNSHA,port1188,Shanghai,38,137,130588,819849,309494,708318
2025-03-05,CNSZX,port1414,Yantian,9,11,10042,10695,72793,72793
2025-03-05,DEHAM,port446,Hamburg,10,14,369751,375351,84033,91997
2025-03-05,EGALY,port23,Alexandria,6,16,143052,243423,45736,78598
2025-03-05,GBFXT,port343,Felixstowe,1,1,29717,29717,0,0
2025-03-05,INNSA,port776,Mumbai-Jawaharlal Nehru (Nhava Sheva),14,27,132326,332759,397693,437292
2025-03-05,KRPUS,port1065,Busan,36,76,228361,290588,156486,180598
2025-03-05,NLRTM,port1114,Rotterdam,18,74,280939,519609,186031,247266
2025-03-05,PLGDN,port380,Gdansk,0,5,0,253102,0,2190
2025-03-05,SGSIN,port1201,Singapore,38,114,909775,1396831,449567,663538
2025-03-05,TRMER,port735,Mersin,1,7,0,3318,3872,26603
2025-03-05,UAODS,port843,Odessa,0,0,0,0,0,0
2025-03-05,USLGB,port664,Los Angeles-Long Beach,3,5,99025,136544,0,0
2025-03-05,USNYC,port815,New York-New Jersey,7,13,120557,200901,29217,71595
2025-03-06,AEJEA,port744,Jebel Ali,16,25,317776,363488,403338,412747
2025-03-06,BRSSZ,port1160,Santos,8,16,75893,76034,60287,302696
2025-03-06,CNSHA,port1188,Shanghai,41,127,394495,1247177,268283,550036
2025-03-06,CNSZX,port1414,Yantian,12,14,19421,21862,89409,89409
2025-03-06,DEHAM,port446,Hamburg,8,17,26316,38964,119358,151382
2025-03-06,EGALY,port23,Alexandria,4,9,27600,38861,58160,60628
2025-03-06,GBFXT,port343,Felixstowe,2,5,55169,60290,0,0
2025-03-06,INNSA,port776,Mumbai-Jawaharlal Nehru (Nhava Sheva),12,31,167444,543253,198950,288542
2025-03-06,KRPUS,port1065,Busan,43,83,209780,274821,193504,207300
2025-03-06,NLRTM,port1114,Rotterdam,19,95,66019,597140,107577,327784
2025-03-06,PLGDN,port380,Gdansk,2,12,2473,384264,23486,62918
2025-03-06,SGSIN,port1201,Singapore,35,133,755441,1022555,454402,858045
2025-03-06,TRMER,port735,Mersin,6,9,88633,89033,23329,25665
2025-03-06,UAODS,port843,Odessa,0,0,0,0,0,0
2025-03-06,USLGB,port664,Los Angeles-Long Beach,9,15,708448,884780,395787,397141
2025-03-06,USNYC,port815,New York-New Jersey,5,10,203056,243062,0,4826
2025-03-07,AEJEA,port744,Jebel Ali,8,23,194707,356853,92833,203743
2025-03-07,BRSSZ,port1160,Santos,4,16,50452,57470,11534,498380
2025-03-07,CNSHA,port1188,Shanghai,45,125,125975,867310,449190,775190
2025-03-07,CNSZX,port1414,Yantian,13,13,37116,37116,105875,105875
2025-03-07,DEHAM,port446,Hamburg,7,19,306340,337524,36227,57026
2025-03-07,EGALY,port23,Alexandria,6,10,95918,123268,41464,47003
2025-03-07,GBFXT,port343,Felixstowe,3,4,7604,7604,181325,181325
2025-03-07,INNSA,port776,Mumbai-Jawaharlal Nehru (Nhava Sheva),6,18,46573,53686,28291,46123
2025-03-07,KRPUS,port1065,Busan,35,56,280732,310834,88490,100746
2025-03-07,NLRTM,port1114,Rotterdam,20,85,181601,1039193,86639,229891
2025-03-07,PLGDN,port380,Gdansk,2,5,156163,257987,14222,17383
2025-03-07,SGSIN,port1201,Singapore,44,124,1144780,1481556,1011786,1533962
2025-03-07,TRMER,port735,Mersin,2,4,6635,13710,36594,37533
2025-03-07,UAODS,port843,Odessa,0,0,0,0,0,0
2025-03-07,USLGB,port664,Los Angeles-Long Beach,4,7,100775,178415,140549,143130
2025-03-07,USNYC,port815,New York-New Jersey,7,13,118704,389407,20488,58321
2025-03-08,AEJEA,port744,Jebel Ali,16,27,233590,336077,172874,182193
2025-03-08,BRSSZ,port1160,Santos,4,12,76443,76708,27853,343863
2025-03-08,CNSHA,port1188,Shanghai,37,115,262774,566669,345459,691263
2025-03-08,CNSZX,port1414,Yantian,8,8,6707,6707,44459,44459
2025-03-08,DEHAM,port446,Hamburg,10,19,229165,297026,132820,142162
2025-03-08,EGALY,port23,Alexandria,5,12,104157,160430,78303,85051
2025-03-08,GBFXT,port343,Felixstowe,1,3,14689,19570,26217,26217
2025-03-08,INNSA,port776,Mumbai-Jawaharlal Nehru (Nhava Sheva),11,26,57697,183932,210549,247855
2025-03-08,KRPUS,port1065,Busan,33,53,123535,149671,227724,243215
2025-03-08,NLRTM,port1114,Rotterdam,22,103,77730,409400,134281,270994
2025-03-08,PLGDN,port380,Gdansk,3,9,37293,179756,44311,54530
2025-03-08,SGSIN,port1201,Singapore,31,117,684707,1447584,705265,1251470
2025-03-08,TRMER,port735,Mersin,5,13,29322,85030,48538,60559
2025-03-08,UAODS,port843,Odessa,0,0,0,0,0,0
2025-03-08,USLGB,port664,Los Angeles-Long Beach,4,9,276101,415097,22412,29803
2025-03-08,USNYC,port815,New York-New Jersey,5,8,190795,190795,8167,8167
2025-03-09,AEJEA,port744,Jebel Ali,16,24,210661,266547,304820,313642
2025-03-09,BRSSZ,port1160,Santos,10,18,127871,210268,139235,266573
2025-03-09,CNSHA,port1188,Shanghai,40,125,243188,654013,393908,666317
2025-03-09,CNSZX,port1414,Yantian,12,13,5428,5428,120954,120954
2025-03-09,DEHAM,port446,Hamburg,8,12,26718,28137,214658,219273
2025-03-09,EGALY,port23,Alexandria,2,4,99707,126706,12806,16487
2025-03-09,GBFXT,port343,Felixstowe,4,5,41375,41375,79887,79887
2025-03-09,INNSA,port776,Mumbai-Jawaharlal Nehru (Nhava Sheva),7,20,306846,527782,12817,17876
2025-03-09,KRPUS,port1065,Busan,38,57,259086,285385,237357,244567
2025-03-09,NLRTM,port1114,Rotterdam,15,85,212716,820862,55427,158178
2025-03-09,PLGDN,port380,Gdansk,0,9,0,106061,0,26898
2025-03-09,SGSIN,port1201,Singapore,40,133,663308,1196150,919176,1309312
2025-03-09,TRMER,port735,Mersin,4,7,63895,87553,0,5287
2025-03-09,UAODS,port843,Odessa,0,0,0,0,0,0
2025-03-09,USLGB,port664,Los Angeles-Long Beach,7,14,412968,652608,161778,258266
2025-03-09,USNYC,port815,New York-New Jersey,7,11,162649,253493,26676,26676
2025-03-10,AEJEA,port744,Jebel Ali,14,31,172660,371560,108423,165032
2025-03-10,BRSSZ,port1160,Santos,6,18,24097,81629,115436,448767
2025-03-10,CNSHA,port1188,Shanghai,37,114,191707,930919,244733,548339
2025-03-10,CNSZX,port1414,Yantian,8,8,30599,30599,65199,65199
2025-03-10,DEHAM,port446,Hamburg,13,18,221691,240873,62664,66388
2025-03-10,EGALY,port23,Alexandria,5,20,48272,223108,61881,82669
2025-03-10,GBFXT,port343,Felixstowe,2,5,77132,77936,233086,233144
2025-03-10,INNSA,port776,Mumbai-Jawaharlal Nehru (Nhava Sheva),9,29,134791,319763,95011,98633
2025-03-10,KRPUS,port1065,Busan,31,57,148989,187799,230683,246965
2025-03-10,NLRTM,port1114,Rotterdam,19,88,163171,538690,67641,198474
2025-03-10,PLGDN,port380,Gdansk,4,18,74032,396192,14222,49090
2025-03-10,SGSIN,port1201,Singapore,37,108,558955,926445,878434,1102099
2025-03-10,TRMER,port735,Mersin,3,7,19529,22391,19337,23746
2025-03-10,UAODS,port843,Odessa,0,0,0,0,0,0
2025-03-10,USLGB,port664,Los Angeles-Long Beach,4,11,185752,283951,19922,38336
2025-03-10,USNYC,port815,New York-New Jersey,2,10,0,303723,132845,200572
2025-03-11,AEJEA,port744,Jebel Ali,18,28,415817,563846,306438,320853
2025-03-11,BRSSZ,port1160,Santos,6,14,5858,40633,36448,246036
2025-03-11,CNSHA,port1188,Shanghai,1,5,9959,13413,10091,16508
2025-03-11,CNSZX,port1414,Yantian,11,11,57777,57777,29505,29505
2025-03-11,DEHAM,port446,Hamburg,9,15,180558,254189,77658,90039
2025-03-11,EGALY,port23,Alexandria,3,12,30517,92845,21991,29651
2025-03-11,GBFXT,port343,Felixstowe,3,5,43691,44163,32951,33010
2025-03-11,INNSA,port776,Mumbai-Jawaharlal Nehru (Nhava Sheva),13,33,118632,474865,144715,153014
2025-03-11,KRPUS,port1065,Busan,34,50,235824,269096,97087,105616
2025-03-11,NLRTM,port1114,Rotterdam,20,91,216060,1143753,141935,294142
2025-03-11,PLGDN,port380,Gdansk,0,7,0,10194,0,3038
2025-03-11,SGSIN,port1201,Singapore,37,132,928136,1833030,888466,1475478
2025-03-11,TRMER,port735,Mersin,3,8,9764,11141,16652,21365
2025-03-11,UAODS,port843,Odessa,0,0,0,0,0,0
2025-03-11,USLGB,port664,Los Angeles-Long Beach,5,8,350398,404373,0,6306
2025-03-11,USNYC,port815,New York-New Jersey,10,13,166297,207657,59869,59869
2025-03-12,AEJEA,port744,Jebel Ali,15,24,375833,440014,303464,353295
2025-03-12,BRSSZ,port1160,Santos,8,17,73947,138793,6230,224925
2025-03-12,CNSHA,port1188,Shanghai,37,138,300038,774380,248834,670734
2025-03-12,CNSZX,port1414,Yantian,8,9,10086,10086,139126,139126
2025-03-12,DEHAM,port446,Hamburg,10,17,54108,87903,215343,224906
2025-03-12,EGALY,port23,Alexandria,5,13,27600,104942,149304,188434
2025-03-12,GBFXT,port343,Felixstowe,4,4,97789,97789,20085,20085
2025-03-12,INNSA,port776,Mumbai-Jawaharlal Nehru (Nhava Sheva),9,25,104343,380130,127295,149746
2025-03-12,KRPUS,port1065,Busan,30,50,86052,108942,164607,176158
2025-03-12,NLRTM,port1114,Rotterdam,14,73,172125,500857,43468,165583
2025-03-12,PLGDN,port380,Gdansk,2,10,59586,253375,0,4500
2025-03-12,SGSIN,port1201,Singapore,32,125,666259,1341945,571714,945566
2025-03-12,TRMER,port735,Mersin,3,10,14228,18003,64128,67936
2025-03-12,UAODS,port843,Odessa,0,0,0,0,0,0
2025-03-12,USLGB,port664,Los Angeles-Long Beach,5,11,390380,520614,0,1051
2025-03-12,USNYC,port815,New York-New Jersey,7,11,159256,212768,19622,19622
2025-03-13,AEJEA,port744,Jebel Ali,14,25,330458,444352,515537,529186
2025-03-13,BRSSZ,port1160,Santos,5,17,18356,37497,52301,274888
2025-03-13,CNSHA,port1188,Shanghai,39,152,237894,842833,389167,1089136
2025-03-13,CNSZX,port1414,Yantian,4,6,9688,13306,19414,19593
2025-03-13,DEHAM,port446,Hamburg,4,11,14594,14918,37296,45122
2025-03-13,EGALY,port23,Alexandria,3,10,12495,94803,1726,16732
2025-03-13,GBFXT,port343,Felixstowe,1,4,27893,34547,0,1830
2025-03-13,INNSA,port776,Mumbai-Jawaharlal Nehru (Nhava Sheva),10,23,49674,188952,211681,215805
2025-03-13,KRPUS,port1065,Busan,29,58,163354,208455,263075,283955
2025-03-13,NLRTM,port1114,Rotterdam,22,107,86982,800571,425595,579911
2025-03-13,PLGDN,port380,Gdansk,1,9,0,173306,3347,32040
2025-03-13,SGSIN,port1201,Singapore,40,125,666328,1024159,510243,953734
2025-03-13,TRMER,port735,Mersin,3,9,6975,50301,0,15067
2025-03-13,UAODS,port843,Odessa,0,0,0,0,0,0
2025-03-13,USLGB,port664,Los Angeles-Long Beach,3,7,236426,249761,307581,382734
2025-03-13,USNYC,port815,New York-New Jersey,4,10,135314,210853,5160,5975
2025-03-14,AEJEA,port744,Jebel Ali,18,26,298444,387320,266738,290726
2025-03-14,BRSSZ,port1160,Santos,7,10,94871,137703,89210,102935
2025-03-14,CNSHA,port1188,Shanghai,38,122,183730,764297,298365,633701
2025-03-14,CNSZX,port1414,Yantian,10,12,5557,5557,129895,129895
2025-03-14,DEHAM,port446,Hamburg,9,15,176523,416125,97527,119106
2025-03-14,EGALY,port23,Alexandria,3,15,27600,130650,25982,38607
2025-03-14,GBFXT,port343,Felixstowe,2,2,34683,34683,0,0
2025-03-14,INNSA,port776,Mumbai-Jawaharlal Nehru (Nhava Sheva),9,29,85320,236852,142131,231324
2025-03-14,KRPUS,port1065,Busan,30,43,130648,145587,260206,265930
2025-03-14,NLRTM,port1114,Rotterdam,17,72,58796,372947,89184,171629
2025-03-14,PLGDN,port380,Gdansk,1,9,0,319981,79127,88563
2025-03-14,SGSIN,port1201,Singapore,42,133,377850,1154228,826859,1241235
2025-03-14,TRMER,port735,Mersin,2,10,60789,63295,6803,22673
2025-03-14,UAODS,port843,Odessa,0,0,0,0,0,0
2025-03-14,USLGB,port664,Los Angeles-Long Beach,10,17,575947,663702,158450,270856
2025-03-14,USNYC,port815,New York-New Jersey,12,18,320858,466457,169571,171609
2025-03-15,AEJEA,port744,Jebel Ali,11,25,137876,358964,121347,124717
2025-03-15,BRSSZ,port1160,Santos,2,14,31776,65371,24608,412869
2025-03-15,CNSHA,port1188,Shanghai,36,105,274105,826177,266970,423895
2025-03-15,CNSZX,port1414,Yantian,13,14,43826,44603,109522,109522
2025-03-15,DEHAM,port446,Hamburg,11,21,65499,145061,140156,159558
2025-03-15,EGALY,port23,Alexandria,6,13,50630,100140,50437,67228
2025-03-15,GBFXT,port343,Felixstowe,2,3,74614,74614,26217,26217
2025-03-15,INNSA,port776,Mumbai-Jawaharlal Nehru (Nhava Sheva),9,20,103960,196449,106523,149198
2025-03-15,KRPUS,port1065,Busan,34,46,273413,289465,177866,184095
2025-03-15,NLRTM,port1114,Rotterdam,16,71,231369,565526,75897,155136
2025-03-15,PLGDN,port380,Gdansk,3,9,162622,250208,0,2769
2025-03-15,SGSIN,port1201,Singapore,45,127,718183,1034541,1252423,1648236
2025-03-15,TRMER,port735,Mersin,6,11,21621,22559,16022,21146
2025-03-15,UAODS,port843,Odessa,0,0,0,0,0,0
2025-03-15,USLGB,port664,Los Angeles-Long Beach,0,6,0,73104,0,97634
2025-03-15,USNYC,port815,New York-New Jersey,6,13,133693,278679,155856,164339
2025-03-16,AEJEA,port744,Jebel Ali,16,31,243839,398465,100273,122937
2025-03-16,BRSSZ,port1160,Santos,6,11,96612,126193,65473,180087
2025-03-16,CNSHA,port1188,Shanghai,35,111,193051,575935,281246,559779
2025-03-16,CNSZX,port1414,Yantian,6,8,11265,26558,56607,56607
2025-03-16,DEHAM,port446,Hamburg,14,25,382294,391190,353077,377158
2025-03-16,EGALY,port23,Alexandria,4,9,22319,52416,17441,21123
2025-03-16,GBFXT,port343,Felixstowe,2,4,17807,22469,126058,126058
2025-03-16,INNSA,port776,Mumbai-Jawaharlal Nehru (Nhava Sheva),7,19,161328,308707,28456,44059
2025-03-16,KRPUS,port1065,Busan,36,53,372586,404653,124108,129446
2025-03-16,NLRTM,port1114,Rotterdam,15,75,351963,1071349,64340,144006
2025-03-16,PLGDN,port380,Gdansk,1,10,6289,208555,0,4665
2025-03-16,SGSIN,port1201,Singapore,32,103,282578,917549,691648,1019821
2025-03-16,TRMER,port735,Mersin,2,8,4388,44527,2869,3672
2025-03-16,UAODS,port843,Odessa,0,0,0,0,0,0
2025-03-16,USLGB,port664,Los Angeles-Long Beach,6,17,153023,431670,266786,349931
2025-03-16,USNYC,port815,New York-New Jersey,3,11,21628,128847,0,10358
2025-03-17,AEJEA,port744,Jebel Ali,13,26,413908,486315,191905,193256
2025-03-17,BRSSZ,port1160,Santos,4,19,25183,51712,22347,348042
2025-03-17,CNSHA,port1188,Shanghai,39,132,278709,1264411,313075,787248
2025-03-17,CNSZX,port1414,Yantian,13,14,39412,39412,123599,124370
2025-03-17,DEHAM,port446,Hamburg,6,13,21127,41003,58103,60059
2025-03-17,EGALY,port23,Alexandria,3,17,27600,160560,34659,55368
2025-03-17,GBFXT,port343,Felixstowe,2,6,76337,82592,0,58
2025-03-17,INNSA,port776,Mumbai-Jawaharlal Nehru (Nhava Sheva),11,33,173136,310818,154072,184725
2025-03-17,KRPUS,port1065,Busan,33,63,224067,268859,113346,130819
2025-03-17,NLRTM,port1114,Rotterdam,20,90,160179,840024,308269,513534
2025-03-17,PLGDN,port380,Gdansk,2,12,28490,179444,14222,26197
2025-03-17,SGSIN,port1201,Singapore,48,151,794201,1507177,878150,1229078
2025-03-17,TRMER,port735,Mersin,3,7,15047,59985,60530,124112
2025-03-17,UAODS,port843,Odessa,0,0,0,0,0,0
2025-03-17,USLGB,port664,Los Angeles-Long Beach,7,12,236569,410675,91845,102062
2025-03-17,USNYC,port815,New York-New Jersey,4,8,99155,158151,30720,87932
2025-03-18,AEJEA,port744,Jebel Ali,18,26,188749,231376,256942,296451
2025-03-18,BRSSZ,port1160,Santos,11,23,6905,57619,183968,619840
2025-03-18,CNSHA,port1188,Shanghai,35,131,154406,685045,407625,674316
2025-03-18,CNSZX,port1414,Yantian,13,14,17300,19480,90949,90949
2025-03-18,DEHAM,port446,Hamburg,16,23,337216,357449,160004,167088
2025-03-18,EGALY,port23,Alexandria,3,12,32808,75746,9345,16593
2025-03-18,GBFXT,port343,Felixstowe,3,7,47136,47608,7547,8322
2025-03-18,INNSA,port776,Mumbai-Jawaharlal Nehru (Nhava Sheva),8,31,171531,321161,47631,91016
2025-03-18,KRPUS,port1065,Busan,36,46,174281,191931,192048,201404
2025-03-18,NLRTM,port1114,Rotterdam,18,97,48210,673465,70055,237467
2025-03-18,PLGDN,port380,Gdansk,3,8,3223,4595,33872,43978
2025-03-18,SGSIN,port1201,Singapore,36,120,870657,1734963,694564,945515
2025-03-18,TRMER,port735,Mersin,7,10,29900,65041,50729,50729
2025-03-18,UAODS,port843,Odessa,0,0,0,0,0,0
2025-03-18,USLGB,port664,Los Angeles-Long Beach,6,9,313236,414106,218001,220773
2025-03-18,USNYC,port815,New York-New Jersey,5,9,250975,299170,0,260
2025-03-19,AEJEA,port744,Jebel Ali,13,31,192202,456182,221379,254671
2025-03-19,BRSSZ,port1160,Santos,8,16,62698,78750,51015,292189
2025-03-19,CNSHA,port1188,Shanghai,36,122,419258,1309947,415288,873493
2025-03-19,CNSZX,port1414,Yantian,10,11,0,0,138369,138369
2025-03-19,DEHAM,port446,Hamburg,11,23,236063,287248,84502,173814
2025-03-19,EGALY,port23,Alexandria,2,10,27600,57784,18690,24304
2025-03-19,GBFXT,port343,Felixstowe,4,5,113378,115214,0,0
2025-03-19,INNSA,port776,Mumbai-Jawaharlal Nehru (Nhava Sheva),11,27,109746,235326,158048,171695
2025-03-19,KRPUS,port1065,Busan,37,72,241647,280728,181506,206034
2025-03-19,NLRTM,port1114,Rotterdam,21,102,170786,608088,115976,268159
2025-03-19,PLGDN,port380,Gdansk,2,13,63997,79927,6143,12787
2025-03-19,SGSIN,port1201,Singapore,32,113,677484,1069892,635808,967556
2025-03-19,TRMER,port735,Mersin,2,8,7589,8472,9338,12200
2025-03-19,UAODS,port843,Odessa,0,0,0,0,0,0
2025-03-19,USLGB,port664,Los Angeles-Long Beach,7,10,532489,573690,167104,188113
2025-03-19,USNYC,port815,New York-New Jersey,8,14,219554,361775,17751,44899
2025-03-20,AEJEA,port744,Jebel Ali,16,23,397968,413712,393075,393075
2025-03-20,BRSSZ,port1160,Santos,5,13,76254,115477,57309,289622
2025-03-20,CNSHA,port1188,Shanghai,38,125,478621,1325612,327806,799318
2025-03-20,CNSZX,port1414,Yantian,8,8,9893,9893,38591,38591
2025-03-20,DEHAM,port446,Hamburg,9,18,181944,198805,20742,32769
2025-03-20,EGALY,port23,Alexandria,0,1,0,2942,0,0
2025-03-20,GBFXT,port343,Felixstowe,1,1,59970,59970,0,0
2025-03-20,INNSA,port776,Mumbai-Jawaharlal Nehru (Nhava Sheva),9,17,72240,321506,187785,194928
2025-03-20,KRPUS,port1065,Busan,38,61,163499,204312,247724,273668
2025-03-20,NLRTM,port1114,Rotterdam,15,81,54600,748131,50472,196446
2025-03-20,PLGDN,port380,Gdansk,1,7,20381,134104,0,4359
2025-03-20,SGSIN,port1201,Singapore,36,108,910664,1437044,488788,809193
2025-03-20,TRMER,port735,Mersin,2,4,12795,14205,0,1457
2025-03-20,UAODS,port843,Odessa,0,0,0,0,0,0
2025-03-20,USLGB,port664,Los Angeles-Long Beach,4,11,149321,301187,88376,113568
2025-03-20,USNYC,port815,New York-New Jersey,4,10,107928,136268,1588,48061
2025-03-21,AEJEA,port744,Jebel Ali,7,13,45517,82222,79259,82800
2025-03-21,BRSSZ,port1160,Santos,4,14,36022,176696,27770,240974
2025-03-21,CNSHA,port1188,Shanghai,40,127,360937,1087667,280163,616667
2025-03-21,CNSZX,port1414,Yantian,9,11,10357,10357,94048,94048
2025-03-21,DEHAM,port446,Hamburg,5,11,62436,68697,55177,63587
2025-03-21,EGALY,port23,Alexandria,0,1,0,1858,0,635
2025-03-21,GBFXT,port343,Felixstowe,3,3,54268,54268,0,0
2025-03-21,INNSA,port776,Mumbai-Jawaharlal Nehru (Nhava Sheva),10,29,249775,419247,91471,114845
2025-03-21,KRPUS,port1065,Busan,30,50,148233,177627,162649,171672
2025-03-21,NLRTM,port1114,Rotterdam,21,82,153803,440616,89399,181002
2025-03-21,PLGDN,port380,Gdansk,1,10,13108,151573,0,30453
2025-03-21,SGSIN,port1201,Singapore,40,137,448532,1327732,1236337,1708395
2025-03-21,TRMER,port735,Mersin,3,9,56312,61302,7734,15214
2025-03-21,UAODS,port843,Odessa,0,0,0,0,0,0
2025-03-21,USLGB,port664,Los Angeles-Long Beach,7,11,742503,800741,134693,186047
2025-03-21,USNYC,port815,New York-New Jersey,6,13,129092,215279,10211,21818
2025-03-22,AEJEA,port744,Jebel Ali,14,34,328232,638333,401457,428365
2025-03-22,BRSSZ,port1160,Santos,7,23,127666,204072,59735,612450
2025-03-22,CNSHA,port1188,Shanghai,37,107,216101,902217,410818,579446
2025-03-22,CNSZX,port1414,Yantian,12,12,28143,28143,143072,143072
2025-03-22,DEHAM,port446,Hamburg,8,16,73233,160476,138776,159215
2025-03-22,EGALY,port23,Alexandria,5,7,27600,47954,94536,94536
2025-03-22,GBFXT,port343,Felixstowe,2,4,32804,38489,0,0
2025-03-22,INNSA,port776,Mumbai-Jawaharlal Nehru (Nhava Sheva),12,26,76442,155994,115328,168507
2025-03-22,KRPUS,port1065,Busan,31,53,185115,214846,264684,273743
2025-03-22,NLRTM,port1114,Rotterdam,22,84,365559,638288,149265,354164
2025-03-22,PLGDN,port380,Gdansk,4,12,14023,125825,303073,308318
2025-03-22,SGSIN,port1201,Singapore,39,126,766560,1498172,753952,1019248
2025-03-22,TRMER,port735,Mersin,5,11,9764,18333,65463,70062
2025-03-22,UAODS,port843,Odessa,0,0,0,0,0,0
2025-03-22,USLGB,port664,Los Angeles-Long Beach,2,11,21361,267235,0,221616
2025-03-22,USNYC,port815,New York-New Jersey,10,13,208439,214079,97545,97641
2025-03-23,AEJEA,port744,Jebel Ali,13,20,194524,290329,224484,269409
2025-03-23,BRSSZ,port1160,Santos,4,10,38050,82175,45105,198972
2025-03-23,CNSHA,port1188,Shanghai,41,116,212765,949260,451130,813027
2025-03-23,CNSZX,port1414,Yantian,14,15,88508,89087,129053,130220
2025-03-23,DEHAM,port446,Hamburg,16,22,145142,235277,351289,352283
2025-03-23,EGALY,port23,Alexandria,4,9,55952,59314,31555,35185
2025-03-23,GBFXT,port343,Felixstowe,3,4,9425,9897,172438,172497
2025-03-23,INNSA,port776,Mumbai-Jawaharlal Nehru (Nhava Sheva),10,21,55314,171019,128188,130207
2025-03-23,KRPUS,port1065,Busan,30,49,290627,317846,260964,270969
2025-03-23,NLRTM,port1114,Rotterdam,19,77,224614,543154,162756,264471
2025-03-23,PLGDN,port380,Gdansk,2,13,38217,253919,14222,32209
2025-03-23,SGSIN,port1201,Singapore,39,116,842512,1114196,656484,988292
2025-03-23,TRMER,port735,Mersin,4,11,12247,30829,46395,52755
2025-03-23,UAODS,port843,Odessa,0,0,0,0,0,0
2025-03-23,USLGB,port664,Los Angeles-Long Beach,5,13,346886,576987,0,33975
2025-03-23,USNYC,port815,New York-New Jersey,4,9,92187,136458,8167,8621
2025-03-24,AEJEA,port744,Jebel Ali,13,21,612822,753855,86905,89265
2025-03-24,BRSSZ,port1160,Santos,5,15,45925,92167,43107,363944
2025-03-24,CNSHA,port1188,Shanghai,38,120,334657,972379,378390,728782
2025-03-24,CNSZX,port1414,Yantian,8,10,51534,55937,95262,95282
2025-03-24,DEHAM,port446,Hamburg,7,14,17281,21025,201165,224326
2025-03-24,EGALY,port23,Alexandria,3,24,40641,288466,11711,42578
2025-03-24,GBFXT,port343,Felixstowe,2,6,1464,7773,7213,7271
2025-03-24,INNSA,port776,Mumbai-Jawaharlal Nehru (Nhava Sheva),7,19,148283,403339,52450,60653
2025-03-24,KRPUS,port1065,Busan,28,50,103798,131677,194275,254920
2025-03-24,NLRTM,port1114,Rotterdam,17,84,81271,476419,108049,194243
2025-03-24,PLGDN,port380,Gdansk,3,10,7626,141208,70818,79611
2025-03-24,SGSIN,port1201,Singapore,35,135,551934,1060108,616694,865550
2025-03-24,TRMER,port735,Mersin,2,5,20274,25750,10067,10514
2025-03-24,UAODS,port843,Odessa,0,0,0,0,0,0
2025-03-24,USLGB,port664,Los Angeles-Long Beach,3,10,160040,328371,68998,147669
2025-03-24,USNYC,port815,New York-New Jersey,5,9,220204,316943,92044,110505
2025-03-25,AEJEA,port744,Jebel Ali,11,16,101842,119380,114963,119177
2025-03-25,BRSSZ,port1160,Santos,9,20,45352,50787,131351,356948
2025-03-25,CNSHA,port1188,Shanghai,42,136,379196,1054596,440809,882029
2025-03-25,CNSZX,port1414,Yantian,11,12,18539,19942,78832,78832
2025-03-25,DEHAM,port446,Hamburg,8,20,185258,230329,110415,118162
2025-03-25,EGALY,port23,Alexandria,3,10,27693,124045,26149,34877
2025-03-25,GBFXT,port343,Felixstowe,2,6,67187,71302,0,0
2025-03-25,INNSA,port776,Mumbai-Jawaharlal Nehru (Nhava Sheva),10,34,99556,350857,143637,157196
2025-03-25,KRPUS,port1065,Busan,29,53,246081,314165,136526,147299
2025-03-25,NLRTM,port1114,Rotterdam,22,82,224477,1005070,137484,274309
2025-03-25,PLGDN,port380,Gdansk,4,10,0,143203,344048,357378
2025-03-25,SGSIN,port1201,Singapore,42,125,609344,965607,581648,914629
2025-03-25,TRMER,port735,Mersin,5,14,92771,104509,19337,68504
2025-03-25,UAODS,port843,Odessa,0,0,0,0,0,0
2025-03-25,USLGB,port664,Los Angeles-Long Beach,6,9,365778,373643,72463,78282
2025-03-25,USNYC,port815,New York-New Jersey,7,9,155210,162046,59596,89644
2025-03-26,AEJEA,port744,Jebel Ali,13,23,182661,289435,418985,423419
2025-03-26,BRSSZ,port1160,Santos,5,12,56252,65752,17303,284561
2025-03-26,CNSHA,port1188,Shanghai,29,87,223398,738786,187412,510810
2025-03-26,CNSZX,port1414,Yantian,12,13,5684,5684,127404,127404
2025-03-26,DEHAM,port446,Hamburg,7,19,47722,130892,50479,59000
2025-03-26,EGALY,port23,Alexandria,7,14,57511,90023,113996,122472
2025-03-26,GBFXT,port343,Felixstowe,1,2,20706,20706,0,0
2025-03-26,INNSA,port776,Mumbai-Jawaharlal Nehru (Nhava Sheva),7,20,0,25435,202214,219416
2025-03-26,KRPUS,port1065,Busan,33,62,120479,182752,197276,207430
2025-03-26,NLRTM,port1114,Rotterdam,17,82,318663,1018966,77333,161378
2025-03-26,PLGDN,port380,Gdansk,3,14,4872,172526,77707,82453
2025-03-26,SGSIN,port1201,Singapore,42,128,1309425,1848520,924543,1460938
2025-03-26,TRMER,port735,Mersin,2,9,26839,27678,9668,19613
2025-03-26,UAODS,port843,Odessa,0,0,0,0,0,0
2025-03-26,USLGB,port664,Los Angeles-Long Beach,6,15,221959,418831,0,62195
2025-03-26,USNYC,port815,New York-New Jersey,6,12,123830,243929,31991,31991
2025-03-27,AEJEA,port744,Jebel Ali,14,25,316403,366911,332904,374976
2025-03-27,BRSSZ,port1160,Santos,4,13,36689,83676,13757,379525
2025-03-27,CNSHA,port1188,Shanghai,35,95,104209,442228,257286,387283
2025-03-27,CNSZX,port1414,Yantian,10,11,12378,15996,61538,61717
2025-03-27,DEHAM,port446,Hamburg,9,15,172018,211599,23979,34556
2025-03-27,EGALY,port23,Alexandria,1,4,13800,51881,9345,9345
2025-03-27,GBFXT,port343,Felixstowe,3,4,66570,70624,10084,10084
2025-03-27,INNSA,port776,Mumbai-Jawaharlal Nehru (Nhava Sheva),10,28,121192,376817,129127,172095
2025-03-27,KRPUS,port1065,Busan,33,52,149214,171089,191563,205748
2025-03-27,NLRTM,port1114,Rotterdam,16,83,66605,768801,73768,187733
2025-03-27,PLGDN,port380,Gdansk,1,5,32728,43646,0,4985
2025-03-27,SGSIN,port1201,Singapore,38,124,731781,1223235,458502,899762
2025-03-27,TRMER,port735,Mersin,4,11,29294,39000,29005,31821
2025-03-27,UAODS,port843,Odessa,0,0,0,0,0,0
2025-03-27,USLGB,port664,Los Angeles-Long Beach,4,8,189551,207549,138135,150664
2025-03-27,USNYC,port815,New York-New Jersey,8,16,86406,283417,80497,83494
2025-03-28,AEJEA,port744,Jebel Ali,14,27,102041,187168,135126,189316
2025-03-28,BRSSZ,port1160,Santos,6,18,52855,143493,16435,459970
2025-03-28,CNSHA,port1188,Shanghai,39,136,190678,853240,382027,644166
2025-03-28,CNSZX,port1414,Yantian,11,13,23782,29545,100256,100256
2025-03-28,DEHAM,port446,Hamburg,13,20,241991,268549,164785,198776
2025-03-28,EGALY,port23,Alexandria,3,6,33175,35033,39815,42026
2025-03-28,GBFXT,port343,Felixstowe,4,5,16222,17826,43846,44163
2025-03-28,INNSA,port776,Mumbai-Jawaharlal Nehru (Nhava Sheva),8,22,149441,199047,101574,126368
2025-03-28,KRPUS,port1065,Busan,28,54,141752,170655,143564,154785
2025-03-28,NLRTM,port1114,Rotterdam,22,87,144643,260030,200711,423006
2025-03-28,PLGDN,port380,Gdansk,2,10,0,182287,21299,62892
2025-03-28,SGSIN,port1201,Singapore,45,112,1053005,1430881,770687,990929
2025-03-28,TRMER,port735,Mersin,5,14,63593,75538,33131,39990
2025-03-28,UAODS,port843,Odessa,0,0,0,0,0,0
2025-03-28,USLGB,port664,Los Angeles-Long Beach,5,12,280568,310487,185376,277148
2025-03-28,USNYC,port815,New York-New Jersey,4,11,167977,243858,49025,49630
2025-03-29,AEJEA,port744,Jebel Ali,10,21,192739,373434,85589,93473
2025-03-29,BRSSZ,port1160,Santos,8,19,77979,177719,41182,150127
2025-03-29,CNSHA,port1188,Shanghai,38,136,404277,1562204,260009,679241
2025-03-29,CNSZX,port1414,Yantian,11,11,26912,26912,137003,137003
2025-03-29,DEHAM,port446,Hamburg,9,15,31359,51681,226436,234583
2025-03-29,EGALY,port23,Alexandria,6,13,66473,107613,186376,190692
2025-03-29,GBFXT,port343,Felixstowe,1,3,16784,19448,0,0
2025-03-29,INNSA,port776,Mumbai-Jawaharlal Nehru (Nhava Sheva),4,14,34529,113111,49276,50335
2025-03-29,KRPUS,port1065,Busan,35,58,142880,174719,290541,331211
2025-03-29,NLRTM,port1114,Rotterdam,14,91,138212,433448,208278,314658
2025-03-29,PLGDN,port380,Gdansk,2,5,6165,9654,0,65986
2025-03-29,SGSIN,port1201,Singapore,35,132,921968,1482825,581433,985172
2025-03-29,TRMER,port735,Mersin,5,12,29495,47146,33490,63344
2025-03-29,UAODS,port843,Odessa,0,0,0,0,0,0
2025-03-29,USLGB,port664,Los Angeles-Long Beach,2,5,145759,193950,0,2766
2025-03-29,USNYC,port815,New York-New Jersey,10,14,295269,402596,56445,58060
2025-03-30,AEJEA,port744,Jebel Ali,13,25,265079,366509,211657,295358
2025-03-30,BRSSZ,port1160,Santos,5,16,42010,108568,98303,322040
2025-03-30,CNSHA,port1188,Shanghai,41,112,272977,920486,409652,711171
2025-03-30,CNSZX,port1414,Yantian,11,11,34178,34178,136721,136721
2025-03-30,DEHAM,port446,Hamburg,9,14,94057,126967,23656,28162
2025-03-30,EGALY,port23,Alexandria,2,7,13800,140532,23207,37932
2025-03-30,GBFXT,port343,Felixstowe,3,3,99717,99717,26217,26217
2025-03-30,INNSA,port776,Mumbai-Jawaharlal Nehru (Nhava Sheva),4,12,163231,181621,12817,53732
2025-03-30,KRPUS,port1065,Busan,33,51,142962,162741,201802,210463
2025-03-30,NLRTM,port1114,Rotterdam,15,80,229814,999488,45966,172761
2025-03-30,PLGDN,port380,Gdansk,4,10,295843,418520,0,2638
2025-03-30,SGSIN,port1201,Singapore,37,119,632160,934022,589878,926523
2025-03-30,TRMER,port735,Mersin,3,8,85973,87768,10005,16432
2025-03-30,UAODS,port843,Odessa,0,0,0,0,0,0
2025-03-30,USLGB,port664,Los Angeles-Long Beach,9,13,597871,879796,53648,61039
2025-03-30,USNYC,port815,New York-New Jersey,2,4,18865,43232,50724,52340
2025-03-31,AEJEA,port744,Jebel Ali,13,22,245360,257551,186354,244436
2025-03-31,BRSSZ,port1160,Santos,10,19,66205,128436,157994,480014
2025-03-31,CNSHA,port1188,Shanghai,40,136,390846,1122242,219602,821792
2025-03-31,CNSZX,port1414,Yantian,12,14,22045,22045,130305,130305
2025-03-31,DEHAM,port446,Hamburg,12,22,89885,222037,372107,396751
2025-03-31,EGALY,port23,Alexandria,4,15,50823,264734,34694,62613
2025-03-31,GBFXT,port343,Felixstowe,1,3,4452,4924,0,58
2025-03-31,INNSA,port776,Mumbai-Jawaharlal Nehru (Nhava Sheva),4,16,202384,335262,22137,25549
2025-03-31,KRPUS,port1065,Busan,37,64,409772,453659,140299,199637
2025-03-31,NLRTM,port1114,Rotterdam,19,85,60430,387937,121629,264679
2025-03-31,PLGDN,port380,Gdansk,4,14,17037,127346,126751,132294
2025-03-31,SGSIN,port1201,Singapore,39,127,544974,1222277,653570,928728
2025-03-31,TRMER,port735,Mersin,3,7,9764,26021,33886,37475
2025-03-31,UAODS,port843,Odessa,0,0,0,0,0,0
2025-03-31,USLGB,port664,Los Angeles-Long Beach,5,8,443915,443915,16269,71713
2025-03-31,USNYC,port815,New York-New Jersey,7,10,50332,51639,51815,51815
2025-04-01,AEJEA,port744,Jebel Ali,12,21,151940,266983,219330,233096
2025-04-01,BRSSZ,port1160,Santos,4,17,41340,85319,24190,480724
2025-04-01,CNSHA,port1188,Shanghai,40,139,330900,908152,335841,617017
2025-04-01,CNSZX,port1414,Yantian,11,11,34300,34300,113436,113436
2025-04-01,DEHAM,port446,Hamburg,14,18,96479,96479,152079,176006
2025-04-01,EGALY,port23,Alexandria,2,10,18001,81685,13496,24855
2025-04-01,GBFXT,port343,Felixstowe,3,6,47575,51672,14084,14084
2025-04-01,INNSA,port776,Mumbai-Jawaharlal Nehru (Nhava Sheva),8,54,20767,475184,50793,129347
2025-04-01,KRPUS,port1065,Busan,32,55,222885,263209,172160,194255
2025-04-01,NLRTM,port1114,Rotterdam,25,88,162352,831861,229089,346613
2025-04-01,PLGDN,port380,Gdansk,2,11,163277,412570,0,15467
2025-04-01,SGSIN,port1201,Singapore,31,117,235157,767001,806703,1148512
2025-04-01,TRMER,port735,Mersin,3,6,9459,24762,13483,13483
2025-04-01,UAODS,port843,Odessa,0,0,0,0,0,0
2025-04-01,USLGB,port664,Los Angeles-Long Beach,8,12,600861,678521,17960,17960
2025-04-01,USNYC,port815,New York-New Jersey,9,13,298325,356487,0,3510
2025-04-02,AEJEA,port744,Jebel Ali,12,26,142034,204952,208088,212397
2025-04-02,BRSSZ,port1160,Santos,9,16,43549,43853,167893,428255
2025-04-02,CNSHA,port1188,Shanghai,45,144,422670,803452,493731,924594
2025-04-02,CNSZX,port1414,Yantian,12,13,28376,33620,151743,151743
2025-04-02,DEHAM,port446,Hamburg,12,19,329857,385932,33868,45565
2025-04-02,EGALY,port23,Alexandria,4,12,0,96616,82667,101730
2025-04-02,GBFXT,port343,Felixstowe,3,7,23756,32527,67280,67280
2025-04-02,INNSA,port776,Mumbai-Jawaharlal Nehru (Nhava Sheva),9,25,84121,129068,287548,308485
2025-04-02,KRPUS,port1065,Busan,28,47,135742,165167,96583,102240
2025-04-02,NLRTM,port1114,Rotterdam,13,95,146464,773755,96881,308757
2025-04-02,PLGDN,port380,Gdansk,3,9,10278,46499,33531,38678
2025-04-02,SGSIN,port1201,Singapore,41,139,735514,1176051,571591,1017120
2025-04-02,TRMER,port735,Mersin,1,8,29586,43493,0,5405
2025-04-02,UAODS,port843,Odessa,0,0,0,0,0,0
2025-04-02,USLGB,port664,Los Angeles-Long Beach,5,11,428190,557797,202677,202677
2025-04-02,USNYC,port815,New York-New Jersey,7,11,139931,233494,103810,103810
2025-04-03,AEJEA,port744,Jebel Ali,17,27,496533,635808,225671,307642
2025-04-03,BRSSZ,port1160,Santos,2,8,0,11083,49497,235893
2025-04-03,CNSHA,port1188,Shanghai,39,134,425251,942699,347427,662234
2025-04-03,CNSZX,port1414,Yantian,8,9,23570,24506,50767,50767
2025-04-03,DEHAM,port446,Hamburg,5,14,112904,140606,23616,31227
2025-04-03,EGALY,port23,Alexandria,3,15,6752,145197,76707,85153
2025-04-03,GBFXT,port343,Felixstowe,1,1,70690,70690,0,0
2025-04-03,INNSA,port776,Mumbai-Jawaharlal Nehru (Nhava Sheva),10,25,48831,294310,148949,177804
2025-04-03,KRPUS,port1065,Busan,36,57,213043,246100,308242,319091
2025-04-03,NLRTM,port1114,Rotterdam,19,95,141254,1153198,152599,225899
2025-04-03,PLGDN,port380,Gdansk,3,6,21123,224519,52389,52389
2025-04-03,SGSIN,port1201,Singapore,37,123,577872,847724,826033,1238684
2025-04-03,TRMER,port735,Mersin,4,13,43944,69991,38233,45020
2025-04-03,UAODS,port843,Odessa,0,0,0,0,0,0
2025-04-03,USLGB,port664,Los Angeles-Long Beach,5,11,234956,331802,136429,162555
2025-04-03,USNYC,port815,New York-New Jersey,5,9,133811,260580,58755,60263
2025-04-04,AEJEA,port744,Jebel Ali,13,20,212065,334621,103153,116189
2025-04-04,BRSSZ,port1160,Santos,5,10,76124,146577,26967,103187
2025-04-04,CNSHA,port1188,Shanghai,41,123,217986,1252573,294605,754853
2025-04-04,CNSZX,port1414,Yantian,8,10,33217,33217,36503,36503
2025-04-04,DEHAM,port446,Hamburg,9,17,40039,154604,176895,189069
2025-04-04,EGALY,port23,Alexandria,3,11,157583,196713,0,0
2025-04-04,GBFXT,port343,Felixstowe,3,4,23643,23643,24840,29036
2025-04-04,INNSA,port776,Mumbai-Jawaharlal Nehru (Nhava Sheva),8,22,92525,144749,96649,99764
2025-04-04,KRPUS,port1065,Busan,39,64,159180,213641,168433,191036
2025-04-04,NLRTM,port1114,Rotterdam,15,73,80219,697749,91176,167571
2025-04-04,PLGDN,port380,Gdansk,1,8,121164,172532,0,3580
2025-04-04,SGSIN,port1201,Singapore,47,122,653285,1138791,1046371,1483126
2025-04-04,TRMER,port735,Mersin,2,7,7168,41365,20863,22959
2025-04-04,UAODS,port843,Odessa,0,0,0,0,0,0
2025-04-04,USLGB,port664,Los Angeles-Long Beach,4,8,118250,344823,119578,137379
2025-04-04,USNYC,port815,New York-New Jersey,5,10,82074,213714,127612,129650
2025-04-05,AEJEA,port744,Jebel Ali,17,35,116340,279132,439174,449773
2025-04-05,BRSSZ,port1160,Santos,1,6,0,28147,577,106193
2025-04-05,CNSHA,port1188,Shanghai,35,121,296835,796114,270342,552697
2025-04-05,CNSZX,port1414,Yantian,13,15,14229,18314,138776,138955
2025-04-05,DEHAM,port446,Hamburg,8,14,244424,290293,28434,29473
2025-04-05,EGALY,port23,Alexandria,3,7,48439,81124,9440,10826
2025-04-05,GBFXT,port343,Felixstowe,4,6,29940,31442,47330,47330
2025-04-05,INNSA,port776,Mumbai-Jawaharlal Nehru (Nhava Sheva),13,31,106827,300555,226747,303534
2025-04-05,KRPUS,port1065,Busan,37,59,182047,216825,332857,348807
2025-04-05,NLRTM,port1114,Rotterdam,20,82,74464,616703,330574,484614
2025-04-05,PLGDN,port380,Gdansk,1,5,61236,172473,0,7530
2025-04-05,SGSIN,port1201,Singapore,45,133,797644,1339211,760616,1051803
2025-04-05,TRMER,port735,Mersin,5,7,54836,54836,57726,57726
2025-04-05,UAODS,port843,Odessa,0,0,0,0,0,0
2025-04-05,USLGB,port664,Los Angeles-Long Beach,5,13,357208,505368,0,140155
2025-04-05,USNYC,port815,New York-New Jersey,7,11,97871,170874,14541,50974
2025-04-06,AEJEA,port744,Jebel Ali,13,24,354227,442847,94142,173195
2025-04-06,BRSSZ,port1160,Santos,6,13,59849,112586,37293,151320
2025-04-06,CNSHA,port1188,Shanghai,33,115,306468,775823,328785,635229
2025-04-06,CNSZX,port1414,Yantian,14,14,7968,7968,188398,188398
2025-04-06,DEHAM,port446,Hamburg,13,21,179514,186600,457387,488302
2025-04-06,EGALY,port23,Alexandria,4,12,112525,155647,0,19806
2025-04-06,GBFXT,port343,Felixstowe,2,4,11210,15433,8217,8217
2025-04-06,INNSA,port776,Mumbai-Jawaharlal Nehru (Nhava Sheva),9,20,315273,460514,43729,47666
2025-04-06,KRPUS,port1065,Busan,34,52,258882,280548,110979,115475
2025-04-06,NLRTM,port1114,Rotterdam,22,95,196941,455971,118179,331325
2025-04-06,PLGDN,port380,Gdansk,2,6,12063,14370,0,31981
2025-04-06,SGSIN,port1201,Singapore,35,114,482086,1362525,448687,726096
2025-04-06,TRMER,port735,Mersin,3,6,44126,44690,51046,61080
2025-04-06,UAODS,port843,Odessa,0,0,0,0,0,0
2025-04-06,USLGB,port664,Los Angeles-Long Beach,4,9,119169,121350,29531,40913
2025-04-06,USNYC,port815,New York-New Jersey,4,10,112788,181560,2528,2528
2025-04-07,AEJEA,port744,Jebel Ali,10,29,172594,304154,119166,138736
2025-04-07,BRSSZ,port1160,Santos,6,13,0,33280,84605,209797
2025-04-07,CNSHA,port1188,Shanghai,36,120,187733,511193,418538,1155155
2025-04-07,CNSZX,port1414,Yantian,9,10,18187,21805,110925,111104
2025-04-07,DEHAM,port446,Hamburg,12,22,104168,126513,183679,189305
2025-04-07,EGALY,port23,Alexandria,4,7,50831,53591,9440,11740
2025-04-07,GBFXT,port343,Felixstowe,4,6,41278,41750,33715,33774
2025-04-07,INNSA,port776,Mumbai-Jawaharlal Nehru (Nhava Sheva),5,28,17869,121961,63245,275896
2025-04-07,KRPUS,port1065,Busan,24,42,222324,247957,44245,52327
2025-04-07,NLRTM,port1114,Rotterdam,11,64,216016,717343,58403,118494
2025-04-07,PLGDN,port380,Gdansk,3,16,19500,204908,27674,49844
2025-04-07,SGSIN,port1201,Singapore,34,148,408176,900175,912743,1350621
2025-04-07,TRMER,port735,Mersin,4,10,55194,60596,2060,6423
2025-04-07,UAODS,port843,Odessa,0,0,0,0,0,0
2025-04-07,USLGB,port664,Los Angeles-Long Beach,6,12,559516,616974,0,0
2025-04-07,USNYC,port815,New York-New Jersey,5,12,192430,310796,0,260
2025-04-08,AEJEA,port744,Jebel Ali,17,27,276184,354324,227632,266867
2025-04-08,BRSSZ,port1160,Santos,7,19,137119,211327,61400,534066
2025-04-08,CNSHA,port1188,Shanghai,35,127,519475,1284567,246950,592712
2025-04-08,CNSZX,port1414,Yantian,12,13,46319,46319,143454,143454
2025-04-08,DEHAM,port446,Hamburg,13,19,243902,247418,119043,122843
2025-04-08,EGALY,port23,Alexandria,4,17,98240,165587,176161,217567
2025-04-08,GBFXT,port343,Felixstowe,3,8,93131,99621,14084,14084
2025-04-08,INNSA,port776,Mumbai-Jawaharlal Nehru (Nhava Sheva),13,23,134797,292141,170469,171800
2025-04-08,KRPUS,port1065,Busan,37,56,228935,266923,143647,151125
2025-04-08,NLRTM,port1114,Rotterdam,23,98,227485,1332370,92386,206308
2025-04-08,PLGDN,port380,Gdansk,4,9,30551,161127,67566,71968
2025-04-08,SGSIN,port1201,Singapore,39,110,805233,1474852,700491,979890
2025-04-08,TRMER,port735,Mersin,6,11,33325,35001,24245,29141
2025-04-08,UAODS,port843,Odessa,0,0,0,0,0,0
2025-04-08,USLGB,port664,Los Angeles-Long Beach,4,9,274847,300417,17960,107114
2025-04-08,USNYC,port815,New York-New Jersey,7,10,231001,248383,0,1615
2025-04-09,AEJEA,port744,Jebel Ali,17,28,422939,622328,234835,252792
2025-04-09,BRSSZ,port1160,Santos,4,12,10131,54130,69851,311977
2025-04-09,CNSHA,port1188,Shanghai,44,123,457227,1048915,347321,696639
2025-04-09,CNSZX,port1414,Yantian,7,7,2637,2637,116021,116021
2025-04-09,DEHAM,port446,Hamburg,10,16,128361,128799,174338,231423
2025-04-09,EGALY,port23,Alexandria,2,8,0,129973,6912,14275
2025-04-09,GBFXT,port343,Felixstowe,3,5,19116,27582,10298,10298
2025-04-09,INNSA,port776,Mumbai-Jawaharlal Nehru (Nhava Sheva),10,26,64027,169891,169921,216266
2025-04-09,KRPUS,port1065,Busan,31,52,255995,281742,200792,212623
2025-04-09,NLRTM,port1114,Rotterdam,12,90,89234,1070906,64038,216839
2025-04-09,PLGDN,port380,Gdansk,2,9,25310,260944,19326,21159
2025-04-09,SGSIN,port1201,Singapore,45,116,519305,874143,738151,959435
2025-04-09,TRMER,port735,Mersin,1,7,34,12110,14751,16050
2025-04-09,UAODS,port843,Odessa,0,0,0,0,0,0
2025-04-09,USLGB,port664,Los Angeles-Long Beach,5,9,347630,410708,0,986
2025-04-09,USNYC,port815,New York-New Jersey,9,12,119858,199397,118399,118399
2025-04-10,AEJEA,port744,Jebel Ali,18,30,295429,373210,289861,292775
2025-04-10,BRSSZ,port1160,Santos,7,26,24829,54346,105985,636379
2025-04-10,CNSHA,port1188,Shanghai,36,107,430798,997366,270204,767976
2025-04-10,CNSZX,port1414,Yantian,8,10,4901,7468,26713,26713
2025-04-10,DEHAM,port446,Hamburg,10,19,126752,174046,108007,116751
2025-04-10,EGALY,port23,Alexandria,2,10,18070,117178,9440,24501
2025-04-10,GBFXT,port343,Felixstowe,3,5,62263,66146,0,1740
2025-04-10,INNSA,port776,Mumbai-Jawaharlal Nehru (Nhava Sheva),11,23,157244,438442,125296,129166
2025-04-10,KRPUS,port1065,Busan,28,47,164352,204508,152583,168269
2025-04-10,NLRTM,port1114,Rotterdam,20,87,193596,468060,235275,381651
2025-04-10,PLGDN,port380,Gdansk,3,10,2856,133633,53752,55291
2025-04-10,SGSIN,port1201,Singapore,38,119,1136124,2029770,804063,1196083
2025-04-10,TRMER,port735,Mersin,4,9,42055,67327,0,1308
2025-04-10,UAODS,port843,Odessa,0,0,0,0,0,0
2025-04-10,USLGB,port664,Los Angeles-Long Beach,3,8,138593,297549,0,113226
2025-04-10,USNYC,port815,New York-New Jersey,7,7,166183,166183,46112,46112
2025-04-11,AEJEA,port744,Jebel Ali,16,21,122529,200864,272197,277201
2025-04-11,BRSSZ,port1160,Santos,7,17,81673,131696,120032,225072
2025-04-11,CNSHA,port1188,Shanghai,26,48,144550,287461,229753,268502
2025-04-11,CNSZX,port1414,Yantian,9,9,3623,3623,135220,135220
2025-04-11,DEHAM,port446,Hamburg,11,18,204147,300328,140487,149351
2025-04-11,EGALY,port23,Alexandria,3,6,12052,23773,21308,25363
2025-04-11,GBFXT,port343,Felixstowe,4,5,39226,41890,14084,14084
2025-04-11,INNSA,port776,Mumbai-Jawaharlal Nehru (Nhava Sheva),13,35,232093,387999,74968,129454
2025-04-11,KRPUS,port1065,Busan,27,41,88058,111642,274139,282134
2025-04-11,NLRTM,port1114,Rotterdam,14,81,64351,477745,108253,372626
2025-04-11,PLGDN,port380,Gdansk,2,10,43090,149340,13783,64722
2025-04-11,SGSIN,port1201,Singapore,32,110,555342,1205583,362085,664368
2025-04-11,TRMER,port735,Mersin,5,8,14743,14743,37470,74307
2025-04-11,UAODS,port843,Odessa,0,0,0,0,0,0
2025-04-11,USLGB,port664,Los Angeles-Long Beach,7,11,405400,405400,148684,202968
2025-04-11,USNYC,port815,New York-New Jersey,4,8,86902,244041,120015,120015
2025-04-12,AEJEA,port744,Jebel Ali,7,18,29306,127155,107412,135856
2025-04-12,BRSSZ,port1160,Santos,5,14,74188,146920,96739,434403
2025-04-12,CNSHA,port1188,Shanghai,16,50,263609,494378,49220,205449
2025-04-12,CNSZX,port1414,Yantian,9,10,2613,2613,103964,103964
2025-04-12,DEHAM,port446,Hamburg,10,14,131336,192438,221140,222671
2025-04-12,EGALY,port23,Alexandria,2,7,15585,46589,0,4327
2025-04-12,GBFXT,port343,Felixstowe,3,5,37244,43780,5370,5370
2025-04-12,INNSA,port776,Mumbai-Jawaharlal Nehru (Nhava Sheva),7,28,72983,310286,110028,114875
2025-04-12,KRPUS,port1065,Busan,31,43,210066,222443,246161,252031
2025-04-12,NLRTM,port1114,Rotterdam,19,80,106160,672726,112634,178318
2025-04-12,PLGDN,port380,Gdansk,3,8,13941,53475,25197,25605
2025-04-12,SGSIN,port1201,Singapore,43,116,759328,1013791,645286,1250169
2025-04-12,TRMER,port735,Mersin,3,10,53746,96930,42936,48407
2025-04-12,UAODS,port843,Odessa,0,0,0,0,0,0
2025-04-12,USLGB,port664,Los Angeles-Long Beach,3,8,149710,318761,0,54039
2025-04-12,USNYC,port815,New York-New Jersey,9,14,334882,464597,7819,8450
2025-04-13,AEJEA,port744,Jebel Ali,14,27,266907,318135,177377,218497
2025-04-13,BRSSZ,port1160,Santos,4,17,29805,101319,29619,407673
2025-04-13,CNSHA,port1188,Shanghai,40,130,331578,1161904,384025,966895
2025-04-13,CNSZX,port1414,Yantian,11,11,40874,40874,59870,59870
2025-04-13,DEHAM,port446,Hamburg,10,16,224562,266721,307185,340638
2025-04-13,EGALY,port23,Alexandria,2,5,18001,44807,13496,15856
2025-04-13,GBFXT,port343,Felixstowe,4,5,70143,70143,21507,21507
2025-04-13,INNSA,port776,Mumbai-Jawaharlal Nehru (Nhava Sheva),8,22,92156,326795,92485,101218
2025-04-13,KRPUS,port1065,Busan,32,49,108162,127822,250323,260706
2025-04-13,NLRTM,port1114,Rotterdam,27,83,139227,601220,188651,244932
2025-04-13,PLGDN,port380,Gdansk,6,13,102213,385869,318830,319679
2025-04-13,SGSIN,port1201,Singapore,38,121,956041,1254385,626076,1155234
2025-04-13,TRMER,port735,Mersin,4,6,15291,28357,0,0
2025-04-13,UAODS,port843,Odessa,0,0,0,0,0,0
2025-04-13,USLGB,port664,Los Angeles-Long Beach,8,10,564212,596679,83541,83541
2025-04-13,USNYC,port815,New York-New Jersey,3,9,22350,109171,22202,22202
2025-04-14,AEJEA,port744,Jebel Ali,14,24,362638,523858,277674,308354
2025-04-14,BRSSZ,port1160,Santos,7,10,78835,78835,24020,167940
2025-04-14,CNSHA,port1188,Shanghai,48,136,261851,700288,441940,839385
2025-04-14,CNSZX,port1414,Yantian,10,11,80287,80287,67618,67618
2025-04-14,DEHAM,port446,Hamburg,11,19,185098,218353,17535,30222
2025-04-14,EGALY,port23,Alexandria,4,18,56144,172016,30146,124150
2025-04-14,GBFXT,port343,Felixstowe,0,3,0,472,0,5769
2025-04-14,INNSA,port776,Mumbai-Jawaharlal Nehru (Nhava Sheva),10,33,125341,266537,154057,232337
2025-04-14,KRPUS,port1065,Busan,30,51,123041,155334,119343,127682
2025-04-14,NLRTM,port1114,Rotterdam,22,102,208227,869410,76639,341639
2025-04-14,PLGDN,port380,Gdansk,1,6,0,7181,59176,64907
2025-04-14,SGSIN,port1201,Singapore,39,156,771575,1316914,594006,1026063
2025-04-14,TRMER,port735,Mersin,5,11,21801,55048,30839,30839
2025-04-14,UAODS,port843,Odessa,0,0,0,0,0,0
2025-04-14,USLGB,port664,Los Angeles-Long Beach,7,11,286819,636443,132668,132668
2025-04-14,USNYC,port815,New York-New Jersey,10,14,281439,420625,37192,37192
2025-04-15,AEJEA,port744,Jebel Ali,10,14,146522,187756,224974,235561
2025-04-15,BRSSZ,port1160,Santos,6,14,26815,26815,106203,608977
2025-04-15,CNSHA,port1188,Shanghai,35,136,181425,973745,324742,984804
2025-04-15,CNSZX,port1414,Yantian,6,6,6611,6611,78284,78284
2025-04-15,DEHAM,port446,Hamburg,14,22,271877,384787,191430,199029
2025-04-15,EGALY,port23,Alexandria,3,13,33897,108584,28970,42014
2025-04-15,GBFXT,port343,Felixstowe,4,8,109713,117018,14084,14807
2025-04-15,INNSA,port776,Mumbai-Jawaharlal Nehru (Nhava Sheva),7,23,110122,247749,104353,105092
2025-04-15,KRPUS,port1065,Busan,36,64,256549,297982,161914,176335
2025-04-15,NLRTM,port1114,Rotterdam,22,81,432338,1027166,111808,193295
2025-04-15,PLGDN,port380,Gdansk,7,12,45604,51451,41771,66354
2025-04-15,SGSIN,port1201,Singapore,39,140,1036406,1481942,799044,1310590
2025-04-15,TRMER,port735,Mersin,4,11,17024,18871,10308,14405
2025-04-15,UAODS,port843,Odessa,0,0,0,0,0,0
2025-04-15,USLGB,port664,Los Angeles-Long Beach,9,13,508559,545820,64163,65263
2025-04-15,USNYC,port815,New York-New Jersey,5,6,120556,131577,46560,46560
2025-04-16,AEJEA,port744,Jebel Ali,19,33,235049,316547,481854,491648
2025-04-16,BRSSZ,port1160,Santos,7,19,97753,139065,9023,303726
2025-04-16,CNSHA,port1188,Shanghai,40,140,361101,979947,402508,749928
2025-04-16,CNSZX,port1414,Yantian,13,13,9508,9508,133093,133093
2025-04-16,DEHAM,port446,Hamburg,8,16,57550,97178,48391,55175
2025-04-16,EGALY,port23,Alexandria,3,11,22893,88349,82058,89587
2025-04-16,GBFXT,port343,Felixstowe,2,6,0,13887,63322,63322
2025-04-16,INNSA,port776,Mumbai-Jawaharlal Nehru (Nhava Sheva),8,25,119907,428085,94810,105824
2025-04-16,KRPUS,port1065,Busan,28,46,170997,246439,182212,187795
2025-04-16,NLRTM,port1114,Rotterdam,14,86,116471,256768,68527,172625
2025-04-16,PLGDN,port380,Gdansk,2,11,50441,198721,55622,61448
2025-04-16,SGSIN,port1201,Singapore,35,132,443805,791881,857953,1311286
2025-04-16,TRMER,port735,Mersin,4,8,70017,116689,29236,97040
2025-04-16,UAODS,port843,Odessa,0,0,0,0,0,0
2025-04-16,USLGB,port664,Los Angeles-Long Beach,3,6,255862,256464,0,28482
2025-04-16,USNYC,port815,New York-New Jersey,6,11,182154,297394,0,33780
2025-04-17,AEJEA,port744,Jebel Ali,14,24,397159,498076,312188,385539
2025-04-17,BRSSZ,port1160,Santos,8,18,33534,76214,107669,311841
2025-04-17,CNSHA,port1188,Shanghai,32,116,354654,1039296,354254,678077
2025-04-17,CNSZX,port1414,Yantian,8,9,54622,54622,27283,27283
2025-04-17,DEHAM,port446,Hamburg,10,19,137867,162002,87806,96669
2025-04-17,EGALY,port23,Alexandria,4,6,19559,22589,22506,22506
2025-04-17,GBFXT,port343,Felixstowe,4,4,6140,6140,168102,168102
2025-04-17,INNSA,port776,Mumbai-Jawaharlal Nehru (Nhava Sheva),7,24,124386,415186,34524,95217
2025-04-17,KRPUS,port1065,Busan,29,51,128658,155620,345544,366643
2025-04-17,NLRTM,port1114,Rotterdam,20,99,166225,781749,114441,313654
2025-04-17,PLGDN,port380,Gdansk,2,8,183190,188571,13039,48663
2025-04-17,SGSIN,port1201,Singapore,41,136,983067,1578558,499645,929792
2025-04-17,TRMER,port735,Mersin,6,9,64032,64032,14784,20577
2025-04-17,UAODS,port843,Odessa,0,0,0,0,0,0
2025-04-17,USLGB,port664,Los Angeles-Long Beach,8,15,673080,858191,181700,183456
2025-04-17,USNYC,port815,New York-New Jersey,13,22,358629,520991,59770,59770
2025-04-18,AEJEA,port744,Jebel Ali,17,30,396414,586547,253549,268049
2025-04-18,BRSSZ,port1160,Santos,5,14,46508,120746,43848,262156
2025-04-18,CNSHA,port1188,Shanghai,27,89,276123,669644,251309,417831
2025-04-18,CNSZX,port1414,Yantian,9,10,45414,45414,105263,105263
2025-04-18,DEHAM,port446,Hamburg,11,17,131880,245436,47495,50210
2025-04-18,EGALY,port23,Alexandria,4,9,49528,89692,129886,131186
2025-04-18,GBFXT,port343,Felixstowe,1,2,3473,8887,0,0
2025-04-18,INNSA,port776,Mumbai-Jawaharlal Nehru (Nhava Sheva),12,34,164767,309086,95375,122468
2025-04-18,KRPUS,port1065,Busan,32,57,197271,238439,183799,192082
2025-04-18,NLRTM,port1114,Rotterdam,26,95,222986,965870,193427,290235
2025-04-18,PLGDN,port380,Gdansk,5,14,16390,337182,78990,87464
2025-04-18,SGSIN,port1201,Singapore,44,134,535993,1327518,1204794,1592817
2025-04-18,TRMER,port735,Mersin,1,4,3016,18070,0,463
2025-04-18,UAODS,port843,Odessa,0,0,0,0,0,0
2025-04-18,USLGB,port664,Los Angeles-Long Beach,4,11,103258,300903,118737,136538
2025-04-18,USNYC,port815,New York-New Jersey,4,11,64380,192654,132946,133141
2025-04-19,AEJEA,port744,Jebel Ali,15,29,208231,341708,234362,245154
2025-04-19,BRSSZ,port1160,Santos,3,10,9741,10252,99283,324650
2025-04-19,CNSHA,port1188,Shanghai,39,140,196409,713970,434597,948501
2025-04-19,CNSZX,port1414,Yantian,11,13,10873,57507,62176,63100
2025-04-19,DEHAM,port446,Hamburg,3,14,4149,63918,7740,17824
2025-04-19,EGALY,port23,Alexandria,3,10,69544,137239,44056,54242
2025-04-19,GBFXT,port343,Felixstowe,4,6,35408,35880,27850,27909
2025-04-19,INNSA,port776,Mumbai-Jawaharlal Nehru (Nhava Sheva),12,25,268696,544778,89161,108232
2025-04-19,KRPUS,port1065,Busan,33,56,175224,203916,290088,300762
2025-04-19,NLRTM,port1114,Rotterdam,8,68,43560,1070792,165608,283722
2025-04-19,PLGDN,port380,Gdansk,1,5,12143,119457,0,1823
2025-04-19,SGSIN,port1201,Singapore,40,118,1443993,1929808,540508,796228
2025-04-19,TRMER,port735,Mersin,5,9,65191,65191,0,2701
2025-04-19,UAODS,port843,Odessa,0,0,0,0,0,0
2025-04-19,USLGB,port664,Los Angeles-Long Beach,2,7,201393,328795,17960,17960
2025-04-19,USNYC,port815,New York-New Jersey,9,13,101758,162353,101704,115495
2025-04-20,AEJEA,port744,Jebel Ali,13,23,289698,348947,122136,128421
2025-04-20,BRSSZ,port1160,Santos,7,11,85877,102534,80813,108138
2025-04-20,CNSHA,port1188,Shanghai,39,130,258986,1048663,351445,973171
2025-04-20,CNSZX,port1414,Yantian,5,6,5857,8802,67660,67660
2025-04-20,DEHAM,port446,Hamburg,5,8,128361,128853,43543,47091
2025-04-20,EGALY,port23,Alexandria,6,15,82833,142847,75363,103053
2025-04-20,GBFXT,port343,Felixstowe,2,4,0,2659,58759,58759
2025-04-20,INNSA,port776,Mumbai-Jawaharlal Nehru (Nhava Sheva),8,27,133218,277353,57157,58746
2025-04-20,KRPUS,port1065,Busan,35,65,260492,309110,185567,194759
2025-04-20,NLRTM,port1114,Rotterdam,20,78,160911,405166,84292,173796
2025-04-20,PLGDN,port380,Gdansk,1,5,0,124878,99723,131766
2025-04-20,SGSIN,port1201,Singapore,36,108,799259,1105899,586040,903471
2025-04-20,TRMER,port735,Mersin,4,10,33835,59986,27800,38360
2025-04-20,UAODS,port843,Odessa,0,0,0,0,0,0
2025-04-20,USLGB,port664,Los Angeles-Long Beach,7,11,207178,453694,501456,508847
2025-04-20,USNYC,port815,New York-New Jersey,2,7,87004,202370,7819,7819
2025-04-21,AEJEA,port744,Jebel Ali,17,33,278637,411489,337164,378163
2025-04-21,BRSSZ,port1160,Santos,8,20,74010,182647,96341,330228
2025-04-21,CNSHA,port1188,Shanghai,43,129,427162,909951,339233,700893
2025-04-21,CNSZX,port1414,Yantian,13,15,13078,14946,133028,137592
2025-04-21,DEHAM,port446,Hamburg,9,13,142048,180891,101185,102135
2025-04-21,EGALY,port23,Alexandria,4,12,71519,125266,25814,51065
2025-04-21,GBFXT,port343,Felixstowe,2,4,0,1603,84688,87568
2025-04-21,INNSA,port776,Mumbai-Jawaharlal Nehru (Nhava Sheva),9,28,279339,413787,79688,283678
2025-04-21,KRPUS,port1065,Busan,35,51,406269,439613,61537,70425
2025-04-21,NLRTM,port1114,Rotterdam,21,73,130202,236616,172817,271178
2025-04-21,PLGDN,port380,Gdansk,4,10,114939,250828,0,2887
2025-04-21,SGSIN,port1201,Singapore,41,134,599751,1255767,787686,1181857
2025-04-21,TRMER,port735,Mersin,1,6,16242,17080,0,7155
2025-04-21,UAODS,port843,Odessa,0,0,0,0,0,0
2025-04-21,USLGB,port664,Los Angeles-Long Beach,8,12,600961,747204,0,3564
2025-04-21,USNYC,port815,New York-New Jersey,10,17,196196,335679,86011,87626
2025-04-22,AEJEA,port744,Jebel Ali,15,27,444307,459845,243581,248889
2025-04-22,BRSSZ,port1160,Santos,7,17,71599,95553,84755,382016
2025-04-22,CNSHA,port1188,Shanghai,37,126,187285,611257,256110,963496
2025-04-22,CNSZX,port1414,Yantian,9,10,12515,16491,99541,99541
2025-04-22,DEHAM,port446,Hamburg,12,17,38054,59118,217024,217910
2025-04-22,EGALY,port23,Alexandria,3,11,44147,76959,9440,15788
2025-04-22,GBFXT,port343,Felixstowe,2,6,35153,38198,53153,53153
2025-04-22,INNSA,port776,Mumbai-Jawaharlal Nehru (Nhava Sheva),10,24,124263,332819,119731,187629
2025-04-22,KRPUS,port1065,Busan,25,40,67058,81047,150543,159731
2025-04-22,NLRTM,port1114,Rotterdam,21,73,380354,703616,77661,236487
2025-04-22,PLGDN,port380,Gdansk,4,15,174455,439471,54333,57511
2025-04-22,SGSIN,port1201,Singapore,45,123,481501,766120,819072,1196453
2025-04-22,TRMER,port735,Mersin,2,12,32004,81107,28248,62354
2025-04-22,UAODS,port843,Odessa,0,0,0,0,0,0
2025-04-22,USLGB,port664,Los Angeles-Long Beach,11,19,854979,1001186,23646,83626
2025-04-22,USNYC,port815,New York-New Jersey,6,15,151337,463522,28555,28555
2025-04-23,AEJEA,port744,Jebel Ali,8,26,36646,160582,175616,191634
2025-04-23,BRSSZ,port1160,Santos,8,16,52066,146991,49065,250515
2025-04-23,CNSHA,port1188,Shanghai,41,131,563780,1032517,403900,788243
2025-04-23,CNSZX,port1414,Yantian,8,9,30125,30125,23668,23668
2025-04-23,DEHAM,port446,Hamburg,13,23,93954,256731,269609,281639
2025-04-23,EGALY,port23,Alexandria,2,7,0,60818,41734,58351
2025-04-23,GBFXT,port343,Felixstowe,2,3,110997,110997,0,0
2025-04-23,INNSA,port776,Mumbai-Jawaharlal Nehru (Nhava Sheva),10,27,161128,253289,141920,153636
2025-04-23,KRPUS,port1065,Busan,40,72,85062,149690,222544,239381
2025-04-23,NLRTM,port1114,Rotterdam,16,87,149291,762040,30098,136847
2025-04-23,PLGDN,port380,Gdansk,2,10,0,85358,29983,42101
2025-04-23,SGSIN,port1201,Singapore,41,127,500624,1193321,596793,903992
2025-04-23,TRMER,port735,Mersin,3,11,17878,19670,20177,24130
2025-04-23,UAODS,port843,Odessa,0,0,0,0,0,0
2025-04-23,USLGB,port664,Los Angeles-Long Beach,6,13,743998,823992,0,19171
2025-04-23,USNYC,port815,New York-New Jersey,10,14,96215,172845,98544,98544
2025-04-24,AEJEA,port744,Jebel Ali,17,32,537671,739185,165199,173074
2025-04-24,BRSSZ,port1160,Santos,9,21,27550,40131,92609,362975
2025-04-24,CNSHA,port1188,Shanghai,32,118,193034,1055424,396872,758888
2025-04-24,CNSZX,port1414,Yantian,13,14,37862,37862,122051,122051
2025-04-24,DEHAM,port446,Hamburg,9,20,321443,413282,33314,57796
2025-04-24,EGALY,port23,Alexandria,4,10,18837,108867,21459,30754
2025-04-24,GBFXT,port343,Felixstowe,1,1,0,0,64433,64433
2025-04-24,INNSA,port776,Mumbai-Jawaharlal Nehru (Nhava Sheva),10,27,174396,430026,98744,155253
2025-04-24,KRPUS,port1065,Busan,34,58,142258,192204,184668,223950
2025-04-24,NLRTM,port1114,Rotterdam,17,86,30035,586439,157299,293098
2025-04-24,PLGDN,port380,Gdansk,1,9,13819,47189,19326,31887
2025-04-24,SGSIN,port1201,Singapore,40,119,816194,1640859,463525,800810
2025-04-24,TRMER,port735,Mersin,5,10,0,14651,132021,136054
2025-04-24,UAODS,port843,Odessa,0,0,0,0,0,0
2025-04-24,USLGB,port664,Los Angeles-Long Beach,3,5,109145,180915,0,0
2025-04-24,USNYC,port815,New York-New Jersey,9,15,180710,236875,91343,91343
2025-04-25,AEJEA,port744,Jebel Ali,15,27,329605,463106,349588,352377
2025-04-25,BRSSZ,port1160,Santos,5,14,36856,76786,45916,237917
2025-04-25,CNSHA,port1188,Shanghai,41,135,284280,1125647,401185,695291
2025-04-25,CNSZX,port1414,Yantian,12,12,44424,44424,99914,99914
2025-04-25,DEHAM,port446,Hamburg,6,9,36308,36308,116344,122841
2025-04-25,EGALY,port23,Alexandria,3,6,12052,16002,31189,32460
2025-04-25,GBFXT,port343,Felixstowe,2,2,38468,38468,0,0
2025-04-25,INNSA,port776,Mumbai-Jawaharlal Nehru (Nhava Sheva),11,25,177616,313170,99859,104610
2025-04-25,KRPUS,port1065,Busan,29,47,238498,270008,162373,171061
2025-04-25,NLRTM,port1114,Rotterdam,28,85,354571,716777,157478,214886
2025-04-25,PLGDN,port380,Gdansk,1,4,0,5795,6691,44566
2025-04-25,SGSIN,port1201,Singapore,40,122,483123,884988,804807,1087543
2025-04-25,TRMER,port735,Mersin,4,11,10508,11347,32233,42886
2025-04-25,UAODS,port843,Odessa,0,0,0,0,0,0
2025-04-25,USLGB,port664,Los Angeles-Long Beach,5,11,281458,530313,138713,198554
2025-04-25,USNYC,port815,New York-New Jersey,4,7,126100,274473,29549,29549
2025-04-26,AEJEA,port744,Jebel Ali,16,26,398464,424689,236742,276651
2025-04-26,BRSSZ,port1160,Santos,6,12,99729,159673,34516,178864
2025-04-26,CNSHA,port1188,Shanghai,41,130,259021,955567,261704,875378
2025-04-26,CNSZX,port1414,Yantian,6,7,7648,7648,33304,33304
2025-04-26,DEHAM,port446,Hamburg,11,16,197947,277703,266993,266993
2025-04-26,EGALY,port23,Alexandria,5,10,12052,77650,84891,85617
2025-04-26,GBFXT,port343,Felixstowe,4,5,34135,35948,190049,190049
2025-04-26,INNSA,port776,Mumbai-Jawaharlal Nehru (Nhava Sheva),9,23,57145,228273,203195,236531
2025-04-26,KRPUS,port1065,Busan,35,54,162960,192940,113908,127084
2025-04-26,NLRTM,port1114,Rotterdam,9,83,58753,1044819,26363,133311
2025-04-26,PLGDN,port380,Gdansk,2,10,15624,183965,19326,28912
2025-04-26,SGSIN,port1201,Singapore,36,124,750432,1430515,612997,1034920
2025-04-26,TRMER,port735,Mersin,6,9,47556,50741,4997,6695
2025-04-26,UAODS,port843,Odessa,0,0,0,0,0,0
2025-04-26,USLGB,port664,Los Angeles-Long Beach,3,7,87870,130895,0,3878
2025-04-26,USNYC,port815,New York-New Jersey,7,10,133233,166008,0,2037
2025-04-27,AEJEA,port744,Jebel Ali,12,20,329550,393595,205617,235809
2025-04-27,BRSSZ,port1160,Santos,7,15,112299,117918,56160,374828
2025-04-27,CNSHA,port1188,Shanghai,37,123,283333,952701,353702,684668
2025-04-27,CNSZX,port1414,Yantian,12,12,2194,2194,154678,154678
2025-04-27,DEHAM,port446,Hamburg,10,18,205959,307462,49761,118638
2025-04-27,EGALY,port23,Alexandria,1,1,0,0,17336,17336
2025-04-27,GBFXT,port343,Felixstowe,1,3,2076,5122,0,0
2025-04-27,INNSA,port776,Mumbai-Jawaharlal Nehru (Nhava Sheva),13,25,317562,404520,172480,172876
2025-04-27,KRPUS,port1065,Busan,30,61,195869,223961,182174,196040
2025-04-27,NLRTM,port1114,Rotterdam,23,87,222779,644506,167484,255940
2025-04-27,PLGDN,port380,Gdansk,5,11,44590,241213,23538,27918
2025-04-27,SGSIN,port1201,Singapore,38,118,519002,973156,578954,880848
2025-04-27,TRMER,port735,Mersin,3,5,56338,61334,32496,32943
2025-04-27,UAODS,port843,Odessa,0,0,0,0,0,0
2025-04-27,USLGB,port664,Los Angeles-Long Beach,6,11,239073,395757,145112,147938
2025-04-27,USNYC,port815,New York-New Jersey,4,8,71204,177501,29798,29798
2025-04-28,AEJEA,port744,Jebel Ali,14,23,218759,307042,211188,217750
2025-04-28,BRSSZ,port1160,Santos,6,17,16301,53027,105255,602705
2025-04-28,CNSHA,port1188,Shanghai,39,137,319602,985534,302767,497590
2025-04-28,CNSZX,port1414,Yantian,13,14,33308,33308,172696,172696
2025-04-28,DEHAM,port446,Hamburg,10,21,176215,178508,195157,215145
2025-04-28,EGALY,port23,Alexandria,2,21,12052,110239,37090,108649
2025-04-28,GBFXT,port343,Felixstowe,2,5,13658,18852,0,58
2025-04-28,INNSA,port776,Mumbai-Jawaharlal Nehru (Nhava Sheva),7,24,71140,529145,255323,276840
2025-04-28,KRPUS,port1065,Busan,30,62,251736,306389,115536,134313
2025-04-28,NLRTM,port1114,Rotterdam,20,89,283838,680784,78458,299759
2025-04-28,PLGDN,port380,Gdansk,4,17,20784,184277,54907,93456
2025-04-28,SGSIN,port1201,Singapore,41,145,600344,1256829,753425,1115049
2025-04-28,TRMER,port735,Mersin,3,7,20401,24693,12270,22770
2025-04-28,UAODS,port843,Odessa,0,0,0,0,0,0
2025-04-28,USLGB,port664,Los Angeles-Long Beach,3,8,133223,151668,220907,268099
2025-04-28,USNYC,port815,New York-New Jersey,6,12,120717,258266,0,2137
2025-04-29,AEJEA,port744,Jebel Ali,12,17,139999,191088,321671,323904
2025-04-29,BRSSZ,port1160,Santos,7,18,90509,136165,73297,382565
2025-04-29,CNSHA,port1188,Shanghai,40,122,427166,1257193,353225,704127
2025-04-29,CNSZX,port1414,Yantian,10,11,27804,29204,64139,64139
2025-04-29,DEHAM,port446,Hamburg,14,24,273423,359963,220086,262920
2025-04-29,EGALY,port23,Alexandria,1,5,12052,105801,9440,13756
2025-04-29,GBFXT,port343,Felixstowe,3,6,56779,58592,0,832
2025-04-29,INNSA,port776,Mumbai-Jawaharlal Nehru (Nhava Sheva),8,35,120828,269170,86106,90067
2025-04-29,KRPUS,port1065,Busan,31,48,153189,191607,316074,357431
2025-04-29,NLRTM,port1114,Rotterdam,18,90,210229,1103887,134712,390540
2025-04-29,PLGDN,port380,Gdansk,1,5,108765,220905,0,356
2025-04-29,SGSIN,port1201,Singapore,38,126,473033,753877,523837,750134
2025-04-29,TRMER,port735,Mersin,3,6,3380,3380,5018,6882
2025-04-29,UAODS,port843,Odessa,0,0,0,0,0,0
2025-04-29,USLGB,port664,Los Angeles-Long Beach,7,11,486992,720236,22080,91630
2025-04-29,USNYC,port815,New York-New Jersey,6,8,174991,220761,81826,81826
2025-04-30,AEJEA,port744,Jebel Ali,16,27,137623,240714,164063,167459
2025-04-30,BRSSZ,port1160,Santos,5,19,65597,255297,33832,256208
2025-04-30,CNSHA,port1188,Shanghai,41,126,157740,759574,535117,818619
2025-04-30,CNSZX,port1414,Yantian,7,8,7855,14910,65963,65963
2025-04-30,DEHAM,port446,Hamburg,3,5,13551,29767,216929,218064
2025-04-30,EGALY,port23,Alexandria,5,13,82923,139914,106516,124007
2025-04-30,GBFXT,port343,Felixstowe,4,5,78544,80148,14084,14401
2025-04-30,INNSA,port776,Mumbai-Jawaharlal Nehru (Nhava Sheva),10,21,52794,210648,243502,332260
2025-04-30,KRPUS,port1065,Busan,35,57,221568,260039,153169,159559
2025-04-30,NLRTM,port1114,Rotterdam,26,95,114966,452563,103771,301235
2025-04-30,PLGDN,port380,Gdansk,3,6,164805,291512,0,0
2025-04-30,SGSIN,port1201,Singapore,33,133,684557,1188958,844168,1323864
2025-04-30,TRMER,port735,Mersin,4,10,68839,94201,12270,13895
2025-04-30,UAODS,port843,Odessa,0,0,0,0,0,0
2025-04-30,USLGB,port664,Los Angeles-Long Beach,4,11,183313,368207,325361,388172
2025-04-30,USNYC,port815,New York-New Jersey,5,7,167590,302687,7819,7819
2025-05-01,AEJEA,port744,Jebel Ali,20,30,322223,437970,204562,210424
2025-05-01,BRSSZ,port1160,Santos,7,22,96202,150146,40406,500044
2025-05-01,CNSHA,port1188,Shanghai,41,127,162010,993505,436773,783305
2025-05-01,CNSZX,port1414,Yantian,8,8,30741,30741,51066,51066
2025-05-01,DEHAM,port446,Hamburg,3,7,113477,130203,34517,53274
2025-05-01,EGALY,port23,Alexandria,1,10,4701,21249,0,36865
2025-05-01,GBFXT,port343,Felixstowe,2,2,4299,4299,0,0
2025-05-01,INNSA,port776,Mumbai-Jawaharlal Nehru (Nhava Sheva),6,20,69718,216632,172569,175474
2025-05-01,KRPUS,port1065,Busan,28,47,155469,183229,171726,183116
2025-05-01,NLRTM,port1114,Rotterdam,19,89,48108,503740,138611,253817
2025-05-01,PLGDN,port380,Gdansk,1,4,0,5417,38457,42566
2025-05-01,SGSIN,port1201,Singapore,44,132,997818,1526101,642672,1028364
2025-05-01,TRMER,port735,Mersin,3,7,6641,7442,16297,16297
2025-05-01,UAODS,port843,Odessa,0,0,0,0,0,0
2025-05-01,USLGB,port664,Los Angeles-Long Beach,4,11,294645,525670,76799,76799
2025-05-01,USNYC,port815,New York-New Jersey,10,13,318259,356242,180520,183237
2025-05-02,AEJEA,port744,Jebel Ali,14,25,289354,417635,346381,388800
2025-05-02,BRSSZ,port1160,Santos,4,14,14257,77936,18045,248895
2025-05-02,CNSHA,port1188,Shanghai,39,106,269206,694013,325650,450909
2025-05-02,CNSZX,port1414,Yantian,11,11,8406,8406,133317,133317
2025-05-02,DEHAM,port446,Hamburg,7,19,23721,138434,64869,80850
2025-05-02,EGALY,port23,Alexandria,4,7,54556,56920,20985,21861
2025-05-02,GBFXT,port343,Felixstowe,1,1,2424,2424,0,0
2025-05-02,INNSA,port776,Mumbai-Jawaharlal Nehru (Nhava Sheva),7,22,219733,474129,111738,125228
2025-05-02,KRPUS,port1065,Busan,40,59,262724,283223,244228,255209
2025-05-02,NLRTM,port1114,Rotterdam,18,88,50887,274819,228169,333390
2025-05-02,PLGDN,port380,Gdansk,5,6,46612,105443,58977,58977
2025-05-02,SGSIN,port1201,Singapore,41,131,651115,1617825,677405,1074923
2025-05-02,TRMER,port735,Mersin,3,9,35199,50489,22016,22016
2025-05-02,UAODS,port843,Odessa,0,0,0,0,0,0
2025-05-02,USLGB,port664,Los Angeles-Long Beach,6,12,447305,520517,24435,43598
2025-05-02,USNYC,port815,New York-New Jersey,8,9,209372,290984,22206,22206
2025-05-03,AEJEA,port744,Jebel Ali,13,27,218322,326370,218934,242455
2025-05-03,BRSSZ,port1160,Santos,6,16,89527,117225,32807,194765
2025-05-03,CNSHA,port1188,Shanghai,43,126,217150,638770,398857,762714
2025-05-03,CNSZX,port1414,Yantian,4,4,6036,6036,20293,20293
2025-05-03,DEHAM,port446,Hamburg,12,23,278088,317823,162074,173004
2025-05-03,EGALY,port23,Alexandria,6,13,12040,73951,184912,194180
2025-05-03,GBFXT,port343,Felixstowe,4,7,31335,38226,35477,35477
2025-05-03,INNSA,port776,Mumbai-Jawaharlal Nehru (Nhava Sheva),10,35,119822,269806,183250,190509
2025-05-03,KRPUS,port1065,Busan,33,51,159721,191908,140265,150537
2025-05-03,NLRTM,port1114,Rotterdam,13,78,247393,841767,100316,237536
2025-05-03,PLGDN,port380,Gdansk,2,8,5157,20611,0,1742
2025-05-03,SGSIN,port1201,Singapore,41,123,398949,725106,957123,1355859
2025-05-03,TRMER,port735,Mersin,5,6,20260,20260,61186,61186
2025-05-03,UAODS,port843,Odessa,0,0,0,0,0,0
2025-05-03,USLGB,port664,Los Angeles-Long Beach,5,10,324782,457551,0,2826
2025-05-03,USNYC,port815,New York-New Jersey,7,9,181154,277521,103070,103070
2025-05-04,AEJEA,port744,Jebel Ali,14,25,67051,111210,278279,291827
2025-05-04,BRSSZ,port1160,Santos,11,19,74812,124835,182124,405087
2025-05-04,CNSHA,port1188,Shanghai,35,119,493199,1096962,248139,464210
2025-05-04,CNSZX,port1414,Yantian,11,11,39280,39280,142901,142901
2025-05-04,DEHAM,port446,Hamburg,11,15,158567,158747,171718,174745
2025-05-04,EGALY,port23,Alexandria,2,6,31786,86213,20985,25302
2025-05-04,GBFXT,port343,Felixstowe,3,3,94642,94642,0,0
2025-05-04,INNSA,port776,Mumbai-Jawaharlal Nehru (Nhava Sheva),7,20,157940,348035,48730,52433
2025-05-04,KRPUS,port1065,Busan,36,54,194739,224470,173397,182447
2025-05-04,NLRTM,port1114,Rotterdam,19,82,138621,813756,86046,242566
2025-05-04,PLGDN,port380,Gdansk,3,8,57323,181391,23017,53677
2025-05-04,SGSIN,port1201,Singapore,42,106,915148,1443658,819175,1053736
2025-05-04,TRMER,port735,Mersin,2,7,13282,22188,22016,22815
2025-05-04,UAODS,port843,Odessa,0,0,0,0,0,0
2025-05-04,USLGB,port664,Los Angeles-Long Beach,1,11,76981,298284,0,11200
2025-05-04,USNYC,port815,New York-New Jersey,7,11,143052,261093,12241,12241
2025-05-05,AEJEA,port744,Jebel Ali,13,20,237524,287053,186794,191669
2025-05-05,BRSSZ,port1160,Santos,5,21,80914,126147,41210,512757
2025-05-05,CNSHA,port1188,Shanghai,40,131,495713,1020237,191862,453405
2025-05-05,CNSZX,port1414,Yantian,11,11,6583,6583,109911,109911
2025-05-05,DEHAM,port446,Hamburg,11,21,160095,225731,166818,177455
2025-05-05,EGALY,port23,Alexandria,7,27,68328,220345,55188,108394
2025-05-05,GBFXT,port343,Felixstowe,2,3,74822,75294,0,58
2025-05-05,INNSA,port776,Mumbai-Jawaharlal Nehru (Nhava Sheva),9,25,171418,291970,75023,82398
2025-05-05,KRPUS,port1065,Busan,33,50,355424,389857,243506,250126
2025-05-05,NLRTM,port1114,Rotterdam,22,85,273091,1017453,104364,218919
2025-05-05,PLGDN,port380,Gdansk,4,13,18812,293520,36085,37060
2025-05-05,SGSIN,port1201,Singapore,44,164,1580580,2093228,776151,1301187
2025-05-05,TRMER,port735,Mersin,3,11,30199,42301,0,5589
2025-05-05,UAODS,port843,Odessa,0,0,0,0,0,0
2025-05-05,USLGB,port664,Los Angeles-Long Beach,7,12,259680,323406,119008,176222
2025-05-05,USNYC,port815,New York-New Jersey,6,14,176074,235792,11701,13576
2025-05-06,AEJEA,port744,Jebel Ali,15,20,150303,232037,293029,294121
2025-05-06,BRSSZ,port1160,Santos,8,16,27320,33877,109668,433515
2025-05-06,CNSHA,port1188,Shanghai,38,116,308373,916483,323128,453874
2025-05-06,CNSZX,port1414,Yantian,4,6,43640,50696,50694,50694
2025-05-06,DEHAM,port446,Hamburg,11,19,175432,282801,149154,159859
2025-05-06,EGALY,port23,Alexandria,4,11,124408,173466,20985,50886
2025-05-06,GBFXT,port343,Felixstowe,3,6,19359,19359,68539,68539
2025-05-06,INNSA,port776,Mumbai-Jawaharlal Nehru (Nhava Sheva),8,27,69741,215175,53239,58641
2025-05-06,KRPUS,port1065,Busan,31,51,168249,207095,154665,172783
2025-05-06,NLRTM,port1114,Rotterdam,16,84,246299,726609,91294,179043
2025-05-06,PLGDN,port380,Gdansk,2,9,43290,86598,7481,8015
2025-05-06,SGSIN,port1201,Singapore,52,136,738562,1400584,728174,1134573
2025-05-06,TRMER,port735,Mersin,4,9,50474,51312,0,4692
2025-05-06,UAODS,port843,Odessa,0,0,0,0,0,0
2025-05-06,USLGB,port664,Los Angeles-Long Beach,7,12,296490,690611,113943,120840
2025-05-06,USNYC,port815,New York-New Jersey,4,8,97344,231276,0,0
2025-05-07,AEJEA,port744,Jebel Ali,15,27,310445,337014,135814,181869
2025-05-07,BRSSZ,port1160,Santos,5,18,37839,155845,54297,243261
2025-05-07,CNSHA,port1188,Shanghai,38,122,236827,730451,387186,938408
2025-05-07,CNSZX,port1414,Yantian,13,13,78173,78173,98820,98820
2025-05-07,DEHAM,port446,Hamburg,11,19,179505,188910,176240,184477
2025-05-07,EGALY,port23,Alexandria,3,9,37794,43436,20985,42136
2025-05-07,GBFXT,port343,Felixstowe,2,2,23706,23706,0,0
2025-05-07,INNSA,port776,Mumbai-Jawaharlal Nehru (Nhava Sheva),7,18,108847,274046,53167,58508
2025-05-07,KRPUS,port1065,Busan,24,54,259181,303207,126042,137237
2025-05-07,NLRTM,port1114,Rotterdam,17,89,168699,706628,64372,211568
2025-05-07,PLGDN,port380,Gdansk,1,10,0,243887,14739,50770
2025-05-07,SGSIN,port1201,Singapore,43,133,498210,1013357,675965,949954
2025-05-07,TRMER,port735,Mersin,3,5,13469,21785,11464,12407
2025-05-07,UAODS,port843,Odessa,0,0,0,0,0,0
2025-05-07,USLGB,port664,Los Angeles-Long Beach,3,11,160959,215122,0,39286
2025-05-07,USNYC,port815,New York-New Jersey,12,15,451327,469239,44354,46152
2025-05-08,AEJEA,port744,Jebel Ali,16,25,175875,344117,220649,261090
2025-05-08,BRSSZ,port1160,Santos,7,16,30771,75468,37492,234572
2025-05-08,CNSHA,port1188,Shanghai,23,88,89682,396171,114530,355428
2025-05-08,CNSZX,port1414,Yantian,11,12,0,0,169726,173791
2025-05-08,DEHAM,port446,Hamburg,10,16,114949,137577,100536,111543
2025-05-08,EGALY,port23,Alexandria,3,10,24778,59621,15090,39270
2025-05-08,GBFXT,port343,Felixstowe,5,8,67963,72625,11952,15178
2025-05-08,INNSA,port776,Mumbai-Jawaharlal Nehru (Nhava Sheva),6,17,26954,92744,141964,148115
2025-05-08,KRPUS,port1065,Busan,31,51,277830,306256,159605,211962
2025-05-08,NLRTM,port1114,Rotterdam,17,89,41176,466444,319597,570172
2025-05-08,PLGDN,port380,Gdansk,2,10,0,253678,210712,214684
2025-05-08,SGSIN,port1201,Singapore,43,131,862778,1446990,807331,1125720
2025-05-08,TRMER,port735,Mersin,5,8,59503,59503,27026,27826
2025-05-08,UAODS,port843,Odessa,0,0,0,0,0,0
2025-05-08,USLGB,port664,Los Angeles-Long Beach,3,9,298658,453449,0,9611
2025-05-08,USNYC,port815,New York-New Jersey,7,13,129107,230514,1982,75780
2025-05-09,AEJEA,port744,Jebel Ali,12,23,373446,423585,217068,227504
2025-05-09,BRSSZ,port1160,Santos,8,15,84642,110320,116603,321892
2025-05-09,CNSHA,port1188,Shanghai,43,137,387811,838133,438878,685902
2025-05-09,CNSZX,port1414,Yantian,7,8,2194,2194,93524,96262
2025-05-09,DEHAM,port446,Hamburg,12,20,272468,389001,149661,162342
2025-05-09,EGALY,port23,Alexandria,4,12,91362,122378,11811,48346
2025-05-09,GBFXT,port343,Felixstowe,2,3,0,0,4601,4839
2025-05-09,INNSA,port776,Mumbai-Jawaharlal Nehru (Nhava Sheva),10,28,259261,681801,88303,130475
2025-05-09,KRPUS,port1065,Busan,39,48,243840,257588,184485,189140
2025-05-09,NLRTM,port1114,Rotterdam,20,101,234425,996066,47277,176506
2025-05-09,PLGDN,port380,Gdansk,5,9,135297,151050,55897,88534
2025-05-09,SGSIN,port1201,Singapore,35,112,836067,1413116,527017,988360
2025-05-09,TRMER,port735,Mersin,4,12,152261,154569,7020,18585
2025-05-09,UAODS,port843,Odessa,0,0,0,0,0,0
2025-05-09,USLGB,port664,Los Angeles-Long Beach,2,7,130926,223382,63639,82673
2025-05-09,USNYC,port815,New York-New Jersey,5,7,45416,205938,67342,67342
2025-05-10,AEJEA,port744,Jebel Ali,12,22,218024,323007,130892,158037
2025-05-10,BRSSZ,port1160,Santos,5,14,64791,127528,46013,289583
2025-05-10,CNSHA,port1188,Shanghai,44,154,533933,1405643,422920,995398
2025-05-10,CNSZX,port1414,Yantian,15,17,85687,95897,104474,104494
2025-05-10,DEHAM,port446,Hamburg,9,21,152079,230018,54595,63110
2025-05-10,EGALY,port23,Alexandria,4,9,8214,37458,38986,47516
2025-05-10,GBFXT,port343,Felixstowe,2,4,15120,18166,125068,125068
2025-05-10,INNSA,port776,Mumbai-Jawaharlal Nehru (Nhava Sheva),7,18,236355,254893,44639,67416
2025-05-10,KRPUS,port1065,Busan,34,55,103722,138989,256798,302384
2025-05-10,NLRTM,port1114,Rotterdam,17,75,89107,340884,77967,262277
2025-05-10,PLGDN,port380,Gdansk,3,6,2941,96392,47656,77371
2025-05-10,SGSIN,port1201,Singapore,40,126,342858,824774,955878,1252024
2025-05-10,TRMER,port735,Mersin,6,10,26874,46278,40459,42218
2025-05-10,UAODS,port843,Odessa,0,0,0,0,0,0
2025-05-10,USLGB,port664,Los Angeles-Long Beach,5,9,76131,180409,313977,314883
2025-05-10,USNYC,port815,New York-New Jersey,5,10,47877,109157,131748,132263
2025-05-11,AEJEA,port744,Jebel Ali,16,28,304724,422792,402250,410593
2025-05-11,BRSSZ,port1160,Santos,6,13,7219,23910,147399,360517
2025-05-11,CNSHA,port1188,Shanghai,39,123,337602,679420,370928,847147
2025-05-11,CNSZX,port1414,Yantian,10,11,26720,26720,122748,122748
2025-05-11,DEHAM,port446,Hamburg,6,10,59639,112148,161549,170017
2025-05-11,EGALY,port23,Alexandria,2,6,0,1838,126496,130804
2025-05-11,GBFXT,port343,Felixstowe,1,2,17344,17344,0,1552
2025-05-11,INNSA,port776,Mumbai-Jawaharlal Nehru (Nhava Sheva),10,23,237808,347263,140325,195118
2025-05-11,KRPUS,port1065,Busan,37,69,181823,222812,292264,307776
2025-05-11,NLRTM,port1114,Rotterdam,14,84,301799,1202406,49730,128244
2025-05-11,PLGDN,port380,Gdansk,3,8,47983,151614,62863,66376
2025-05-11,SGSIN,port1201,Singapore,35,97,585319,760258,693761,962559
2025-05-11,TRMER,port735,Mersin,3,5,16026,26387,11008,13298
2025-05-11,UAODS,port843,Odessa,0,0,0,0,0,0
2025-05-11,USLGB,port664,Los Angeles-Long Beach,7,12,319066,492156,113387,113906
2025-05-11,USNYC,port815,New York-New Jersey,5,10,229226,407698,74945,75271
2025-05-12,AEJEA,port744,Jebel Ali,13,18,311346,467940,347244,352637
2025-05-12,BRSSZ,port1160,Santos,6,15,28702,44733,48084,214050
2025-05-12,CNSHA,port1188,Shanghai,41,132,258016,787885,462349,917434
2025-05-12,CNSZX,port1414,Yantian,12,13,21734,26137,46671,46691
2025-05-12,DEHAM,port446,Hamburg,12,19,375741,395820,96810,124129
2025-05-12,EGALY,port23,Alexandria,4,17,29388,98747,34901,51098
2025-05-12,GBFXT,port343,Felixstowe,5,7,38056,38528,25840,25899
2025-05-12,INNSA,port776,Mumbai-Jawaharlal Nehru (Nhava Sheva),7,29,91866,488514,158777,167220
2025-05-12,KRPUS,port1065,Busan,34,59,207670,249359,363242,373253
2025-05-12,NLRTM,port1114,Rotterdam,22,92,302455,868921,163982,230775
2025-05-12,PLGDN,port380,Gdansk,2,10,15239,78719,76544,79876
2025-05-12,SGSIN,port1201,Singapore,40,147,424489,1003975,939353,1424948
2025-05-12,TRMER,port735,Mersin,3,11,0,3143,32545,39609
2025-05-12,UAODS,port843,Odessa,0,0,0,0,0,0
2025-05-12,USLGB,port664,Los Angeles-Long Beach,5,8,242518,271452,136649,139265
2025-05-12,USNYC,port815,New York-New Jersey,3,8,25221,131598,25923,30134
2025-05-13,AEJEA,port744,Jebel Ali,12,26,186822,396126,226668,273549
2025-05-13,BRSSZ,port1160,Santos,6,19,58350,134031,47671,381204
2025-05-13,CNSHA,port1188,Shanghai,38,126,528557,1123286,311701,644117
2025-05-13,CNSZX,port1414,Yantian,11,12,6583,14471,91166,91166
2025-05-13,DEHAM,port446,Hamburg,13,20,235058,275257,99599,102089
2025-05-13,EGALY,port23,Alexandria,2,8,15893,50893,15130,18124
2025-05-13,GBFXT,port343,Felixstowe,3,5,40236,42049,11952,11952
2025-05-13,INNSA,port776,Mumbai-Jawaharlal Nehru (Nhava Sheva),9,22,113322,214648,119124,141809
2025-05-13,KRPUS,port1065,Busan,27,48,123948,145969,192091,211316
2025-05-13,NLRTM,port1114,Rotterdam,19,102,101572,818067,63057,212574
2025-05-13,PLGDN,port380,Gdansk,4,12,117638,282581,52782,83487
2025-05-13,SGSIN,port1201,Singapore,43,139,558887,1304173,795510,1135294
2025-05-13,TRMER,port735,Mersin,6,9,46205,47307,24561,24561
2025-05-13,UAODS,port843,Odessa,0,0,0,0,0,0
2025-05-13,USLGB,port664,Los Angeles-Long Beach,7,10,385915,475803,0,0
2025-05-13,USNYC,port815,New York-New Jersey,12,14,300420,304876,9406,65246
2025-05-14,AEJEA,port744,Jebel Ali,13,26,229848,303279,254836,264856
2025-05-14,BRSSZ,port1160,Santos,9,18,68617,164278,114567,233080
2025-05-14,CNSHA,port1188,Shanghai,40,122,117281,570780,455706,710160
2025-05-14,CNSZX,port1414,Yantian,11,13,21468,33145,113545,113565
2025-05-14,DEHAM,port446,Hamburg,15,26,85667,237422,334938,342477
2025-05-14,EGALY,port23,Alexandria,4,8,31786,33644,167190,195280
2025-05-14,GBFXT,port343,Felixstowe,4,4,49362,49362,0,0
2025-05-14,INNSA,port776,Mumbai-Jawaharlal Nehru (Nhava Sheva),11,25,186535,580707,55751,165976
2025-05-14,KRPUS,port1065,Busan,34,53,206257,230201,206803,222162
2025-05-14,NLRTM,port1114,Rotterdam,20,84,209960,729947,89007,207913
2025-05-14,PLGDN,port380,Gdansk,2,8,28650,119670,0,1620
2025-05-14,SGSIN,port1201,Singapore,39,118,818651,1260346,995655,1287770
2025-05-14,TRMER,port735,Mersin,2,7,6641,25209,27796,40780
2025-05-14,UAODS,port843,Odessa,0,0,0,0,0,0
2025-05-14,USLGB,port664,Los Angeles-Long Beach,5,9,182406,411508,235877,243268
2025-05-14,USNYC,port815,New York-New Jersey,6,13,81899,241182,2419,2803
2025-05-15,AEJEA,port744,Jebel Ali,20,25,522420,592341,282050,282050
2025-05-15,BRSSZ,port1160,Santos,6,16,36986,40059,73169,394137
2025-05-15,CNSHA,port1188,Shanghai,21,85,253454,888963,304579,549683
2025-05-15,CNSZX,port1414,Yantian,9,10,37013,40078,83240,83240
2025-05-15,DEHAM,port446,Hamburg,6,17,16348,128577,134118,153391
2025-05-15,EGALY,port23,Alexandria,5,8,15893,19981,74906,76957
2025-05-15,GBFXT,port343,Felixstowe,2,3,32965,38280,0,0
2025-05-15,INNSA,port776,Mumbai-Jawaharlal Nehru (Nhava Sheva),8,20,69536,171324,140553,169493
2025-05-15,KRPUS,port1065,Busan,29,56,65431,97761,256087,268739
2025-05-15,NLRTM,port1114,Rotterdam,24,92,199632,728540,185374,244946
2025-05-15,PLGDN,port380,Gdansk,2,11,15239,120984,51387,58755
2025-05-15,SGSIN,port1201,Singapore,44,120,1195043,1637817,663287,854658
2025-05-15,TRMER,port735,Mersin,4,9,105044,121473,3562,8849
2025-05-15,UAODS,port843,Odessa,0,0,0,0,0,0
2025-05-15,USLGB,port664,Los Angeles-Long Beach,6,13,448441,520781,111517,221742
2025-05-15,USNYC,port815,New York-New Jersey,8,11,101609,118991,118515,120130
2025-05-16,AEJEA,port744,Jebel Ali,11,24,107385,214594,272878,315339
2025-05-16,BRSSZ,port1160,Santos,8,18,115547,125976,37856,469249
2025-05-16,CNSHA,port1188,Shanghai,54,168,537903,1426784,482323,842034
2025-05-16,CNSZX,port1414,Yantian,9,9,25395,25395,53517,53517
2025-05-16,DEHAM,port446,Hamburg,10,16,236824,299515,76563,78224
2025-05-16,EGALY,port23,Alexandria,4,14,24256,68801,102538,118548
2025-05-16,GBFXT,port343,Felixstowe,3,5,0,5482,48358,48358
2025-05-16,INNSA,port776,Mumbai-Jawaharlal Nehru (Nhava Sheva),8,26,207906,296751,84403,84403
2025-05-16,KRPUS,port1065,Busan,32,48,172144,191906,195958,202325
2025-05-16,NLRTM,port1114,Rotterdam,18,89,236065,989325,203578,541665
2025-05-16,PLGDN,port380,Gdansk,5,9,42360,205164,20342,20342
2025-05-16,SGSIN,port1201,Singapore,43,129,387079,842316,1103832,1402954
2025-05-16,TRMER,port735,Mersin,7,11,6738,6738,121087,125728
2025-05-16,UAODS,port843,Odessa,0,0,0,0,0,0
2025-05-16,USLGB,port664,Los Angeles-Long Beach,4,9,303328,359039,12887,95398
2025-05-16,USNYC,port815,New York-New Jersey,6,12,68701,112966,103746,123943
2025-05-17,AEJEA,port744,Jebel Ali,11,21,341253,470307,82499,88011
2025-05-17,BRSSZ,port1160,Santos,3,11,33367,45000,21840,315968
2025-05-17,CNSHA,port1188,Shanghai,40,131,286487,777389,427138,601968
2025-05-17,CNSZX,port1414,Yantian,10,12,16963,24814,85833,85833
2025-05-17,DEHAM,port446,Hamburg,11,21,272688,283491,86548,96926
2025-05-17,EGALY,port23,Alexandria,5,10,132578,172996,116896,123155
2025-05-17,GBFXT,port343,Felixstowe,3,4,5745,5745,34428,34428
2025-05-17,INNSA,port776,Mumbai-Jawaharlal Nehru (Nhava Sheva),7,22,73395,209131,108219,254137
2025-05-17,KRPUS,port1065,Busan,27,47,218379,237073,197994,205104
2025-05-17,NLRTM,port1114,Rotterdam,12,82,68483,697474,173410,365446
2025-05-17,PLGDN,port380,Gdansk,2,8,13991,159096,0,13903
2025-05-17,SGSIN,port1201,Singapore,46,119,1127680,1719836,735903,1090263
2025-05-17,TRMER,port735,Mersin,3,8,0,46700,36632,38875
2025-05-17,UAODS,port843,Odessa,0,0,0,0,0,0
2025-05-17,USLGB,port664,Los Angeles-Long Beach,4,8,47020,54635,0,15852
2025-05-17,USNYC,port815,New York-New Jersey,7,10,197104,272238,29051,29051
2025-05-18,AEJEA,port744,Jebel Ali,13,21,184852,191170,200946,209623
2025-05-18,BRSSZ,port1160,Santos,6,17,49719,103168,99038,404754
2025-05-18,CNSHA,port1188,Shanghai,42,139,390789,1230749,282943,478468
2025-05-18,CNSZX,port1414,Yantian,12,13,33642,37625,92586,92586
2025-05-18,DEHAM,port446,Hamburg,7,15,18386,110331,69225,73310
2025-05-18,EGALY,port23,Alexandria,2,6,15893,23866,82365,88415
2025-05-18,GBFXT,port343,Felixstowe,2,5,111383,119167,0,0
2025-05-18,INNSA,port776,Mumbai-Jawaharlal Nehru (Nhava Sheva),13,25,249647,567323,372570,414444
2025-05-18,KRPUS,port1065,Busan,33,53,76464,107529,197966,205436
2025-05-18,NLRTM,port1114,Rotterdam,17,80,61377,644765,58073,193920
2025-05-18,PLGDN,port380,Gdansk,2,8,93182,109307,0,1382
2025-05-18,SGSIN,port1201,Singapore,37,127,784626,1466365,561858,884768
2025-05-18,TRMER,port735,Mersin,4,8,42731,52122,22016,23315
2025-05-18,UAODS,port843,Odessa,0,0,0,0,0,0
2025-05-18,USLGB,port664,Los Angeles-Long Beach,6,13,221131,462077,95821,96421
2025-05-18,USNYC,port815,New York-New Jersey,8,12,228901,245372,8875,17358
2025-05-19,AEJEA,port744,Jebel Ali,19,33,559677,688058,278742,314565
2025-05-19,BRSSZ,port1160,Santos,9,16,55837,98185,81531,250226
2025-05-19,CNSHA,port1188,Shanghai,30,108,250679,713354,258216,458490
2025-05-19,CNSZX,port1414,Yantian,7,9,19786,23969,69942,69942
2025-05-19,DEHAM,port446,Hamburg,12,17,134712,159445,348159,350930
2025-05-19,EGALY,port23,Alexandria,3,16,15893,70853,21600,44367
2025-05-19,GBFXT,port343,Felixstowe,3,5,51851,52324,0,58
2025-05-19,INNSA,port776,Mumbai-Jawaharlal Nehru (Nhava Sheva),6,32,105736,332404,73376,131401
2025-05-19,KRPUS,port1065,Busan,28,50,225441,261113,234721,246399
2025-05-19,NLRTM,port1114,Rotterdam,18,93,177979,549076,109588,319936
2025-05-19,PLGDN,port380,Gdansk,3,15,11890,134359,50955,86919
2025-05-19,SGSIN,port1201,Singapore,42,146,1153144,1783127,770237,1166663
2025-05-19,TRMER,port735,Mersin,2,6,38692,56251,11008,12307
2025-05-19,UAODS,port843,Odessa,0,0,0,0,0,0
2025-05-19,USLGB,port664,Los Angeles-Long Beach,4,10,225801,433689,0,16318
2025-05-19,USNYC,port815,New York-New Jersey,4,9,69110,216577,15814,15814
2025-05-20,AEJEA,port744,Jebel Ali,13,23,188171,286039,375107,417181
2025-05-20,BRSSZ,port1160,Santos,6,18,142211,209476,34429,405944
2025-05-20,CNSHA,port1188,Shanghai,41,141,219352,728725,244017,671346
2025-05-20,CNSZX,port1414,Yantian,8,8,5445,5445,86633,86633
2025-05-20,DEHAM,port446,Hamburg,9,18,150656,166005,100075,119266
2025-05-20,EGALY,port23,Alexandria,3,7,39430,143133,19581,19581
2025-05-20,GBFXT,port343,Felixstowe,3,7,43050,52868,0,0
2025-05-20,INNSA,port776,Mumbai-Jawaharlal Nehru (Nhava Sheva),7,9,170738,210624,88660,91470
2025-05-20,KRPUS,port1065,Busan,23,48,76948,117083,75957,85832
2025-05-20,NLRTM,port1114,Rotterdam,20,89,223431,878981,213230,284180
2025-05-20,PLGDN,port380,Gdansk,3,13,96881,105332,148245,162664
2025-05-20,SGSIN,port1201,Singapore,34,114,519836,773378,769396,1200238
2025-05-20,TRMER,port735,Mersin,6,10,0,23274,57416,65860
2025-05-20,UAODS,port843,Odessa,0,0,0,0,0,0
2025-05-20,USLGB,port664,Los Angeles-Long Beach,9,18,554237,677459,361855,449775
2025-05-20,USNYC,port815,New York-New Jersey,8,14,176085,274160,0,12375
2025-05-21,AEJEA,port744,Jebel Ali,15,24,301572,346146,272126,278707
2025-05-21,BRSSZ,port1160,Santos,7,15,70869,80229,46404,370893
2025-05-21,CNSHA,port1188,Shanghai,23,82,237369,611911,226020,460075
2025-05-21,CNSZX,port1414,Yantian,7,8,5218,5218,119135,119905
2025-05-21,DEHAM,port446,Hamburg,12,19,175497,210594,300096,306406
2025-05-21,EGALY,port23,Alexandria,1,5,32892,96583,0,6537
2025-05-21,GBFXT,port343,Felixstowe,3,5,29688,32987,26344,26661
2025-05-21,INNSA,port776,Mumbai-Jawaharlal Nehru (Nhava Sheva),5,16,50249,173124,84135,111165
2025-05-21,KRPUS,port1065,Busan,38,63,163128,201597,209093,218581
2025-05-21,NLRTM,port1114,Rotterdam,22,93,253390,1227085,121916,239633
2025-05-21,PLGDN,port380,Gdansk,3,10,20260,170379,0,18594
2025-05-21,SGSIN,port1201,Singapore,43,139,573153,984658,757128,1281959
2025-05-21,TRMER,port735,Mersin,4,12,32735,41751,22016,26986
2025-05-21,UAODS,port843,Odessa,0,0,0,0,0,0
2025-05-21,USLGB,port664,Los Angeles-Long Beach,5,10,180631,263763,46041,46307
2025-05-21,USNYC,port815,New York-New Jersey,5,11,65692,271248,56014,58974
2025-05-22,AEJEA,port744,Jebel Ali,12,24,262739,290512,197534,206424
2025-05-22,BRSSZ,port1160,Santos,4,14,0,71107,115505,375575
2025-05-22,CNSHA,port1188,Shanghai,47,126,408103,666367,450546,774084
2025-05-22,CNSZX,port1414,Yantian,9,11,7654,7654,68534,68534
2025-05-22,DEHAM,port446,Hamburg,12,20,81172,160070,62164,129102
2025-05-22,EGALY,port23,Alexandria,1,4,16250,60380,0,6839
2025-05-22,GBFXT,port343,Felixstowe,2,2,6713,6713,0,0
2025-05-22,INNSA,port776,Mumbai-Jawaharlal Nehru (Nhava Sheva),7,24,197049,393294,279547,305869
2025-05-22,KRPUS,port1065,Busan,27,46,149525,174648,89299,97916
2025-05-22,NLRTM,port1114,Rotterdam,16,80,40185,472158,157309,217471
2025-05-22,PLGDN,port380,Gdansk,4,13,137724,473470,0,4645
2025-05-22,SGSIN,port1201,Singapore,42,128,658539,979415,903350,1190093
2025-05-22,TRMER,port735,Mersin,6,10,110798,117202,31447,31447
2025-05-22,UAODS,port843,Odessa,0,0,0,0,0,0
2025-05-22,USLGB,port664,Los Angeles-Long Beach,2,8,290367,417403,0,17800
2025-05-22,USNYC,port815,New York-New Jersey,9,11,179015,251686,119893,119893
2025-05-23,AEJEA,port744,Jebel Ali,14,27,357412,574926,121101,124435
2025-05-23,BRSSZ,port1160,Santos,9,15,122264,192927,29042,64319
2025-05-23,CNSHA,port1188,Shanghai,35,112,163269,561927,247254,708084
2025-05-23,CNSZX,port1414,Yantian,10,11,44202,47621,98728,98728
2025-05-23,DEHAM,port446,Hamburg,11,18,318842,369188,107159,115540
2025-05-23,EGALY,port23,Alexandria,4,9,22315,37253,46657,54161
2025-05-23,GBFXT,port343,Felixstowe,4,5,35844,35844,11952,13221
2025-05-23,INNSA,port776,Mumbai-Jawaharlal Nehru (Nhava Sheva),5,17,63477,190198,84977,128983
2025-05-23,KRPUS,port1065,Busan,34,53,198361,239090,169973,183306
2025-05-23,NLRTM,port1114,Rotterdam,17,77,48348,506971,204519,335501
2025-05-23,PLGDN,port380,Gdansk,2,6,126914,234390,20342,23746
2025-05-23,SGSIN,port1201,Singapore,42,140,894607,1477531,754900,1142039
2025-05-23,TRMER,port735,Mersin,3,11,12290,19557,22260,24359
2025-05-23,UAODS,port843,Odessa,0,0,0,0,0,0
2025-05-23,USLGB,port664,Los Angeles-Long Beach,5,8,144387,146242,119577,153258
2025-05-23,USNYC,port815,New York-New Jersey,3,10,77779,353877,9660,11004
2025-05-24,AEJEA,port744,Jebel Ali,13,21,140686,249298,198836,208956
2025-05-24,BRSSZ,port1160,Santos,4,15,28596,72437,9183,293548
2025-05-24,CNSHA,port1188,Shanghai,39,121,205002,645389,421155,642502
2025-05-24,CNSZX,port1414,Yantian,6,7,4995,13120,75896,75896
2025-05-24,DEHAM,port446,Hamburg,9,18,92900,138465,125147,127860
2025-05-24,EGALY,port23,Alexandria,4,11,14590,26060,30781,35638
2025-05-24,GBFXT,port343,Felixstowe,1,2,26883,29130,0,0
2025-05-24,INNSA,port776,Mumbai-Jawaharlal Nehru (Nhava Sheva),6,12,65196,203668,125608,132848
2025-05-24,KRPUS,port1065,Busan,37,52,212296,238268,206073,211729
2025-05-24,NLRTM,port1114,Rotterdam,14,84,248320,597026,82638,357820
2025-05-24,PLGDN,port380,Gdansk,2,4,10231,206428,0,0
2025-05-24,SGSIN,port1201,Singapore,47,127,780002,1214220,759888,1118918
2025-05-24,TRMER,port735,Mersin,5,8,86801,96947,0,2653
2025-05-24,UAODS,port843,Odessa,0,0,0,0,0,0
2025-05-24,USLGB,port664,Los Angeles-Long Beach,5,13,141207,521957,90908,108331
2025-05-24,USNYC,port815,New York-New Jersey,8,11,221738,265083,44826,44826
2025-05-25,AEJEA,port744,Jebel Ali,16,32,300460,364358,241153,258568
2025-05-25,BRSSZ,port1160,Santos,7,13,35231,35231,163321,408744
2025-05-25,CNSHA,port1188,Shanghai,38,129,271503,721029,274881,660624
2025-05-25,CNSZX,port1414,Yantian,11,11,25592,25592,64392,64392
2025-05-25,DEHAM,port446,Hamburg,9,19,96666,113747,105508,114829
2025-05-25,EGALY,port23,Alexandria,1,6,201394,217904,0,8139
2025-05-25,GBFXT,port343,Felixstowe,4,4,33166,33166,168152,168152
2025-05-25,INNSA,port776,Mumbai-Jawaharlal Nehru (Nhava Sheva),7,15,181298,225080,143373,167379
2025-05-25,KRPUS,port1065,Busan,38,67,105280,147813,120017,170546
2025-05-25,NLRTM,port1114,Rotterdam,21,72,127326,412834,77270,225743
2025-05-25,PLGDN,port380,Gdansk,3,6,143563,145875,0,743
2025-05-25,SGSIN,port1201,Singapore,38,98,796490,1306115,1004064,1186987
2025-05-25,TRMER,port735,Mersin,2,8,0,838,84495,95604
2025-05-25,UAODS,port843,Odessa,0,0,0,0,0,0
2025-05-25,USLGB,port664,Los Angeles-Long Beach,9,12,443713,443713,133244,200237
2025-05-25,USNYC,port815,New York-New Jersey,5,6,83147,83147,36575,36575
2025-05-26,AEJEA,port744,Jebel Ali,19,30,441470,520159,266977,318579
2025-05-26,BRSSZ,port1160,Santos,6,18,12211,26735,19455,468157
2025-05-26,CNSHA,port1188,Shanghai,37,127,290479,941130,347235,623787
2025-05-26,CNSZX,port1414,Yantian,12,12,5325,5325,106035,106035
2025-05-26,DEHAM,port446,Hamburg,8,13,112258,185907,195404,201424
2025-05-26,EGALY,port23,Alexandria,5,15,47679,106279,69140,82538
2025-05-26,GBFXT,port343,Felixstowe,4,6,13554,13554,108272,116339
2025-05-26,INNSA,port776,Mumbai-Jawaharlal Nehru (Nhava Sheva),5,18,192696,328264,18344,29644
2025-05-26,KRPUS,port1065,Busan,30,61,148372,220124,142984,172664
2025-05-26,NLRTM,port1114,Rotterdam,24,111,382821,1221702,109322,246467
2025-05-26,PLGDN,port380,Gdansk,4,13,30568,134515,63379,64340
2025-05-26,SGSIN,port1201,Singapore,41,137,964437,1622012,714203,1029384
2025-05-26,TRMER,port735,Mersin,4,7,75738,87173,14581,18159
2025-05-26,UAODS,port843,Odessa,0,0,0,0,0,0
2025-05-26,USLGB,port664,Los Angeles-Long Beach,3,7,178365,239566,0,40330
2025-05-26,USNYC,port815,New York-New Jersey,6,12,6307,147301,91351,102838
2025-05-27,AEJEA,port744,Jebel Ali,12,23,316867,507998,157882,167465
2025-05-27,BRSSZ,port1160,Santos,10,18,54473,111063,66603,303700
2025-05-27,CNSHA,port1188,Shanghai,38,129,257861,691472,430288,649783
2025-05-27,CNSZX,port1414,Yantian,8,11,15015,22289,100674,100694
2025-05-27,DEHAM,port446,Hamburg,9,17,45065,64585,142836,152222
2025-05-27,EGALY,port23,Alexandria,4,7,193903,203782,20985,21988
2025-05-27,GBFXT,port343,Felixstowe,2,7,26767,32785,0,2920
2025-05-27,INNSA,port776,Mumbai-Jawaharlal Nehru (Nhava Sheva),7,21,103181,432132,136040,211725
2025-05-27,KRPUS,port1065,Busan,23,42,267346,311326,91206,100089
2025-05-27,NLRTM,port1114,Rotterdam,18,84,51366,504893,114419,295945
2025-05-27,PLGDN,port380,Gdansk,1,6,11824,170215,0,1756
2025-05-27,SGSIN,port1201,Singapore,38,121,299359,525648,959285,1250969
2025-05-27,TRMER,port735,Mersin,2,7,1153,17452,0,4577
2025-05-27,UAODS,port843,Odessa,0,0,0,0,0,0
2025-05-27,USLGB,port664,Los Angeles-Long Beach,7,18,555236,666454,12266,90641
2025-05-27,USNYC,port815,New York-New Jersey,5,17,193504,404645,7907,31195
2025-05-28,AEJEA,port744,Jebel Ali,18,34,383293,586810,251356,294269
2025-05-28,BRSSZ,port1160,Santos,5,16,21570,72303,48013,356703
2025-05-28,CNSHA,port1188,Shanghai,38,143,386689,1187757,556594,1063806
2025-05-28,CNSZX,port1414,Yantian,9,9,11445,11445,110541,110541
2025-05-28,DEHAM,port446,Hamburg,12,19,119658,137715,66039,68901
2025-05-28,EGALY,port23,Alexandria,4,11,15893,71270,25467,28743
2025-05-28,GBFXT,port343,Felixstowe,4,6,127139,128681,4374,9905
2025-05-28,INNSA,port776,Mumbai-Jawaharlal Nehru (Nhava Sheva),5,18,105523,188817,73376,108393
2025-05-28,KRPUS,port1065,Busan,42,62,238835,322543,225887,237310
2025-05-28,NLRTM,port1114,Rotterdam,22,91,137821,824341,109594,221566
2025-05-28,PLGDN,port380,Gdansk,3,8,6353,50448,29879,33779
2025-05-28,SGSIN,port1201,Singapore,45,122,690557,1129759,599292,929628
2025-05-28,TRMER,port735,Mersin,3,9,0,3209,13298,15540
2025-05-28,UAODS,port843,Odessa,0,0,0,0,0,0
2025-05-28,USLGB,port664,Los Angeles-Long Beach,4,9,191203,420737,131914,133727
2025-05-28,USNYC,port815,New York-New Jersey,8,12,173839,229583,7356,7356
2025-05-29,AEJEA,port744,Jebel Ali,14,29,185134,382607,170051,181899
2025-05-29,BRSSZ,port1160,Santos,7,16,77720,81984,53668,388798
2025-05-29,CNSHA,port1188,Shanghai,40,125,354938,1059635,225591,489032
2025-05-29,CNSZX,port1414,Yantian,14,14,45047,45047,97207,97207
2025-05-29,DEHAM,port446,Hamburg,15,22,178721,211389,221742,236350
2025-05-29,EGALY,port23,Alexandria,2,6,0,58474,62066,69167
2025-05-29,GBFXT,port343,Felixstowe,1,1,40036,40036,0,0
2025-05-29,INNSA,port776,Mumbai-Jawaharlal Nehru (Nhava Sheva),4,10,26592,119857,54872,73413
2025-05-29,KRPUS,port1065,Busan,29,59,113180,177360,127139,144493
2025-05-29,NLRTM,port1114,Rotterdam,13,63,165901,343732,70648,188116
2025-05-29,PLGDN,port380,Gdansk,2,10,57167,257071,0,8787
2025-05-29,SGSIN,port1201,Singapore,34,116,583736,795550,387512,655088
2025-05-29,TRMER,port735,Mersin,6,8,92577,92577,5305,5305
2025-05-29,UAODS,port843,Odessa,0,0,0,0,0,0
2025-05-29,USLGB,port664,Los Angeles-Long Beach,4,7,185800,192622,62837,65445
2025-05-29,USNYC,port815,New York-New Jersey,5,11,55704,184526,13801,14847
2025-05-30,AEJEA,port744,Jebel Ali,12,21,128966,252985,178048,183191
2025-05-30,BRSSZ,port1160,Santos,4,13,16278,16278,49624,291414
2025-05-30,CNSHA,port1188,Shanghai,39,125,443249,868241,374321,852946
2025-05-30,CNSZX,port1414,Yantian,10,10,6684,6684,135175,135175
2025-05-30,DEHAM,port446,Hamburg,7,15,13260,158061,104020,109004
2025-05-30,EGALY,port23,Alexandria,5,12,42005,103342,39631,41984
2025-05-30,GBFXT,port343,Felixstowe,3,3,6402,6402,158530,158530
2025-05-30,INNSA,port776,Mumbai-Jawaharlal Nehru (Nhava Sheva),7,14,107276,140547,95477,98287
2025-05-30,KRPUS,port1065,Busan,38,54,294062,322063,106490,118857
2025-05-30,NLRTM,port1114,Rotterdam,22,85,37145,661334,111681,180935
2025-05-30,PLGDN,port380,Gdansk,3,9,37449,141955,0,0
2025-05-30,SGSIN,port1201,Singapore,41,127,922514,1323468,1090856,1617231
2025-05-30,TRMER,port735,Mersin,3,5,0,1589,32543,32943
2025-05-30,UAODS,port843,Odessa,0,0,0,0,0,0
2025-05-30,USLGB,port664,Los Angeles-Long Beach,3,6,152341,223914,38662,48879
2025-05-30,USNYC,port815,New York-New Jersey,7,10,84611,126330,184584,184584
2025-05-31,AEJEA,port744,Jebel Ali,16,26,204756,253980,309973,342338
2025-05-31,BRSSZ,port1160,Santos,6,16,106686,200528,28454,354536
2025-05-31,CNSHA,port1188,Shanghai,39,120,154022,880918,432147,800867
2025-05-31,CNSZX,port1414,Yantian,8,8,3203,3203,119262,119262
2025-05-31,DEHAM,port446,Hamburg,6,10,73879,77822,64528,66561
2025-05-31,EGALY,port23,Alexandria,3,10,15893,30080,28931,31343
2025-05-31,GBFXT,port343,Felixstowe,1,2,4660,6907,0,0
2025-05-31,INNSA,port776,Mumbai-Jawaharlal Nehru (Nhava Sheva),6,26,31738,286638,100288,139818
2025-05-31,KRPUS,port1065,Busan,31,55,125853,150515,155004,176148
2025-05-31,NLRTM,port1114,Rotterdam,13,78,147506,595919,26092,194487
2025-05-31,PLGDN,port380,Gdansk,1,4,26834,31434,0,910
2025-05-31,SGSIN,port1201,Singapore,34,132,892692,1889015,707250,1025353
2025-05-31,TRMER,port735,Mersin,5,9,28975,43935,45699,47378
2025-05-31,UAODS,port843,Odessa,0,0,0,0,0,0
2025-05-31,USLGB,port664,Los Angeles-Long Beach,3,12,101108,363141,12887,52709
2025-05-31,USNYC,port815,New York-New Jersey,6,12,158895,314190,18941,19752
2025-06-01,AEJEA,port744,Jebel Ali,10,19,246729,262970,206024,210025
2025-06-01,BRSSZ,port1160,Santos,6,17,14370,136328,122545,391101
2025-06-01,CNSHA,port1188,Shanghai,36,99,411847,759297,350488,776044
2025-06-01,CNSZX,port1414,Yantian,8,10,22724,22724,54315,54315
2025-06-01,DEHAM,port446,Hamburg,13,17,186412,186412,312185,326187
2025-06-01,EGALY,port23,Alexandria,7,10,71026,124384,50224,51495
2025-06-01,GBFXT,port343,Felixstowe,3,5,118317,124750,21218,21941
2025-06-01,INNSA,port776,Mumbai-Jawaharlal Nehru (Nhava Sheva),3,12,69212,223580,108340,116066
2025-06-01,KRPUS,port1065,Busan,38,68,321404,390030,257212,266544
2025-06-01,NLRTM,port1114,Rotterdam,17,86,216134,896537,337374,484983
2025-06-01,PLGDN,port380,Gdansk,5,9,60738,124333,77126,87501
2025-06-01,SGSIN,port1201,Singapore,38,109,1181824,1622220,607791,910286
2025-06-01,TRMER,port735,Mersin,3,5,15195,76759,15572,15572
2025-06-01,UAODS,port843,Odessa,0,0,0,0,0,0
2025-06-01,USLGB,port664,Los Angeles-Long Beach,5,10,251818,256505,36673,62271
2025-06-01,USNYC,port815,New York-New Jersey,5,9,122787,330595,25940,25940
2025-06-02,AEJEA,port744,Jebel Ali,21,34,299147,433722,268224,331506
2025-06-02,BRSSZ,port1160,Santos,7,20,124290,131337,39563,459125
2025-06-02,CNSHA,port1188,Shanghai,39,137,640306,1196748,192208,479059
2025-06-02,CNSZX,port1414,Yantian,17,17,10387,10387,146577,146577
2025-06-02,DEHAM,port446,Hamburg,7,11,28558,41200,201818,207758
2025-06-02,EGALY,port23,Alexandria,5,25,54131,161729,37334,63816
2025-06-02,GBFXT,port343,Felixstowe,1,4,0,5666,30276,30392
2025-06-02,INNSA,port776,Mumbai-Jawaharlal Nehru (Nhava Sheva),4,14,38779,200216,158065,192867
2025-06-02,KRPUS,port1065,Busan,35,58,257898,302566,95048,104500
2025-06-02,NLRTM,port1114,Rotterdam,17,77,236166,555183,69624,276848
2025-06-02,PLGDN,port380,Gdansk,1,13,76302,273132,0,6471
2025-06-02,SGSIN,port1201,Singapore,40,159,584915,1454077,745307,1107596
2025-06-02,TRMER,port735,Mersin,4,8,41333,50198,23388,23580
2025-06-02,UAODS,port843,Odessa,0,0,0,0,0,0
2025-06-02,USLGB,port664,Los Angeles-Long Beach,5,11,242146,315851,0,0
2025-06-02,USNYC,port815,New York-New Jersey,6,8,239539,247761,2826,2826
2025-06-03,AEJEA,port744,Jebel Ali,14,22,246469,333211,251155,255975
2025-06-03,BRSSZ,port1160,Santos,8,15,20438,61596,145880,300101
2025-06-03,CNSHA,port1188,Shanghai,39,127,244781,569631,534806,1039855
2025-06-03,CNSZX,port1414,Yantian,11,12,59963,59963,81502,81502
2025-06-03,DEHAM,port446,Hamburg,12,19,213915,276762,146917,149353
2025-06-03,EGALY,port23,Alexandria,4,9,0,29804,74571,80074
2025-06-03,GBFXT,port343,Felixstowe,3,7,1458,8901,6290,6290
2025-06-03,INNSA,port776,Mumbai-Jawaharlal Nehru (Nhava Sheva),6,22,38779,240717,221064,272544
2025-06-03,KRPUS,port1065,Busan,35,56,256444,279423,143828,152814
2025-06-03,NLRTM,port1114,Rotterdam,21,82,175115,525561,66310,156070
2025-06-03,PLGDN,port380,Gdansk,1,12,1603,239072,0,4628
2025-06-03,SGSIN,port1201,Singapore,42,124,940881,1629421,551013,871649
2025-06-03,TRMER,port735,Mersin,2,9,18249,133831,0,2062
2025-06-03,UAODS,port843,Odessa,0,0,0,0,0,0
2025-06-03,USLGB,port664,Los Angeles-Long Beach,3,7,247906,392414,0,21433
2025-06-03,USNYC,port815,New York-New Jersey,8,13,80957,192328,121332,121332
2025-06-04,AEJEA,port744,Jebel Ali,12,20,382824,425801,298537,300311
2025-06-04,BRSSZ,port1160,Santos,7,21,41502,64323,59895,471927
2025-06-04,CNSHA,port1188,Shanghai,37,109,559887,1079849,479911,660362
2025-06-04,CNSZX,port1414,Yantian,9,9,2546,2546,135133,135133
2025-06-04,DEHAM,port446,Hamburg,12,22,236907,391166,24396,48295
2025-06-04,EGALY,port23,Alexandria,6,12,55237,61515,12211,18846
2025-06-04,GBFXT,port343,Felixstowe,2,3,46860,48609,11324,11324
2025-06-04,INNSA,port776,Mumbai-Jawaharlal Nehru (Nhava Sheva),3,9,71656,96670,47398,52576
2025-06-04,KRPUS,port1065,Busan,42,64,153160,180615,247575,258776
2025-06-04,NLRTM,port1114,Rotterdam,27,100,185671,706794,100648,253699
2025-06-04,PLGDN,port380,Gdansk,3,9,124523,134516,0,1611
2025-06-04,SGSIN,port1201,Singapore,41,110,488850,698211,775119,1024280
2025-06-04,TRMER,port735,Mersin,3,8,10307,41289,14843,18055
2025-06-04,UAODS,port843,Odessa,0,0,0,0,0,0
2025-06-04,USLGB,port664,Los Angeles-Long Beach,4,9,180545,312745,357215,357215
2025-06-04,USNYC,port815,New York-New Jersey,5,9,209030,352821,0,1615
2025-06-05,AEJEA,port744,Jebel Ali,15,26,413945,513498,248825,317868
2025-06-05,BRSSZ,port1160,Santos,5,15,19021,89228,54417,300482
2025-06-05,CNSHA,port1188,Shanghai,32,104,408202,872541,303367,474305
2025-06-05,CNSZX,port1414,Yantian,9,11,24823,30843,103759,103759
2025-06-05,DEHAM,port446,Hamburg,11,14,316892,369415,41556,41556
2025-06-05,EGALY,port23,Alexandria,2,2,0,0,20204,20204
2025-06-05,GBFXT,port343,Felixstowe,3,5,29936,29936,43880,48076
2025-06-05,INNSA,port776,Mumbai-Jawaharlal Nehru (Nhava Sheva),8,15,180065,184002,118496,121125
2025-06-05,KRPUS,port1065,Busan,19,37,77112,113458,97252,106115
2025-06-05,NLRTM,port1114,Rotterdam,20,103,6491,749365,319311,522028
2025-06-05,PLGDN,port380,Gdansk,2,10,124559,420270,18566,21368
2025-06-05,SGSIN,port1201,Singapore,42,130,469305,883491,859180,1107509
2025-06-05,TRMER,port735,Mersin,6,11,102723,139798,13258,15421
2025-06-05,UAODS,port843,Odessa,0,0,0,0,0,0
2025-06-05,USLGB,port664,Los Angeles-Long Beach,6,10,410232,464985,0,95602
2025-06-05,USNYC,port815,New York-New Jersey,6,11,41764,223091,61826,62464
2025-06-06,AEJEA,port744,Jebel Ali,12,24,215602,230519,206899,251019
2025-06-06,BRSSZ,port1160,Santos,8,14,113287,118906,59792,199103
2025-06-06,CNSHA,port1188,Shanghai,45,130,348405,699689,479521,749424
2025-06-06,CNSZX,port1414,Yantian,8,9,20002,31824,76079,76079
2025-06-06,DEHAM,port446,Hamburg,9,20,31778,62951,131320,164338
2025-06-06,EGALY,port23,Alexandria,5,8,17788,71111,107306,107306
2025-06-06,GBFXT,port343,Felixstowe,3,4,24778,25412,12447,12447
2025-06-06,INNSA,port776,Mumbai-Jawaharlal Nehru (Nhava Sheva),5,15,204736,327646,41703,57111
2025-06-06,KRPUS,port1065,Busan,36,62,171742,208424,157575,169647
2025-06-06,NLRTM,port1114,Rotterdam,20,85,325605,1142324,58902,216937
2025-06-06,PLGDN,port380,Gdansk,2,7,27413,124327,0,5909
2025-06-06,SGSIN,port1201,Singapore,44,122,529150,1305233,815347,1168499
2025-06-06,TRMER,port735,Mersin,4,9,178307,189260,22840,52209
2025-06-06,UAODS,port843,Odessa,0,0,0,0,0,0
2025-06-06,USLGB,port664,Los Angeles-Long Beach,3,12,140707,227843,138396,257484
2025-06-06,USNYC,port815,New York-New Jersey,10,18,130289,219886,124638,125516
2025-06-07,AEJEA,port744,Jebel Ali,20,32,279060,364200,286160,312997
2025-06-07,BRSSZ,port1160,Santos,5,19,59075,172992,68464,419857
2025-06-07,CNSHA,port1188,Shanghai,31,93,195034,613118,270231,613348
2025-06-07,CNSZX,port1414,Yantian,13,14,48913,51248,122738,122738
2025-06-07,DEHAM,port446,Hamburg,2,5,37810,38626,0,607
2025-06-07,EGALY,port23,Alexandria,5,11,88429,148766,25042,29451
2025-06-07,GBFXT,port343,Felixstowe,2,3,0,2247,64261,64261
2025-06-07,INNSA,port776,Mumbai-Jawaharlal Nehru (Nhava Sheva),6,21,98723,203427,124853,155006
2025-06-07,KRPUS,port1065,Busan,42,60,188191,262770,187504,193054
2025-06-07,NLRTM,port1114,Rotterdam,16,72,170116,374190,61654,156499
2025-06-07,PLGDN,port380,Gdansk,3,8,45998,153396,23547,38590
2025-06-07,SGSIN,port1201,Singapore,41,136,632492,1269607,677859,1161962
2025-06-07,TRMER,port735,Mersin,3,5,17585,23088,66329,72099
2025-06-07,UAODS,port843,Odessa,0,0,0,0,0,0
2025-06-07,USLGB,port664,Los Angeles-Long Beach,2,5,136987,174422,17918,68911
2025-06-07,USNYC,port815,New York-New Jersey,10,13,186854,293451,21767,21767
2025-06-08,AEJEA,port744,Jebel Ali,11,16,192021,296836,217741,221198
2025-06-08,BRSSZ,port1160,Santos,7,19,44356,124390,54238,379546
2025-06-08,CNSHA,port1188,Shanghai,36,99,328905,654585,235340,559118
2025-06-08,CNSZX,port1414,Yantian,10,11,50473,54876,132420,132440
2025-06-08,DEHAM,port446,Hamburg,4,8,200270,296018,88096,90018
2025-06-08,EGALY,port23,Alexandria,5,11,81187,91709,25088,26995
2025-06-08,GBFXT,port343,Felixstowe,2,3,33408,36668,0,0
2025-06-08,INNSA,port776,Mumbai-Jawaharlal Nehru (Nhava Sheva),3,15,46683,214479,175474,187361
2025-06-08,KRPUS,port1065,Busan,35,57,164044,210603,242483,248797
2025-06-08,NLRTM,port1114,Rotterdam,22,82,124022,597081,156467,239155
2025-06-08,PLGDN,port380,Gdansk,4,9,71033,296306,54272,56268
2025-06-08,SGSIN,port1201,Singapore,51,143,803855,1268172,1001656,1368556
2025-06-08,TRMER,port735,Mersin,4,6,23274,33912,17310,17310
2025-06-08,UAODS,port843,Odessa,0,0,0,0,0,0
2025-06-08,USLGB,port664,Los Angeles-Long Beach,7,9,533363,615185,54986,54986
2025-06-08,USNYC,port815,New York-New Jersey,1,7,9921,155833,0,0
2025-06-09,AEJEA,port744,Jebel Ali,15,23,116073,175532,174244,220604
2025-06-09,BRSSZ,port1160,Santos,5,13,19511,123578,88721,232579
2025-06-09,CNSHA,port1188,Shanghai,35,130,501521,1266757,344171,593278
2025-06-09,CNSZX,port1414,Yantian,11,11,21347,21347,127610,127610
2025-06-09,DEHAM,port446,Hamburg,12,24,91222,212709,200472,216601
2025-06-09,EGALY,port23,Alexandria,3,12,17783,104418,16281,31997
2025-06-09,GBFXT,port343,Felixstowe,3,5,54455,56531,0,376
2025-06-09,INNSA,port776,Mumbai-Jawaharlal Nehru (Nhava Sheva),10,22,324406,426430,118496,126311
2025-06-09,KRPUS,port1065,Busan,28,50,107853,151842,128217,139550
2025-06-09,NLRTM,port1114,Rotterdam,17,78,194705,1060262,96481,172508
2025-06-09,PLGDN,port380,Gdansk,2,14,20672,327593,0,44848
2025-06-09,SGSIN,port1201,Singapore,37,128,600729,1095583,570025,849098
2025-06-09,TRMER,port735,Mersin,5,5,83833,83833,25837,25837
2025-06-09,UAODS,port843,Odessa,0,0,0,0,0,0
2025-06-09,USLGB,port664,Los Angeles-Long Beach,4,9,254344,661675,114528,122088
2025-06-09,USNYC,port815,New York-New Jersey,5,7,102257,196984,10545,10545
2025-06-10,AEJEA,port744,Jebel Ali,17,32,350633,528568,281161,326519
2025-06-10,BRSSZ,port1160,Santos,7,10,14827,61257,27297,166394
2025-06-10,CNSHA,port1188,Shanghai,46,117,520933,856945,400980,581247
2025-06-10,CNSZX,port1414,Yantian,10,12,25297,25297,72854,72854
2025-06-10,DEHAM,port446,Hamburg,10,14,65468,67026,97467,98967
2025-06-10,EGALY,port23,Alexandria,3,14,19045,162119,49406,65877
2025-06-10,GBFXT,port343,Felixstowe,2,5,18889,19030,0,0
2025-06-10,INNSA,port776,Mumbai-Jawaharlal Nehru (Nhava Sheva),4,18,142887,480545,47398,66067
2025-06-10,KRPUS,port1065,Busan,34,52,136677,163921,209865,222818
2025-06-10,NLRTM,port1114,Rotterdam,17,91,255386,723168,49786,124655
2025-06-10,PLGDN,port380,Gdansk,2,8,19226,129377,61989,65676
2025-06-10,SGSIN,port1201,Singapore,39,136,1190251,1681048,576916,1041399
2025-06-10,TRMER,port735,Mersin,5,12,10585,85641,27902,35882
2025-06-10,UAODS,port843,Odessa,0,0,0,0,0,0
2025-06-10,USLGB,port664,Los Angeles-Long Beach,6,10,504680,599511,0,2826
2025-06-10,USNYC,port815,New York-New Jersey,6,13,206622,415295,18847,20463
2025-06-11,AEJEA,port744,Jebel Ali,12,21,376240,440863,57593,64743
2025-06-11,BRSSZ,port1160,Santos,6,18,63093,88326,77476,354329
2025-06-11,CNSHA,port1188,Shanghai,39,130,156222,755628,394160,632694
2025-06-11,CNSZX,port1414,Yantian,13,15,32432,35057,166172,170238
2025-06-11,DEHAM,port446,Hamburg,16,20,233500,233500,374885,379579
2025-06-11,EGALY,port23,Alexandria,3,11,2812,98589,63939,85457
2025-06-11,GBFXT,port343,Felixstowe,1,2,54008,54008,0,245
2025-06-11,INNSA,port776,Mumbai-Jawaharlal Nehru (Nhava Sheva),7,18,112816,386097,142793,175030
2025-06-11,KRPUS,port1065,Busan,35,63,360750,411069,137803,151326
2025-06-11,NLRTM,port1114,Rotterdam,17,86,200170,736003,56060,204385
2025-06-11,PLGDN,port380,Gdansk,2,6,181252,200538,0,0
2025-06-11,SGSIN,port1201,Singapore,43,131,732035,1455824,730267,1204765
2025-06-11,TRMER,port735,Mersin,3,8,20881,50828,26899,27692
2025-06-11,UAODS,port843,Odessa,0,0,0,0,0,0
2025-06-11,USLGB,port664,Los Angeles-Long Beach,8,12,362669,391496,317734,353249
2025-06-11,USNYC,port815,New York-New Jersey,7,12,134512,145033,98051,99528
2025-06-12,AEJEA,port744,Jebel Ali,13,27,330963,445049,290968,295194
2025-06-12,BRSSZ,port1160,Santos,8,15,42202,179776,70087,215669
2025-06-12,CNSHA,port1188,Shanghai,26,121,249321,809730,276580,469811
2025-06-12,CNSZX,port1414,Yantian,12,12,2194,2194,94614,94614
2025-06-12,DEHAM,port446,Hamburg,11,22,280565,374437,75812,90907
2025-06-12,EGALY,port23,Alexandria,4,13,171334,239622,155323,208911
2025-06-12,GBFXT,port343,Felixstowe,4,7,12542,15520,66417,67996
2025-06-12,INNSA,port776,Mumbai-Jawaharlal Nehru (Nhava Sheva),7,18,125082,242669,109381,138927
2025-06-12,KRPUS,port1065,Busan,27,50,114047,154486,166750,177327
2025-06-12,NLRTM,port1114,Rotterdam,21,90,124501,382356,138064,304990
2025-06-12,PLGDN,port380,Gdansk,3,10,26617,56898,69365,72396
2025-06-12,SGSIN,port1201,Singapore,38,123,329159,619717,975670,1748418
2025-06-12,TRMER,port735,Mersin,4,8,43156,43617,5475,13520
2025-06-12,UAODS,port843,Odessa,0,0,0,0,0,0
2025-06-12,USLGB,port664,Los Angeles-Long Beach,8,12,694058,695385,153892,154986
2025-06-12,USNYC,port815,New York-New Jersey,4,14,70753,332501,9423,11721
2025-06-13,AEJEA,port744,Jebel Ali,13,21,152461,289321,216332,222516
2025-06-13,BRSSZ,port1160,Santos,6,17,93734,197171,52951,476957
2025-06-13,CNSHA,port1188,Shanghai,36,97,565180,1050467,198690,365590
2025-06-13,CNSZX,port1414,Yantian,9,9,75518,75518,116629,116629
2025-06-13,DEHAM,port446,Hamburg,10,13,120502,146811,80628,83168
2025-06-13,EGALY,port23,Alexandria,3,10,41059,80267,9675,18882
2025-06-13,GBFXT,port343,Felixstowe,3,5,37568,44405,90164,90164
2025-06-13,INNSA,port776,Mumbai-Jawaharlal Nehru (Nhava Sheva),9,17,194534,288027,218427,239249
2025-06-13,KRPUS,port1065,Busan,35,51,167592,193491,164443,171656
2025-06-13,NLRTM,port1114,Rotterdam,13,76,40684,452275,36962,221415
2025-06-13,PLGDN,port380,Gdansk,1,3,16813,75076,0,0
2025-06-13,SGSIN,port1201,Singapore,42,132,883199,1448636,636629,1105272
2025-06-13,TRMER,port735,Mersin,3,11,53121,67482,11433,122671
2025-06-13,UAODS,port843,Odessa,0,0,0,0,0,0
2025-06-13,USLGB,port664,Los Angeles-Long Beach,2,5,206481,492808,17918,17918
2025-06-13,USNYC,port815,New York-New Jersey,10,14,284630,356663,118311,129944
2025-06-14,AEJEA,port744,Jebel Ali,15,26,352984,505289,228776,240024
2025-06-14,BRSSZ,port1160,Santos,6,12,115041,169475,63157,253680
2025-06-14,CNSHA,port1188,Shanghai,33,113,245657,711251,200701,339656
2025-06-14,CNSZX,port1414,Yantian,0,0,0,0,0,0
2025-06-14,DEHAM,port446,Hamburg,7,15,68197,256978,38970,43001
2025-06-14,EGALY,port23,Alexandria,3,11,0,48727,96149,103454
2025-06-14,GBFXT,port343,Felixstowe,1,4,12542,19633,11324,12047
2025-06-14,INNSA,port776,Mumbai-Jawaharlal Nehru (Nhava Sheva),3,14,24986,385865,30308,45289
2025-06-14,KRPUS,port1065,Busan,30,52,39888,112258,334689,342992
2025-06-14,NLRTM,port1114,Rotterdam,20,82,155249,762188,220224,463340
2025-06-14,PLGDN,port380,Gdansk,1,4,13308,16958,19017,19927
2025-06-14,SGSIN,port1201,Singapore,45,145,821765,1759618,638987,1148509
2025-06-14,TRMER,port735,Mersin,4,11,5419,50782,15163,17761
2025-06-14,UAODS,port843,Odessa,0,0,0,0,0,0
2025-06-14,USLGB,port664,Los Angeles-Long Beach,3,9,6753,148430,125019,290224
2025-06-14,USNYC,port815,New York-New Jersey,6,10,202919,246370,142221,179633
2025-06-15,AEJEA,port744,Jebel Ali,12,23,130813,185784,226991,242763
2025-06-15,BRSSZ,port1160,Santos,6,22,59236,80981,67450,458796
2025-06-15,CNSHA,port1188,Shanghai,39,129,379542,1023541,262105,553189
2025-06-15,CNSZX,port1414,Yantian,14,14,18728,18728,99335,99335
2025-06-15,DEHAM,port446,Hamburg,12,18,252539,259930,217631,224191
2025-06-15,EGALY,port23,Alexandria,4,11,31350,143906,19351,26507
2025-06-15,GBFXT,port343,Felixstowe,4,5,7399,7399,156264,156264
2025-06-15,INNSA,port776,Mumbai-Jawaharlal Nehru (Nhava Sheva),7,21,106286,226018,227391,244884
2025-06-15,KRPUS,port1065,Busan,34,53,250982,274029,166940,188775
2025-06-15,NLRTM,port1114,Rotterdam,14,75,54017,284512,128234,241903
2025-06-15,PLGDN,port380,Gdansk,3,7,36071,126671,45244,47339
2025-06-15,SGSIN,port1201,Singapore,39,120,679848,977002,904039,1232463
2025-06-15,TRMER,port735,Mersin,4,8,51777,54818,0,3445
2025-06-15,UAODS,port843,Odessa,0,0,0,0,0,0
2025-06-15,USLGB,port664,Los Angeles-Long Beach,5,8,209557,209926,17918,17918
2025-06-15,USNYC,port815,New York-New Jersey,2,9,132209,393889,0,338
2025-06-16,AEJEA,port744,Jebel Ali,14,24,348862,409346,163136,203368
2025-06-16,BRSSZ,port1160,Santos,7,18,43143,63732,54735,329949
2025-06-16,CNSHA,port1188,Shanghai,41,141,165981,812557,477811,902203
2025-06-16,CNSZX,port1414,Yantian,13,15,18848,23251,141160,141180
2025-06-16,DEHAM,port446,Hamburg,9,14,101851,180713,218981,222746
2025-06-16,EGALY,port23,Alexandria,4,11,64343,149560,5385,39150
2025-06-16,GBFXT,port343,Felixstowe,2,5,28563,30796,0,58
2025-06-16,INNSA,port776,Mumbai-Jawaharlal Nehru (Nhava Sheva),6,12,146560,160067,71097,95903
2025-06-16,KRPUS,port1065,Busan,34,60,195180,246596,162733,176387
2025-06-16,NLRTM,port1114,Rotterdam,21,90,214385,640621,172575,265801
2025-06-16,PLGDN,port380,Gdansk,1,11,0,123503,0,0
2025-06-16,SGSIN,port1201,Singapore,39,132,676191,1103410,1069604,1357448
2025-06-16,TRMER,port735,Mersin,3,10,80680,106080,0,3464
2025-06-16,UAODS,port843,Odessa,0,0,0,0,0,0
2025-06-16,USLGB,port664,Los Angeles-Long Beach,4,10,249846,344989,17918,108789
2025-06-16,USNYC,port815,New York-New Jersey,9,15,61476,172982,54180,55997
2025-06-17,AEJEA,port744,Jebel Ali,8,16,279244,314846,102600,113199
2025-06-17,BRSSZ,port1160,Santos,6,19,174868,213237,89436,322848
2025-06-17,CNSHA,port1188,Shanghai,40,132,259359,819051,317577,530419
2025-06-17,CNSZX,port1414,Yantian,13,13,27920,27920,131247,131247
2025-06-17,DEHAM,port446,Hamburg,9,17,179159,327797,68664,71194
2025-06-17,EGALY,port23,Alexandria,1,16,2780,136225,0,19024
2025-06-17,GBFXT,port343,Felixstowe,3,5,22243,24801,0,0
2025-06-17,INNSA,port776,Mumbai-Jawaharlal Nehru (Nhava Sheva),2,16,19389,120304,43979,52038
2025-06-17,KRPUS,port1065,Busan,23,46,160966,208949,216961,227760
2025-06-17,NLRTM,port1114,Rotterdam,18,86,293207,909038,74725,191559
2025-06-17,PLGDN,port380,Gdansk,3,7,70615,71951,42342,42426
2025-06-17,SGSIN,port1201,Singapore,43,117,325147,1181861,1124033,1480614
2025-06-17,TRMER,port735,Mersin,3,10,43954,61194,0,5060
2025-06-17,UAODS,port843,Odessa,0,0,0,0,0,0
2025-06-17,USLGB,port664,Los Angeles-Long Beach,7,13,494327,562950,0,21956
2025-06-17,USNYC,port815,New York-New Jersey,4,6,140081,234773,0,0
2025-06-18,AEJEA,port744,Jebel Ali,14,29,332831,498009,189587,248984
2025-06-18,BRSSZ,port1160,Santos,6,20,86724,172366,25563,248356
2025-06-18,CNSHA,port1188,Shanghai,42,128,210370,617924,571846,1160896
2025-06-18,CNSZX,port1414,Yantian,11,12,27775,27775,58322,58322
2025-06-18,DEHAM,port446,Hamburg,12,21,125334,146752,328552,354913
2025-06-18,EGALY,port23,Alexandria,4,19,73836,193451,8208,36692
2025-06-18,GBFXT,port343,Felixstowe,3,4,34528,34528,184594,184594
2025-06-18,INNSA,port776,Mumbai-Jawaharlal Nehru (Nhava Sheva),7,10,88701,116418,110302,114950
2025-06-18,KRPUS,port1065,Busan,35,54,184038,209621,166455,172667
2025-06-18,NLRTM,port1114,Rotterdam,22,82,192842,860266,58013,255588
2025-06-18,PLGDN,port380,Gdansk,2,11,0,126605,157540,161279
2025-06-18,SGSIN,port1201,Singapore,34,134,739462,1171559,698529,969676
2025-06-18,TRMER,port735,Mersin,3,11,0,1845,44476,52061
2025-06-18,UAODS,port843,Odessa,0,0,0,0,0,0
2025-06-18,USLGB,port664,Los Angeles-Long Beach,9,13,431295,502470,224779,258963
2025-06-18,USNYC,port815,New York-New Jersey,5,12,118092,205236,9423,27514
2025-06-19,AEJEA,port744,Jebel Ali,10,22,140903,323320,258941,279422
2025-06-19,BRSSZ,port1160,Santos,8,21,25241,52171,166654,617960
2025-06-19,CNSHA,port1188,Shanghai,47,130,454630,727278,388742,857524
2025-06-19,CNSZX,port1414,Yantian,10,11,0,1867,196615,196615
2025-06-19,DEHAM,port446,Hamburg,8,18,189057,226894,21393,29377
2025-06-19,EGALY,port23,Alexandria,5,16,110554,219268,30080,84899
2025-06-19,GBFXT,port343,Felixstowe,4,6,15061,19368,87678,87678
2025-06-19,INNSA,port776,Mumbai-Jawaharlal Nehru (Nhava Sheva),4,13,19389,69250,126283,128659
2025-06-19,KRPUS,port1065,Busan,30,52,180573,220069,263286,274201
2025-06-19,NLRTM,port1114,Rotterdam,26,96,196396,1112566,169901,263375
2025-06-19,PLGDN,port380,Gdansk,2,4,3421,3421,84829,88750
2025-06-19,SGSIN,port1201,Singapore,37,140,1000212,1979747,398740,860238
2025-06-19,TRMER,port735,Mersin,6,14,73388,75447,22408,35637
2025-06-19,UAODS,port843,Odessa,0,0,0,0,0,0
2025-06-19,USLGB,port664,Los Angeles-Long Beach,5,8,368769,439536,168119,175992
2025-06-19,USNYC,port815,New York-New Jersey,10,18,191904,357944,75101,84136
2025-06-20,AEJEA,port744,Jebel Ali,11,21,126424,248673,160067,164967
2025-06-20,BRSSZ,port1160,Santos,7,19,90468,179877,49094,275130
2025-06-20,CNSHA,port1188,Shanghai,34,128,157146,1088075,434127,727681
2025-06-20,CNSZX,port1414,Yantian,13,13,47296,47296,79975,79975
2025-06-20,DEHAM,port446,Hamburg,11,19,95392,120819,54041,65645
2025-06-20,EGALY,port23,Alexandria,3,9,15710,50005,24365,25560
2025-06-20,GBFXT,port343,Felixstowe,4,4,100043,100043,5353,5353
2025-06-20,INNSA,port776,Mumbai-Jawaharlal Nehru (Nhava Sheva),7,15,167252,218524,248928,291936
2025-06-20,KRPUS,port1065,Busan,31,54,90774,176986,114242,123263
2025-06-20,NLRTM,port1114,Rotterdam,15,85,44190,710045,127756,254559
2025-06-20,PLGDN,port380,Gdansk,3,10,15877,312923,25574,37440
2025-06-20,SGSIN,port1201,Singapore,37,118,535400,1274046,522500,983292
2025-06-20,TRMER,port735,Mersin,2,9,2585,59056,9780,9780
2025-06-20,UAODS,port843,Odessa,0,0,0,0,0,0
2025-06-20,USLGB,port664,Los Angeles-Long Beach,2,11,94771,286556,98490,150137
2025-06-20,USNYC,port815,New York-New Jersey,7,11,112236,199874,49466,58209
2025-06-21,AEJEA,port744,Jebel Ali,11,20,119734,153655,149091,160145
2025-06-21,BRSSZ,port1160,Santos,6,16,146800,189155,24538,270183
2025-06-21,CNSHA,port1188,Shanghai,35,109,241221,554608,296998,584452
2025-06-21,CNSZX,port1414,Yantian,10,12,50604,52942,85546,85546
2025-06-21,DEHAM,port446,Hamburg,11,20,86535,113164,135863,142636
2025-06-21,EGALY,port23,Alexandria,6,14,128232,166060,33792,56536
2025-06-21,GBFXT,port343,Felixstowe,3,5,63639,63639,39278,39278
2025-06-21,INNSA,port776,Mumbai-Jawaharlal Nehru (Nhava Sheva),4,12,125568,212729,62612,66577
2025-06-21,KRPUS,port1065,Busan,36,69,106245,138294,249939,292981
2025-06-21,NLRTM,port1114,Rotterdam,13,84,86701,425080,24214,184313
2025-06-21,PLGDN,port380,Gdansk,4,10,176395,208937,66084,73705
2025-06-21,SGSIN,port1201,Singapore,41,119,1047814,1561622,781990,1145376
2025-06-21,TRMER,port735,Mersin,4,9,11655,41655,17029,24563
2025-06-21,UAODS,port843,Odessa,0,0,0,0,0,0
2025-06-21,USLGB,port664,Los Angeles-Long Beach,5,11,173575,313734,111275,187397
2025-06-21,USNYC,port815,New York-New Jersey,8,11,119837,295974,39889,48084
2025-06-22,AEJEA,port744,Jebel Ali,9,15,109558,125716,176819,181229
2025-06-22,BRSSZ,port1160,Santos,5,17,85054,110226,67693,480084
2025-06-22,CNSHA,port1188,Shanghai,36,104,197324,444100,258975,452768
2025-06-22,CNSZX,port1414,Yantian,11,11,2925,2925,126343,126343
2025-06-22,DEHAM,port446,Hamburg,9,14,99094,101190,89071,95237
2025-06-22,EGALY,port23,Alexandria,2,7,4866,16329,74862,109081
2025-06-22,GBFXT,port343,Felixstowe,4,4,74296,74296,11324,11324
2025-06-22,INNSA,port776,Mumbai-Jawaharlal Nehru (Nhava Sheva),5,16,135844,324157,12813,17213
2025-06-22,KRPUS,port1065,Busan,35,50,209502,235452,102425,112242
2025-06-22,NLRTM,port1114,Rotterdam,17,72,287688,751410,180772,243161
2025-06-22,PLGDN,port380,Gdansk,4,10,166684,283096,44179,50861
2025-06-22,SGSIN,port1201,Singapore,40,114,847976,1015800,452874,967913
2025-06-22,TRMER,port735,Mersin,3,9,0,6221,61174,66402
2025-06-22,UAODS,port843,Odessa,0,0,0,0,0,0
2025-06-22,USLGB,port664,Los Angeles-Long Beach,8,13,338771,425982,109364,122639
2025-06-22,USNYC,port815,New York-New Jersey,4,13,31095,58494,28692,29326
2025-06-23,AEJEA,port744,Jebel Ali,17,30,278622,485535,265856,283683
2025-06-23,BRSSZ,port1160,Santos,5,13,20983,32330,17731,126565
2025-06-23,CNSHA,port1188,Shanghai,41,130,320552,1078263,314047,455775
2025-06-23,CNSZX,port1414,Yantian,11,12,6847,6847,170316,170316
2025-06-23,DEHAM,port446,Hamburg,10,14,139228,310891,161133,163333
2025-06-23,EGALY,port23,Alexandria,3,11,22694,132958,0,7179
2025-06-23,GBFXT,port343,Felixstowe,1,4,2838,7090,0,58
2025-06-23,INNSA,port776,Mumbai-Jawaharlal Nehru (Nhava Sheva),10,23,312859,461006,58050,90513
2025-06-23,KRPUS,port1065,Busan,36,57,195978,237019,151654,163917
2025-06-23,NLRTM,port1114,Rotterdam,19,87,250282,1395659,47322,155606
2025-06-23,PLGDN,port380,Gdansk,1,14,13308,190289,19017,41610
2025-06-23,SGSIN,port1201,Singapore,37,151,1011365,1517587,581785,1022212
2025-06-23,TRMER,port735,Mersin,4,7,13303,14705,85029,86775
2025-06-23,UAODS,port843,Odessa,0,0,0,0,0,0
2025-06-23,USLGB,port664,Los Angeles-Long Beach,4,8,303562,327692,0,3399
2025-06-23,USNYC,port815,New York-New Jersey,6,11,141533,232160,10933,51602
2025-06-24,AEJEA,port744,Jebel Ali,8,13,228418,366180,115617,120621
2025-06-24,BRSSZ,port1160,Santos,7,19,91537,214849,73687,322311
2025-06-24,CNSHA,port1188,Shanghai,39,134,568429,1137325,314330,779116
2025-06-24,CNSZX,port1414,Yantian,12,14,91055,136358,63228,63228
2025-06-24,DEHAM,port446,Hamburg,10,14,51736,53474,97613,114823
2025-06-24,EGALY,port23,Alexandria,4,20,23819,74304,32380,65007
2025-06-24,GBFXT,port343,Felixstowe,2,5,32891,38914,0,0
2025-06-24,INNSA,port776,Mumbai-Jawaharlal Nehru (Nhava Sheva),2,12,38779,146268,47398,72120
2025-06-24,KRPUS,port1065,Busan,35,54,205300,230311,279188,291051
2025-06-24,NLRTM,port1114,Rotterdam,18,91,178376,624770,44893,238785
2025-06-24,PLGDN,port380,Gdansk,2,11,31716,315601,35651,70623
2025-06-24,SGSIN,port1201,Singapore,40,125,697427,1332259,983440,1253897
2025-06-24,TRMER,port735,Mersin,3,13,6651,103237,17566,35386
2025-06-24,UAODS,port843,Odessa,0,0,0,0,0,0
2025-06-24,USLGB,port664,Los Angeles-Long Beach,6,12,536092,871401,0,76471
2025-06-24,USNYC,port815,New York-New Jersey,8,11,282944,286360,50753,50753
2025-06-25,AEJEA,port744,Jebel Ali,14,21,262516,283711,270907,315778
2025-06-25,BRSSZ,port1160,Santos,6,20,12495,102991,52947,364077
2025-06-25,CNSHA,port1188,Shanghai,35,120,538875,1093237,486255,830249
2025-06-25,CNSZX,port1414,Yantian,10,11,7380,7380,150289,154355
2025-06-25,DEHAM,port446,Hamburg,10,14,30812,74174,202711,206595
2025-06-25,EGALY,port23,Alexandria,2,6,0,2380,82164,84311
2025-06-25,GBFXT,port343,Felixstowe,2,3,38141,39250,0,0
2025-06-25,INNSA,port776,Mumbai-Jawaharlal Nehru (Nhava Sheva),5,16,145383,336789,94797,100171
2025-06-25,KRPUS,port1065,Busan,33,52,330970,354735,155944,173077
2025-06-25,NLRTM,port1114,Rotterdam,19,91,105195,603882,237487,344228
2025-06-25,PLGDN,port380,Gdansk,4,13,9040,114546,112063,114437
2025-06-25,SGSIN,port1201,Singapore,48,138,997372,1552342,811216,1141313
2025-06-25,TRMER,port735,Mersin,1,3,31102,31502,0,0
2025-06-25,UAODS,port843,Odessa,0,0,0,0,0,0
2025-06-25,USLGB,port664,Los Angeles-Long Beach,9,15,607614,643787,75063,76519
2025-06-25,USNYC,port815,New York-New Jersey,6,13,140497,319124,0,0
2025-06-26,AEJEA,port744,Jebel Ali,16,28,263631,331823,139371,140948
2025-06-26,BRSSZ,port1160,Santos,6,16,29654,36211,58459,363197
2025-06-26,CNSHA,port1188,Shanghai,46,134,511157,1010328,415641,823116
2025-06-26,CNSZX,port1414,Yantian,11,11,9397,9397,135514,135514
2025-06-26,DEHAM,port446,Hamburg,13,23,127024,276816,106030,163805
2025-06-26,EGALY,port23,Alexandria,4,12,16372,95190,11330,23013
2025-06-26,GBFXT,port343,Felixstowe,3,3,70618,70618,104751,104751
2025-06-26,INNSA,port776,Mumbai-Jawaharlal Nehru (Nhava Sheva),3,13,58169,178258,71097,103463
2025-06-26,KRPUS,port1065,Busan,28,49,115776,162352,123189,137315
2025-06-26,NLRTM,port1114,Rotterdam,22,95,103877,537290,162162,241653
2025-06-26,PLGDN,port380,Gdansk,1,7,21017,238056,0,5126
2025-06-26,SGSIN,port1201,Singapore,39,112,577319,1079988,800813,1084938
2025-06-26,TRMER,port735,Mersin,6,9,18202,79797,49444,49444
2025-06-26,UAODS,port843,Odessa,0,0,0,0,0,0
2025-06-26,USLGB,port664,Los Angeles-Long Beach,4,7,218618,236640,124702,145329
2025-06-26,USNYC,port815,New York-New Jersey,8,12,213349,258382,109474,144896
2025-06-27,AEJEA,port744,Jebel Ali,20,32,601177,684789,118050,121628
2025-06-27,BRSSZ,port1160,Santos,9,21,22999,93071,90302,329405
2025-06-27,CNSHA,port1188,Shanghai,38,133,640036,1053502,353734,618746
2025-06-27,CNSZX,port1414,Yantian,6,9,0,32313,112477,112945
2025-06-27,DEHAM,port446,Hamburg,9,14,410954,412798,59365,60904
2025-06-27,EGALY,port23,Alexandria,4,18,11909,79244,31941,53092
2025-06-27,GBFXT,port343,Felixstowe,3,4,43806,43806,0,3351
2025-06-27,INNSA,port776,Mumbai-Jawaharlal Nehru (Nhava Sheva),6,16,85853,171076,110599,116559
2025-06-27,KRPUS,port1065,Busan,38,60,90254,132449,311137,319990
2025-06-27,NLRTM,port1114,Rotterdam,13,80,116836,537031,31421,138945
2025-06-27,PLGDN,port380,Gdansk,4,13,203067,297186,57480,61922
2025-06-27,SGSIN,port1201,Singapore,44,141,907270,1565297,583199,1093292
2025-06-27,TRMER,port735,Mersin,2,9,0,12889,53923,107161
2025-06-27,UAODS,port843,Odessa,0,0,0,0,0,0
2025-06-27,USLGB,port664,Los Angeles-Long Beach,8,10,632249,633645,42791,103970
2025-06-27,USNYC,port815,New York-New Jersey,7,14,41523,166481,61111,61111
2025-06-28,AEJEA,port744,Jebel Ali,12,18,209745,271001,305075,335236
2025-06-28,BRSSZ,port1160,Santos,8,11,65454,65454,87277,181101
2025-06-28,CNSHA,port1188,Shanghai,47,132,707877,1327130,348772,532540
2025-06-28,CNSZX,port1414,Yantian,12,13,10207,10207,213452,213452
2025-06-28,DEHAM,port446,Hamburg,7,15,86469,171721,13312,32975
2025-06-28,EGALY,port23,Alexandria,6,13,33204,72888,66053,84460
2025-06-28,GBFXT,port343,Felixstowe,4,5,57510,57510,22649,22649
2025-06-28,INNSA,port776,Mumbai-Jawaharlal Nehru (Nhava Sheva),5,15,140348,353566,120833,126158
2025-06-28,KRPUS,port1065,Busan,31,55,173079,252235,217624,243053
2025-06-28,NLRTM,port1114,Rotterdam,16,73,85025,440993,161481,256681
2025-06-28,PLGDN,port380,Gdansk,5,12,9964,301672,89272,91288
2025-06-28,SGSIN,port1201,Singapore,44,128,831610,1332094,1063821,1350816
2025-06-28,TRMER,port735,Mersin,7,11,29116,30486,37382,37382
2025-06-28,UAODS,port843,Odessa,0,0,0,0,0,0
2025-06-28,USLGB,port664,Los Angeles-Long Beach,4,12,231234,330417,173947,185307
2025-06-28,USNYC,port815,New York-New Jersey,7,10,195430,331385,66784,66784
2025-06-29,AEJEA,port744,Jebel Ali,10,25,92070,216079,322484,342666
2025-06-29,BRSSZ,port1160,Santos,7,18,67876,67876,112688,599840
2025-06-29,CNSHA,port1188,Shanghai,39,120,432499,978329,370896,810736
2025-06-29,CNSZX,port1414,Yantian,13,13,47175,47175,79294,79294
2025-06-29,DEHAM,port446,Hamburg,7,16,14883,28980,278939,288668
2025-06-29,EGALY,port23,Alexandria,3,8,0,63819,22564,26880
2025-06-29,GBFXT,port343,Felixstowe,2,2,5079,5079,18518,18518
2025-06-29,INNSA,port776,Mumbai-Jawaharlal Nehru (Nhava Sheva),2,8,19389,168408,67147,71017
2025-06-29,KRPUS,port1065,Busan,36,53,252214,269808,120515,158207
2025-06-29,NLRTM,port1114,Rotterdam,22,82,222602,834670,255653,334575
2025-06-29,PLGDN,port380,Gdansk,2,8,39878,44229,18060,26237
2025-06-29,SGSIN,port1201,Singapore,37,115,459077,827451,817443,1104907
2025-06-29,TRMER,port735,Mersin,5,10,61327,62926,22367,32263
2025-06-29,UAODS,port843,Odessa,0,0,0,0,0,0
2025-06-29,USLGB,port664,Los Angeles-Long Beach,7,10,229805,440269,48678,48678
2025-06-29,USNYC,port815,New York-New Jersey,5,9,19230,59065,129096,129096
2025-06-30,AEJEA,port744,Jebel Ali,16,27,120227,276134,279888,294700
2025-06-30,BRSSZ,port1160,Santos,5,14,51835,109283,45214,150762
2025-06-30,CNSHA,port1188,Shanghai,37,142,638079,1399840,246417,635702
2025-06-30,CNSZX,port1414,Yantian,12,13,2194,17955,143567,143567
2025-06-30,DEHAM,port446,Hamburg,13,20,148979,211612,141680,158027
2025-06-30,EGALY,port23,Alexandria,4,14,0,28955,70594,80161
2025-06-30,GBFXT,port343,Felixstowe,3,5,52340,52812,11324,11383
2025-06-30,INNSA,port776,Mumbai-Jawaharlal Nehru (Nhava Sheva),7,17,306870,361554,87463,93769
2025-06-30,KRPUS,port1065,Busan,30,59,163565,268820,157503,168067
2025-06-30,NLRTM,port1114,Rotterdam,21,87,192139,937381,88012,314040
2025-06-30,PLGDN,port380,Gdansk,4,13,16729,214139,55095,57145
2025-06-30,SGSIN,port1201,Singapore,46,148,672756,1409799,631113,1069781
2025-06-30,TRMER,port735,Mersin,5,13,3635,11928,60051,68274
2025-06-30,UAODS,port843,Odessa,0,0,0,0,0,0
2025-06-30,USLGB,port664,Los Angeles-Long Beach,7,15,486883,610946,0,14465
2025-06-30,USNYC,port815,New York-New Jersey,7,10,193535,295818,2032,3648
2025-07-01,AEJEA,port744,Jebel Ali,15,22,155613,207240,342787,342888
2025-07-01,BRSSZ,port1160,Santos,6,12,88517,99154,15150,44092
2025-07-01,CNSHA,port1188,Shanghai,41,116,265786,565833,431668,958271
2025-07-01,CNSZX,port1414,Yantian,8,10,33139,35880,61514,61514
2025-07-01,DEHAM,port446,Hamburg,13,17,311572,432375,38487,41631
2025-07-01,EGALY,port23,Alexandria,2,11,17336,143282,10212,24352
2025-07-01,GBFXT,port343,Felixstowe,1,5,11646,24672,0,3460
2025-07-01,INNSA,port776,Mumbai-Jawaharlal Nehru (Nhava Sheva),4,16,69121,257841,91128,99188
2025-07-01,KRPUS,port1065,Busan,37,58,290471,321323,259989,267382
2025-07-01,NLRTM,port1114,Rotterdam,17,89,53904,751363,87673,198556
2025-07-01,PLGDN,port380,Gdansk,2,5,29211,65558,53123,53123
2025-07-01,SGSIN,port1201,Singapore,39,132,915376,1294741,770001,1246005
2025-07-01,TRMER,port735,Mersin,2,7,0,55700,3563,6163
2025-07-01,UAODS,port843,Odessa,0,0,0,0,0,0
2025-07-01,USLGB,port664,Los Angeles-Long Beach,8,15,792961,856463,0,32765
2025-07-01,USNYC,port815,New York-New Jersey,5,7,145435,172514,3884,3884
2025-07-02,AEJEA,port744,Jebel Ali,15,23,347215,361853,211646,213964
2025-07-02,BRSSZ,port1160,Santos,5,11,57162,123241,45416,78001
2025-07-02,CNSHA,port1188,Shanghai,37,133,172209,616553,447318,1164053
2025-07-02,CNSZX,port1414,Yantian,13,13,39332,39332,131785,131785
2025-07-02,DEHAM,port446,Hamburg,11,18,47535,48915,87159,91551
2025-07-02,EGALY,port23,Alexandria,5,9,0,50892,58666,66028
2025-07-02,GBFXT,port343,Felixstowe,3,4,53463,56750,168174,168174
2025-07-02,INNSA,port776,Mumbai-Jawaharlal Nehru (Nhava Sheva),7,17,115201,266005,220775,264506
2025-07-02,KRPUS,port1065,Busan,28,46,144109,191471,196520,205097
2025-07-02,NLRTM,port1114,Rotterdam,21,78,297467,833381,58014,150223
2025-07-02,PLGDN,port380,Gdansk,0,14,0,147361,0,15551
2025-07-02,SGSIN,port1201,Singapore,39,120,1051473,1791617,769288,1149179
2025-07-02,TRMER,port735,Mersin,4,8,33275,46577,20902,22293
2025-07-02,UAODS,port843,Odessa,0,0,0,0,0,0
2025-07-02,USLGB,port664,Los Angeles-Long Beach,5,8,295200,372096,46719,49545
2025-07-02,USNYC,port815,New York-New Jersey,9,12,210206,217741,90701,90701
2025-07-03,AEJEA,port744,Jebel Ali,13,25,214293,329110,374658,379744
2025-07-03,BRSSZ,port1160,Santos,6,9,38198,38198,65365,137677
2025-07-03,CNSHA,port1188,Shanghai,38,132,670535,1282599,249615,620100
2025-07-03,CNSZX,port1414,Yantian,6,6,58051,58051,33344,33344
2025-07-03,DEHAM,port446,Hamburg,8,14,93810,182174,138587,140310
2025-07-03,EGALY,port23,Alexandria,0,6,0,10612,0,8743
2025-07-03,GBFXT,port343,Felixstowe,2,4,21826,24774,3045,3045
2025-07-03,INNSA,port776,Mumbai-Jawaharlal Nehru (Nhava Sheva),5,12,109951,322298,95957,96487
2025-07-03,KRPUS,port1065,Busan,26,45,186719,212589,70083,85311
2025-07-03,NLRTM,port1114,Rotterdam,20,80,51628,685784,217981,543371
2025-07-03,PLGDN,port380,Gdansk,4,9,10124,129687,58159,60286
2025-07-03,SGSIN,port1201,Singapore,38,120,576574,972205,517905,872829
2025-07-03,TRMER,port735,Mersin,4,9,16356,20094,5499,10524
2025-07-03,UAODS,port843,Odessa,0,0,0,0,0,0
2025-07-03,USLGB,port664,Los Angeles-Long Beach,10,15,494546,634539,0,40790
2025-07-03,USNYC,port815,New York-New Jersey,6,9,190619,295710,63399,63399
2025-07-04,AEJEA,port744,Jebel Ali,16,28,222327,354908,171844,239176
2025-07-04,BRSSZ,port1160,Santos,8,14,61806,110346,138484,186479
2025-07-04,CNSHA,port1188,Shanghai,35,140,187348,1029530,345034,840025
2025-07-04,CNSZX,port1414,Yantian,8,9,7971,7971,136800,136800
2025-07-04,DEHAM,port446,Hamburg,8,14,56334,280149,157592,159113
2025-07-04,EGALY,port23,Alexandria,6,13,51078,70401,32089,53332
2025-07-04,GBFXT,port343,Felixstowe,3,5,33060,33477,0,860
2025-07-04,INNSA,port776,Mumbai-Jawaharlal Nehru (Nhava Sheva),5,9,70600,113524,138777,139516
2025-07-04,KRPUS,port1065,Busan,38,61,163240,189183,281594,304310
2025-07-04,NLRTM,port1114,Rotterdam,15,85,70874,380478,70718,153176
2025-07-04,PLGDN,port380,Gdansk,2,9,78037,187095,0,11040
2025-07-04,SGSIN,port1201,Singapore,45,126,838497,1631628,768003,1096136
2025-07-04,TRMER,port735,Mersin,5,11,100476,103647,15500,20360
2025-07-04,UAODS,port843,Odessa,0,0,0,0,0,0
2025-07-04,USLGB,port664,Los Angeles-Long Beach,6,11,292175,538189,418480,473853
2025-07-04,USNYC,port815,New York-New Jersey,0,1,0,69496,0,0
2025-07-05,AEJEA,port744,Jebel Ali,12,23,250921,298668,206486,269698
2025-07-05,BRSSZ,port1160,Santos,5,18,58384,95452,34705,326107
2025-07-05,CNSHA,port1188,Shanghai,32,115,250146,539349,305119,1041851
2025-07-05,CNSZX,port1414,Yantian,12,13,25321,29234,146621,146621
2025-07-05,DEHAM,port446,Hamburg,9,18,113956,214715,116653,125644
2025-07-05,EGALY,port23,Alexandria,5,14,17538,167301,27334,42081
2025-07-05,GBFXT,port343,Felixstowe,4,6,85072,88051,22348,22348
2025-07-05,INNSA,port776,Mumbai-Jawaharlal Nehru (Nhava Sheva),4,13,147271,232865,71968,76428
2025-07-05,KRPUS,port1065,Busan,35,56,146496,172751,243182,249258
2025-07-05,NLRTM,port1114,Rotterdam,11,61,45291,571724,81358,275638
2025-07-05,PLGDN,port380,Gdansk,4,9,12221,106920,126540,130104
2025-07-05,SGSIN,port1201,Singapore,43,134,953476,1462213,694512,1438546
2025-07-05,TRMER,port735,Mersin,4,8,81535,81535,12024,13923
2025-07-05,UAODS,port843,Odessa,0,0,0,0,0,0
2025-07-05,USLGB,port664,Los Angeles-Long Beach,1,4,96698,331654,0,0
2025-07-05,USNYC,port815,New York-New Jersey,10,18,288190,376065,45882,46398
2025-07-06,AEJEA,port744,Jebel Ali,9,18,128652,203001,213001,220157
2025-07-06,BRSSZ,port1160,Santos,5,18,27563,90097,92024,413843
2025-07-06,CNSHA,port1188,Shanghai,41,119,304176,698861,272008,480580
2025-07-06,CNSZX,port1414,Yantian,13,13,13113,13113,149951,149951
2025-07-06,DEHAM,port446,Hamburg,14,19,279799,287601,356408,367413
2025-07-06,EGALY,port23,Alexandria,2,10,11737,43030,93204,117814
2025-07-06,GBFXT,port343,Felixstowe,0,1,0,0,0,0
2025-07-06,INNSA,port776,Mumbai-Jawaharlal Nehru (Nhava Sheva),4,7,92161,145864,95957,101143
2025-07-06,KRPUS,port1065,Busan,34,50,119411,148910,135585,140630
2025-07-06,NLRTM,port1114,Rotterdam,25,85,100260,650552,96406,181358
2025-07-06,PLGDN,port380,Gdansk,2,6,10899,248656,95992,99631
2025-07-06,SGSIN,port1201,Singapore,44,126,420056,702816,941282,1258844
2025-07-06,TRMER,port735,Mersin,4,10,3320,22050,28019,58424
2025-07-06,UAODS,port843,Odessa,0,0,0,0,0,0
2025-07-06,USLGB,port664,Los Angeles-Long Beach,7,15,396756,567589,72073,133967
2025-07-06,USNYC,port815,New York-New Jersey,5,8,63835,65027,1806,1806
2025-07-07,AEJEA,port744,Jebel Ali,12,22,149771,174535,76064,111629
2025-07-07,BRSSZ,port1160,Santos,9,25,74555,102743,140618,608010
2025-07-07,CNSHA,port1188,Shanghai,38,111,346349,691189,304517,496064
2025-07-07,CNSZX,port1414,Yantian,11,11,8382,8382,128102,128102
2025-07-07,DEHAM,port446,Hamburg,8,16,202428,202428,86734,89969
2025-07-07,EGALY,port23,Alexandria,4,14,7250,81267,38819,52271
2025-07-07,GBFXT,port343,Felixstowe,3,5,71487,71959,33019,33078
2025-07-07,INNSA,port776,Mumbai-Jawaharlal Nehru (Nhava Sheva),4,16,88023,163444,47978,64111
2025-07-07,KRPUS,port1065,Busan,38,58,271676,314362,171852,182949
2025-07-07,NLRTM,port1114,Rotterdam,23,91,265402,1004601,182893,319932
2025-07-07,PLGDN,port380,Gdansk,3,14,111671,341342,0,16297
2025-07-07,SGSIN,port1201,Singapore,39,151,1228610,1604924,775422,1273872
2025-07-07,TRMER,port735,Mersin,6,9,85113,101557,28448,31046
2025-07-07,UAODS,port843,Odessa,0,0,0,0,0,0
2025-07-07,USLGB,port664,Los Angeles-Long Beach,6,12,302623,497592,25196,45405
2025-07-07,USNYC,port815,New York-New Jersey,9,14,312357,581128,13971,13971
2025-07-08,AEJEA,port744,Jebel Ali,11,23,447810,571880,116911,160177
2025-07-08,BRSSZ,port1160,Santos,7,16,27943,54944,101955,335596
2025-07-08,CNSHA,port1188,Shanghai,36,92,300228,543080,466741,753308
2025-07-08,CNSZX,port1414,Yantian,10,13,5546,8621,166227,166227
2025-07-08,DEHAM,port446,Hamburg,10,18,227618,330999,143615,158388
2025-07-08,EGALY,port23,Alexandria,3,8,21309,53143,109451,110087
2025-07-08,GBFXT,port343,Felixstowe,4,7,94962,101872,17744,17744
2025-07-08,INNSA,port776,Mumbai-Jawaharlal Nehru (Nhava Sheva),5,14,151777,279256,202450,250852
2025-07-08,KRPUS,port1065,Busan,34,49,314054,338021,172593,178042
2025-07-08,NLRTM,port1114,Rotterdam,18,82,447399,916658,31491,202761
2025-07-08,PLGDN,port380,Gdansk,1,5,38129,79390,0,848
2025-07-08,SGSIN,port1201,Singapore,39,131,622673,1273549,590281,866876
2025-07-08,TRMER,port735,Mersin,5,12,42868,47353,0,5141
2025-07-08,UAODS,port843,Odessa,0,0,0,0,0,0
2025-07-08,USLGB,port664,Los Angeles-Long Beach,8,16,629491,765515,0,111780
2025-07-08,USNYC,port815,New York-New Jersey,7,9,153013,227499,34907,34907
2025-07-09,AEJEA,port744,Jebel Ali,18,29,487310,691562,249170,250947
2025-07-09,BRSSZ,port1160,Santos,7,17,62144,100688,59150,398216
2025-07-09,CNSHA,port1188,Shanghai,38,145,271919,751393,264151,1044127
2025-07-09,CNSZX,port1414,Yantian,13,13,44740,44740,161240,161240
2025-07-09,DEHAM,port446,Hamburg,14,25,57200,98616,142381,157151
2025-07-09,EGALY,port23,Alexandria,6,12,221177,235464,3290,18665
2025-07-09,GBFXT,port343,Felixstowe,3,5,39242,39280,55509,55509
2025-07-09,INNSA,port776,Mumbai-Jawaharlal Nehru (Nhava Sheva),5,19,92161,235286,203244,259282
2025-07-09,KRPUS,port1065,Busan,36,59,144684,184202,144664,162391
2025-07-09,NLRTM,port1114,Rotterdam,18,88,123524,889164,124750,305200
2025-07-09,PLGDN,port380,Gdansk,2,8,17899,71396,0,4489
2025-07-09,SGSIN,port1201,Singapore,37,124,942249,1263346,560036,915701
2025-07-09,TRMER,port735,Mersin,4,9,55213,66035,23101,29431
2025-07-09,UAODS,port843,Odessa,0,0,0,0,0,0
2025-07-09,USLGB,port664,Los Angeles-Long Beach,8,12,489325,525926,25196,135218
2025-07-09,USNYC,port815,New York-New Jersey,10,15,249321,341427,15950,15950
2025-07-10,AEJEA,port744,Jebel Ali,17,25,220879,300427,318377,384800
2025-07-10,BRSSZ,port1160,Santos,8,29,154679,245736,79613,412405
2025-07-10,CNSHA,port1188,Shanghai,40,123,439414,951889,430954,800201
2025-07-10,CNSZX,port1414,Yantian,6,6,3138,3138,44617,44617
2025-07-10,DEHAM,port446,Hamburg,7,11,79247,251768,79933,79933
2025-07-10,EGALY,port23,Alexandria,6,12,25393,87624,18625,21442
2025-07-10,GBFXT,port343,Felixstowe,3,4,4916,4916,17274,18117
2025-07-10,INNSA,port776,Mumbai-Jawaharlal Nehru (Nhava Sheva),7,18,125423,279576,70580,76439
2025-07-10,KRPUS,port1065,Busan,26,47,206614,243938,74192,81353
2025-07-10,NLRTM,port1114,Rotterdam,18,87,82495,574470,140497,265710
2025-07-10,PLGDN,port380,Gdansk,3,15,34410,74479,27099,45908
2025-07-10,SGSIN,port1201,Singapore,37,116,526733,1196835,551423,1043311
2025-07-10,TRMER,port735,Mersin,6,12,22255,25957,21199,26485
2025-07-10,UAODS,port843,Odessa,0,0,0,0,0,0
2025-07-10,USLGB,port664,Los Angeles-Long Beach,6,9,290536,295223,541171,558972
2025-07-10,USNYC,port815,New York-New Jersey,7,9,168666,217284,72514,72839
2025-07-11,AEJEA,port744,Jebel Ali,11,23,129082,322106,243233,250266
2025-07-11,BRSSZ,port1160,Santos,7,16,48956,88533,75883,245331
2025-07-11,CNSHA,port1188,Shanghai,33,109,422488,1078084,226501,438203
2025-07-11,CNSZX,port1414,Yantian,16,17,74339,74339,148656,148656
2025-07-11,DEHAM,port446,Hamburg,7,16,47656,55244,181117,188039
2025-07-11,EGALY,port23,Alexandria,4,9,29179,42523,16321,34413
2025-07-11,GBFXT,port343,Felixstowe,2,3,29376,29628,76111,76111
2025-07-11,INNSA,port776,Mumbai-Jawaharlal Nehru (Nhava Sheva),5,16,69121,156374,127243,170531
2025-07-11,KRPUS,port1065,Busan,35,51,255996,273427,150169,161609
2025-07-11,NLRTM,port1114,Rotterdam,19,77,111222,748767,72168,168358
2025-07-11,PLGDN,port380,Gdansk,2,13,6545,334273,42036,45577
2025-07-11,SGSIN,port1201,Singapore,42,140,341749,1029698,1142969,1607829
2025-07-11,TRMER,port735,Mersin,4,9,23829,44118,13872,17863
2025-07-11,UAODS,port843,Odessa,0,0,0,0,0,0
2025-07-11,USLGB,port664,Los Angeles-Long Beach,5,10,537374,615179,25196,59369
2025-07-11,USNYC,port815,New York-New Jersey,9,14,233001,295199,47095,47391
2025-07-12,AEJEA,port744,Jebel Ali,12,19,225105,263412,263526,285911
2025-07-12,BRSSZ,port1160,Santos,7,25,130536,265003,74845,623285
2025-07-12,CNSHA,port1188,Shanghai,39,124,319689,649310,207820,591524
2025-07-12,CNSZX,port1414,Yantian,14,14,88880,88880,117593,117593
2025-07-12,DEHAM,port446,Hamburg,8,18,24534,128105,165215,170404
2025-07-12,EGALY,port23,Alexandria,5,11,29997,61730,58052,60049
2025-07-12,GBFXT,port343,Felixstowe,3,5,32773,49005,12388,12388
2025-07-12,INNSA,port776,Mumbai-Jawaharlal Nehru (Nhava Sheva),4,17,120049,254735,47978,115621
2025-07-12,KRPUS,port1065,Busan,34,62,178050,209777,185212,198393
2025-07-12,NLRTM,port1114,Rotterdam,21,82,299532,596212,257309,358159
2025-07-12,PLGDN,port380,Gdansk,3,8,77511,266463,27099,30665
2025-07-12,SGSIN,port1201,Singapore,43,120,998466,1505949,793614,1239750
2025-07-12,TRMER,port735,Mersin,5,12,0,48005,63853,77772
2025-07-12,UAODS,port843,Odessa,0,0,0,0,0,0
2025-07-12,USLGB,port664,Los Angeles-Long Beach,6,11,355722,503255,0,0
2025-07-12,USNYC,port815,New York-New Jersey,10,17,418700,543582,8879,8879
2025-07-13,AEJEA,port744,Jebel Ali,15,24,279330,381640,345626,346806
2025-07-13,BRSSZ,port1160,Santos,4,12,80403,136668,25938,244605
2025-07-13,CNSHA,port1188,Shanghai,41,125,360825,646998,389347,808809
2025-07-13,CNSZX,port1414,Yantian,8,8,2940,2940,56824,56824
2025-07-13,DEHAM,port446,Hamburg,11,19,114141,138416,214923,231065
2025-07-13,EGALY,port23,Alexandria,5,11,34946,52470,17649,18947
2025-07-13,GBFXT,port343,Felixstowe,4,6,60774,60774,47374,50726
2025-07-13,INNSA,port776,Mumbai-Jawaharlal Nehru (Nhava Sheva),6,11,189144,530883,121922,129824
2025-07-13,KRPUS,port1065,Busan,33,52,90238,134350,274407,285420
2025-07-13,NLRTM,port1114,Rotterdam,14,79,78554,736442,37172,129305
2025-07-13,PLGDN,port380,Gdansk,4,9,94215,421674,0,0
2025-07-13,SGSIN,port1201,Singapore,36,111,405193,743611,662434,982751
2025-07-13,TRMER,port735,Mersin,3,5,25692,42066,37337,37337
2025-07-13,UAODS,port843,Odessa,0,0,0,0,0,0
2025-07-13,USLGB,port664,Los Angeles-Long Beach,6,12,363943,392519,198199,244110
2025-07-13,USNYC,port815,New York-New Jersey,2,4,57600,150349,0,0
2025-07-14,AEJEA,port744,Jebel Ali,12,24,252112,333020,148585,152994
2025-07-14,BRSSZ,port1160,Santos,7,21,14723,16500,26125,435445
2025-07-14,CNSHA,port1188,Shanghai,33,110,319960,821373,330083,667392
2025-07-14,CNSZX,port1414,Yantian,15,15,26833,26833,160714,160714
2025-07-14,DEHAM,port446,Hamburg,12,19,347858,589615,37416,40023
2025-07-14,EGALY,port23,Alexandria,5,18,117196,255538,31904,44879
2025-07-14,GBFXT,port343,Felixstowe,2,4,0,472,126345,126403
2025-07-14,INNSA,port776,Mumbai-Jawaharlal Nehru (Nhava Sheva),5,16,74086,160636,87299,144178
2025-07-14,KRPUS,port1065,Busan,35,63,219498,268405,167930,191612
2025-07-14,NLRTM,port1114,Rotterdam,19,86,391022,1124934,49678,263447
2025-07-14,PLGDN,port380,Gdansk,1,8,6873,14521,0,2003
2025-07-14,SGSIN,port1201,Singapore,39,162,1051007,1860503,1049719,1442750
2025-07-14,TRMER,port735,Mersin,3,11,36963,54147,26445,45427
2025-07-14,UAODS,port843,Odessa,0,0,0,0,0,0
2025-07-14,USLGB,port664,Los Angeles-Long Beach,4,7,306492,349206,0,7975
2025-07-14,USNYC,port815,New York-New Jersey,6,7,149868,149868,28126,60327
2025-07-15,AEJEA,port744,Jebel Ali,16,22,438594,488174,272586,272586
2025-07-15,BRSSZ,port1160,Santos,9,18,24084,24305,120271,530758
2025-07-15,CNSHA,port1188,Shanghai,44,111,479884,746693,443102,637821
2025-07-15,CNSZX,port1414,Yantian,12,13,2194,2194,130462,130462
2025-07-15,DEHAM,port446,Hamburg,7,14,289393,298191,62081,67624
2025-07-15,EGALY,port23,Alexandria,4,12,49018,95556,19819,35781
2025-07-15,GBFXT,port343,Felixstowe,2,4,36939,40255,0,0
2025-07-15,INNSA,port776,Mumbai-Jawaharlal Nehru (Nhava Sheva),8,19,98868,196478,224503,258203
2025-07-15,KRPUS,port1065,Busan,24,38,90497,111937,102108,109780
2025-07-15,NLRTM,port1114,Rotterdam,16,71,77992,528575,49768,130008
2025-07-15,PLGDN,port380,Gdansk,3,9,26559,175634,60973,69026
2025-07-15,SGSIN,port1201,Singapore,44,130,687242,958372,634180,989235
2025-07-15,TRMER,port735,Mersin,4,8,22859,24057,25963,25963
2025-07-15,UAODS,port843,Odessa,0,0,0,0,0,0
2025-07-15,USLGB,port664,Los Angeles-Long Beach,7,12,409039,582298,32125,56323
2025-07-15,USNYC,port815,New York-New Jersey,7,12,197084,334690,17652,19268
2025-07-16,AEJEA,port744,Jebel Ali,13,24,236314,347448,217301,228647
2025-07-16,BRSSZ,port1160,Santos,8,21,52152,104415,97304,356558
2025-07-16,CNSHA,port1188,Shanghai,42,141,579705,1060079,513654,967380
2025-07-16,CNSZX,port1414,Yantian,11,14,10357,13672,123610,123610
2025-07-16,DEHAM,port446,Hamburg,11,19,99455,114221,97817,103656
2025-07-16,EGALY,port23,Alexandria,5,11,33271,129803,27384,43823
2025-07-16,GBFXT,port343,Felixstowe,2,2,20990,20990,12388,12388
2025-07-16,INNSA,port776,Mumbai-Jawaharlal Nehru (Nhava Sheva),4,10,138164,171787,71968,75932
2025-07-16,KRPUS,port1065,Busan,38,59,231090,273067,200656,216655
2025-07-16,NLRTM,port1114,Rotterdam,26,99,251061,1096242,222393,424703
2025-07-16,PLGDN,port380,Gdansk,4,13,223520,409780,37321,59041
2025-07-16,SGSIN,port1201,Singapore,34,137,568065,1118141,1006918,1366101
2025-07-16,TRMER,port735,Mersin,3,8,25723,110329,9818,17180
2025-07-16,UAODS,port843,Odessa,0,0,0,0,0,0
2025-07-16,USLGB,port664,Los Angeles-Long Beach,6,11,445030,607511,258476,291060
2025-07-16,USNYC,port815,New York-New Jersey,8,10,44564,60180,229622,229622
2025-07-17,AEJEA,port744,Jebel Ali,17,33,249422,472566,329514,330091
2025-07-17,BRSSZ,port1160,Santos,5,17,52551,177496,60815,155425
2025-07-17,CNSHA,port1188,Shanghai,43,111,220970,480310,268755,672210
2025-07-17,CNSZX,port1414,Yantian,10,10,2194,2194,109066,109066
2025-07-17,DEHAM,port446,Hamburg,11,18,134628,158795,39000,45305
2025-07-17,EGALY,port23,Alexandria,3,16,8769,90256,27180,62078
2025-07-17,GBFXT,port343,Felixstowe,3,3,81769,81769,12388,12388
2025-07-17,INNSA,port776,Mumbai-Jawaharlal Nehru (Nhava Sheva),6,15,131405,248783,206140,210416
2025-07-17,KRPUS,port1065,Busan,30,42,206903,233861,179263,185432
2025-07-17,NLRTM,port1114,Rotterdam,20,98,169065,279297,116622,235446
2025-07-17,PLGDN,port380,Gdansk,2,11,14492,133320,0,13064
2025-07-17,SGSIN,port1201,Singapore,39,124,682947,1239685,884686,1325080
2025-07-17,TRMER,port735,Mersin,5,13,16533,77600,36323,43852
2025-07-17,UAODS,port843,Odessa,0,0,0,0,0,0
2025-07-17,USLGB,port664,Los Angeles-Long Beach,7,12,554236,793023,0,0
2025-07-17,USNYC,port815,New York-New Jersey,8,11,48632,53813,72540,72800
2025-07-18,AEJEA,port744,Jebel Ali,13,18,220344,307175,79691,82150
2025-07-18,BRSSZ,port1160,Santos,5,17,25736,37751,34852,394047
2025-07-18,CNSHA,port1188,Shanghai,43,123,346639,1074462,375176,700221
2025-07-18,CNSZX,port1414,Yantian,6,7,20369,22668,37430,37430
2025-07-18,DEHAM,port446,Hamburg,9,21,106278,399143,142611,154123
2025-07-18,EGALY,port23,Alexandria,6,8,61100,65252,40647,41283
2025-07-18,GBFXT,port343,Felixstowe,2,2,54196,54196,55438,55438
2025-07-18,INNSA,port776,Mumbai-Jawaharlal Nehru (Nhava Sheva),5,14,191228,341864,108347,114802
2025-07-18,KRPUS,port1065,Busan,30,45,158786,183583,100200,112722
2025-07-18,NLRTM,port1114,Rotterdam,22,91,57375,849626,117358,183872
2025-07-18,PLGDN,port380,Gdansk,2,4,2845,127887,50683,50683
2025-07-18,SGSIN,port1201,Singapore,37,109,768733,1411433,701655,984986
2025-07-18,TRMER,port735,Mersin,5,8,80959,122320,32257,33453
2025-07-18,UAODS,port843,Odessa,0,0,0,0,0,0
2025-07-18,USLGB,port664,Los Angeles-Long Beach,6,14,368597,452355,191779,211654
2025-07-18,USNYC,port815,New York-New Jersey,7,12,122834,132168,99910,100170
2025-07-19,AEJEA,port744,Jebel Ali,15,32,431099,539468,99668,110291
2025-07-19,BRSSZ,port1160,Santos,7,20,47395,104692,165952,533225
2025-07-19,CNSHA,port1188,Shanghai,35,110,271495,481444,364616,639571
2025-07-19,CNSZX,port1414,Yantian,0,0,0,0,0,0
2025-07-19,DEHAM,port446,Hamburg,6,13,7394,9367,198759,203614
2025-07-19,EGALY,port23,Alexandria,5,8,58992,65832,33761,37138
2025-07-19,GBFXT,port343,Felixstowe,3,4,69211,69211,0,0
2025-07-19,INNSA,port776,Mumbai-Jawaharlal Nehru (Nhava Sheva),1,16,23040,280702,23989,55608
2025-07-19,KRPUS,port1065,Busan,39,52,136551,165112,257344,265692
2025-07-19,NLRTM,port1114,Rotterdam,16,69,95931,330946,226636,355566
2025-07-19,PLGDN,port380,Gdansk,2,5,30888,144926,27099,27099
2025-07-19,SGSIN,port1201,Singapore,41,125,700742,1132168,732951,1033827
2025-07-19,TRMER,port735,Mersin,7,9,2680,2680,63732,66314
2025-07-19,UAODS,port843,Odessa,0,0,0,0,0,0
2025-07-19,USLGB,port664,Los Angeles-Long Beach,7,13,525883,678758,13493,48675
2025-07-19,USNYC,port815,New York-New Jersey,7,8,171263,171782,45070,45070
2025-07-20,AEJEA,port744,Jebel Ali,9,17,139155,244001,400943,405743
2025-07-20,BRSSZ,port1160,Santos,8,15,134438,185309,58075,172474
2025-07-20,CNSHA,port1188,Shanghai,37,121,180156,727144,373640,699493
2025-07-20,CNSZX,port1414,Yantian,0,0,0,0,0,0
2025-07-20,DEHAM,port446,Hamburg,13,23,98284,148920,142041,162890
2025-07-20,EGALY,port23,Alexandria,6,15,38337,150419,34738,41834
2025-07-20,GBFXT,port343,Felixstowe,1,2,10098,11671,0,0
2025-07-20,INNSA,port776,Mumbai-Jawaharlal Nehru (Nhava Sheva),8,15,109526,141792,250908,253354
2025-07-20,KRPUS,port1065,Busan,29,54,107672,138189,131923,152367
2025-07-20,NLRTM,port1114,Rotterdam,20,86,268078,887792,77606,230278
2025-07-20,PLGDN,port380,Gdansk,4,7,215706,323492,83899,86765
2025-07-20,SGSIN,port1201,Singapore,47,121,991769,1533196,690270,1145926
2025-07-20,TRMER,port735,Mersin,3,6,36209,46569,9818,14218
2025-07-20,UAODS,port843,Odessa,0,0,0,0,0,0
2025-07-20,USLGB,port664,Los Angeles-Long Beach,4,9,127742,129583,25196,149753
2025-07-20,USNYC,port815,New York-New Jersey,5,9,222557,267907,0,183
2025-07-21,AEJEA,port744,Jebel Ali,12,27,74222,180149,290065,312791
2025-07-21,BRSSZ,port1160,Santos,6,19,0,9306,89896,502518
2025-07-21,CNSHA,port1188,Shanghai,40,95,522304,721182,258714,484176
2025-07-21,CNSZX,port1414,Yantian,19,19,33789,33789,195607,195607
2025-07-21,DEHAM,port446,Hamburg,9,14,316640,396115,102231,117504
2025-07-21,EGALY,port23,Alexandria,1,10,5263,46334,0,8760
2025-07-21,GBFXT,port343,Felixstowe,3,8,44599,57476,12388,13623
2025-07-21,INNSA,port776,Mumbai-Jawaharlal Nehru (Nhava Sheva),7,15,291846,392716,156106,161387
2025-07-21,KRPUS,port1065,Busan,38,61,272923,334495,343747,353068
2025-07-21,NLRTM,port1114,Rotterdam,21,89,229953,712740,120965,231120
2025-07-21,PLGDN,port380,Gdansk,2,7,0,169835,0,7081
2025-07-21,SGSIN,port1201,Singapore,41,129,483031,903122,611066,855270
2025-07-21,TRMER,port735,Mersin,4,9,13971,26115,26083,28681
2025-07-21,UAODS,port843,Odessa,0,0,0,0,0,0
2025-07-21,USLGB,port664,Los Angeles-Long Beach,3,11,135168,241713,0,51843
2025-07-21,USNYC,port815,New York-New Jersey,7,10,109299,164174,5557,5557
2025-07-22,AEJEA,port744,Jebel Ali,13,27,204826,300755,109832,162053
2025-07-22,BRSSZ,port1160,Santos,6,15,16043,20508,63775,332971
2025-07-22,CNSHA,port1188,Shanghai,38,145,127068,723510,419624,932557
2025-07-22,CNSZX,port1414,Yantian,12,14,13554,13554,182029,186256
2025-07-22,DEHAM,port446,Hamburg,10,14,100704,103414,193023,196268
2025-07-22,EGALY,port23,Alexandria,7,12,42594,102720,121888,128566
2025-07-22,GBFXT,port343,Felixstowe,3,6,42387,46074,77749,77749
2025-07-22,INNSA,port776,Mumbai-Jawaharlal Nehru (Nhava Sheva),6,13,92161,177836,188995,226868
2025-07-22,KRPUS,port1065,Busan,28,53,124647,168377,172806,185956
2025-07-22,NLRTM,port1114,Rotterdam,15,81,108923,706193,62402,423459
2025-07-22,PLGDN,port380,Gdansk,0,10,0,88010,0,4443
2025-07-22,SGSIN,port1201,Singapore,46,139,971781,1229870,852342,1288842
2025-07-22,TRMER,port735,Mersin,4,9,39245,50458,3875,7353
2025-07-22,UAODS,port843,Odessa,0,0,0,0,0,0
2025-07-22,USLGB,port664,Los Angeles-Long Beach,7,11,345279,440275,0,17800
2025-07-22,USNYC,port815,New York-New Jersey,8,15,160464,308146,7975,9590
2025-07-23,AEJEA,port744,Jebel Ali,17,27,357616,535805,326327,333103
2025-07-23,BRSSZ,port1160,Santos,7,21,92379,148859,64750,345903
2025-07-23,CNSHA,port1188,Shanghai,35,121,206147,754638,319374,741272
2025-07-23,CNSZX,port1414,Yantian,10,12,6161,13223,118731,118731
2025-07-23,DEHAM,port446,Hamburg,10,17,94059,96054,188729,195968
2025-07-23,EGALY,port23,Alexandria,4,11,32051,104990,12012,21635
2025-07-23,GBFXT,port343,Felixstowe,2,2,0,0,52302,52302
2025-07-23,INNSA,port776,Mumbai-Jawaharlal Nehru (Nhava Sheva),5,15,107620,202009,58321,64871
2025-07-23,KRPUS,port1065,Busan,37,57,104959,140747,267859,280140
2025-07-23,NLRTM,port1114,Rotterdam,19,87,138202,513804,54442,189372
2025-07-23,PLGDN,port380,Gdansk,4,8,131060,232361,0,2316
2025-07-23,SGSIN,port1201,Singapore,34,123,514567,1325617,621741,831045
2025-07-23,TRMER,port735,Mersin,1,6,10089,56862,0,10791
2025-07-23,UAODS,port843,Odessa,0,0,0,0,0,0
2025-07-23,USLGB,port664,Los Angeles-Long Beach,10,13,587889,781807,306494,306494
2025-07-23,USNYC,port815,New York-New Jersey,5,9,131044,183587,49517,50565
2025-07-24,AEJEA,port744,Jebel Ali,18,30,249283,372286,142267,143448
2025-07-24,BRSSZ,port1160,Santos,7,20,104528,256718,48410,245525
2025-07-24,CNSHA,port1188,Shanghai,39,122,432507,1191108,367434,757543
2025-07-24,CNSZX,port1414,Yantian,11,13,2194,7065,185581,185581
2025-07-24,DEHAM,port446,Hamburg,7,15,166159,307724,123887,126191
2025-07-24,EGALY,port23,Alexandria,4,7,0,10612,96369,106968
2025-07-24,GBFXT,port343,Felixstowe,3,4,33094,37816,0,0
2025-07-24,INNSA,port776,Mumbai-Jawaharlal Nehru (Nhava Sheva),7,14,471557,488493,119946,126307
2025-07-24,KRPUS,port1065,Busan,32,55,121766,160076,185633,197133
2025-07-24,NLRTM,port1114,Rotterdam,21,102,121782,978980,116607,313043
2025-07-24,PLGDN,port380,Gdansk,2,14,98760,356267,130148,158852
2025-07-24,SGSIN,port1201,Singapore,41,127,700761,1416735,748963,1252502
2025-07-24,TRMER,port735,Mersin,6,10,49895,50852,45064,46363
2025-07-24,UAODS,port843,Odessa,0,0,0,0,0,0
2025-07-24,USLGB,port664,Los Angeles-Long Beach,4,9,126805,234362,204963,235707
2025-07-24,USNYC,port815,New York-New Jersey,7,13,89392,254674,150650,150650
2025-07-25,AEJEA,port744,Jebel Ali,9,18,238659,393465,168219,231356
2025-07-25,BRSSZ,port1160,Santos,8,17,47801,77580,68288,213406
2025-07-25,CNSHA,port1188,Shanghai,40,91,549740,1055805,345806,535643
2025-07-25,CNSZX,port1414,Yantian,9,10,0,904,64062,64966
2025-07-25,DEHAM,port446,Hamburg,12,21,149735,152482,100032,153979
2025-07-25,EGALY,port23,Alexandria,2,11,1961,59673,5513,15082
2025-07-25,GBFXT,port343,Felixstowe,5,6,49523,49523,32786,32786
2025-07-25,INNSA,port776,Mumbai-Jawaharlal Nehru (Nhava Sheva),2,13,44911,133968,23989,48566
2025-07-25,KRPUS,port1065,Busan,40,51,130005,145646,378214,382744
2025-07-25,NLRTM,port1114,Rotterdam,17,79,87986,437768,269846,404833
2025-07-25,PLGDN,port380,Gdansk,2,6,63263,173158,0,3553
2025-07-25,SGSIN,port1201,Singapore,34,124,443314,846258,840098,1234903
2025-07-25,TRMER,port735,Mersin,4,8,81424,84296,39744,41263
2025-07-25,UAODS,port843,Odessa,0,0,0,0,0,0
2025-07-25,USLGB,port664,Los Angeles-Long Beach,4,7,210107,292736,77158,94959
2025-07-25,USNYC,port815,New York-New Jersey,7,8,103078,113045,31129,31129
2025-07-26,AEJEA,port744,Jebel Ali,16,31,163547,258449,183691,203147
2025-07-26,BRSSZ,port1160,Santos,6,19,90753,234765,44267,318676
2025-07-26,CNSHA,port1188,Shanghai,36,126,1132198,1800277,226163,736354
2025-07-26,CNSZX,port1414,Yantian,11,11,60458,60458,74868,74868
2025-07-26,DEHAM,port446,Hamburg,8,14,242064,248457,99732,107615
2025-07-26,EGALY,port23,Alexandria,5,11,102684,111866,25207,28564
2025-07-26,GBFXT,port343,Felixstowe,1,2,0,1278,26709,26709
2025-07-26,INNSA,port776,Mumbai-Jawaharlal Nehru (Nhava Sheva),4,15,69121,101966,96724,100919
2025-07-26,KRPUS,port1065,Busan,31,48,153243,238227,178172,185441
2025-07-26,NLRTM,port1114,Rotterdam,12,62,123043,766963,98180,177962
2025-07-26,PLGDN,port380,Gdansk,3,4,25664,151739,0,0
2025-07-26,SGSIN,port1201,Singapore,43,119,1397097,2074946,1055304,1329541
2025-07-26,TRMER,port735,Mersin,5,9,13736,15770,85351,86650
2025-07-26,UAODS,port843,Odessa,0,1,0,0,0,2508
2025-07-26,USLGB,port664,Los Angeles-Long Beach,6,17,610500,883348,0,76612
2025-07-26,USNYC,port815,New York-New Jersey,9,13,237860,300006,54442,55785
2025-07-27,AEJEA,port744,Jebel Ali,15,25,310301,392810,191276,311904
2025-07-27,BRSSZ,port1160,Santos,6,15,67448,94182,94232,354836
2025-07-27,CNSHA,port1188,Shanghai,27,105,253400,767713,166097,407801
2025-07-27,CNSZX,port1414,Yantian,14,17,14987,22042,168823,168823
2025-07-27,DEHAM,port446,Hamburg,12,21,49674,77883,285574,290007
2025-07-27,EGALY,port23,Alexandria,4,12,23475,36809,79753,109711
2025-07-27,GBFXT,port343,Felixstowe,4,4,31147,31147,140165,140165
2025-07-27,INNSA,port776,Mumbai-Jawaharlal Nehru (Nhava Sheva),3,10,46080,52166,116986,119431
2025-07-27,KRPUS,port1065,Busan,32,49,135797,164583,196461,202846
2025-07-27,NLRTM,port1114,Rotterdam,19,79,86748,394912,203587,377056
2025-07-27,PLGDN,port380,Gdansk,4,14,143716,261738,47246,53775
2025-07-27,SGSIN,port1201,Singapore,33,113,695762,1449378,362390,586479
2025-07-27,TRMER,port735,Mersin,5,8,26875,26875,56743,59004
2025-07-27,UAODS,port843,Odessa,0,0,0,0,0,0
2025-07-27,USLGB,port664,Los Angeles-Long Beach,6,11,364734,424153,92097,109898
2025-07-27,USNYC,port815,New York-New Jersey,6,9,144438,228141,0,33667
2025-07-28,AEJEA,port744,Jebel Ali,8,15,236386,384685,87793,97496
2025-07-28,BRSSZ,port1160,Santos,4,16,0,38737,169547,613837
2025-07-28,CNSHA,port1188,Shanghai,35,102,531352,864486,208232,490726
2025-07-28,CNSZX,port1414,Yantian,8,8,15662,15662,93866,93866
2025-07-28,DEHAM,port446,Hamburg,11,22,391045,484201,184411,206217
2025-07-28,EGALY,port23,Alexandria,5,16,23475,105677,33530,71805
2025-07-28,GBFXT,port343,Felixstowe,5,7,72509,72981,52445,52504
2025-07-28,INNSA,port776,Mumbai-Jawaharlal Nehru (Nhava Sheva),3,13,119088,212580,85484,128158
2025-07-28,KRPUS,port1065,Busan,32,56,245649,322572,168468,175232
2025-07-28,NLRTM,port1114,Rotterdam,20,88,268073,1170355,172201,347357
2025-07-28,PLGDN,port380,Gdansk,5,11,16910,21805,187682,188802
2025-07-28,SGSIN,port1201,Singapore,40,149,386494,1100289,1047437,1593432
2025-07-28,TRMER,port735,Mersin,6,9,49377,50353,23039,23039
2025-07-28,UAODS,port843,Odessa,0,0,0,0,0,0
2025-07-28,USLGB,port664,Los Angeles-Long Beach,6,7,351275,351275,0,26436
2025-07-28,USNYC,port815,New York-New Jersey,6,13,100242,342985,10296,10296
2025-07-29,AEJEA,port744,Jebel Ali,9,18,158535,278455,258178,269365
2025-07-29,BRSSZ,port1160,Santos,4,5,27135,27135,9173,30966
2025-07-29,CNSHA,port1188,Shanghai,18,21,259679,303127,202675,206264
2025-07-29,CNSZX,port1414,Yantian,11,12,13606,18417,111002,111002
2025-07-29,DEHAM,port446,Hamburg,8,16,153922,217254,138380,164290
2025-07-29,EGALY,port23,Alexandria,4,16,12288,108326,15200,32393
2025-07-29,GBFXT,port343,Felixstowe,3,7,31722,43006,0,0
2025-07-29,INNSA,port776,Mumbai-Jawaharlal Nehru (Nhava Sheva),8,16,158257,294079,149199,188033
2025-07-29,KRPUS,port1065,Busan,32,54,80918,120396,214246,238617
2025-07-29,NLRTM,port1114,Rotterdam,22,79,392919,806728,76695,186348
2025-07-29,PLGDN,port380,Gdansk,2,12,11283,177996,22198,60229
2025-07-29,SGSIN,port1201,Singapore,41,106,757567,1211007,748720,1082812
2025-07-29,TRMER,port735,Mersin,4,11,10086,18096,43827,46649
2025-07-29,UAODS,port843,Odessa,0,0,0,0,0,0
2025-07-29,USLGB,port664,Los Angeles-Long Beach,4,11,304478,335789,0,59356
2025-07-29,USNYC,port815,New York-New Jersey,11,17,300111,403733,99611,100304
2025-07-30,AEJEA,port744,Jebel Ali,12,23,256924,327162,97634,99292
2025-07-30,BRSSZ,port1160,Santos,3,8,34253,71762,0,154984
2025-07-30,CNSHA,port1188,Shanghai,1,1,0,0,1514,1514
2025-07-30,CNSZX,port1414,Yantian,11,13,4757,10065,172789,173714
2025-07-30,DEHAM,port446,Hamburg,8,13,101890,104238,23643,25926
2025-07-30,EGALY,port23,Alexandria,6,14,35379,98018,143257,149831
2025-07-30,GBFXT,port343,Felixstowe,2,2,36282,36282,0,0
2025-07-30,INNSA,port776,Mumbai-Jawaharlal Nehru (Nhava Sheva),5,13,216669,311136,71968,103333
2025-07-30,KRPUS,port1065,Busan,34,61,350329,472550,133929,172566
2025-07-30,NLRTM,port1114,Rotterdam,16,80,123680,561503,63461,236442
2025-07-30,PLGDN,port380,Gdansk,3,9,121839,216729,145399,157895
2025-07-30,SGSIN,port1201,Singapore,42,119,628028,1042712,1001791,1376414
2025-07-30,TRMER,port735,Mersin,5,10,49847,51458,55567,55567
2025-07-30,UAODS,port843,Odessa,0,0,0,0,0,0
2025-07-30,USLGB,port664,Los Angeles-Long Beach,9,12,775510,825406,0,0
2025-07-30,USNYC,port815,New York-New Jersey,4,8,128989,250036,55418,57736
2025-07-31,AEJEA,port744,Jebel Ali,14,21,273145,285375,174876,175157
2025-07-31,BRSSZ,port1160,Santos,8,22,99852,258965,63653,367191
2025-07-31,CNSHA,port1188,Shanghai,46,114,474608,874455,417448,476358
2025-07-31,CNSZX,port1414,Yantian,12,13,10490,10490,119235,119235
2025-07-31,DEHAM,port446,Hamburg,10,18,103621,111840,131373,266863
2025-07-31,EGALY,port23,Alexandria,2,9,30950,138011,0,8026
2025-07-31,GBFXT,port343,Felixstowe,2,2,8924,8924,0,0
2025-07-31,INNSA,port776,Mumbai-Jawaharlal Nehru (Nhava Sheva),5,13,84212,153858,148297,156917
2025-07-31,KRPUS,port1065,Busan,24,47,91096,129319,131267,200741
2025-07-31,NLRTM,port1114,Rotterdam,14,70,32845,340068,118051,229470
2025-07-31,PLGDN,port380,Gdansk,3,10,17262,147900,42792,87771
2025-07-31,SGSIN,port1201,Singapore,44,144,887311,1196536,580627,1005495
2025-07-31,TRMER,port735,Mersin,6,11,62524,80224,12579,21921
2025-07-31,UAODS,port843,Odessa,0,0,0,0,0,0
2025-07-31,USLGB,port664,Los Angeles-Long Beach,4,10,255579,610061,0,28018
2025-07-31,USNYC,port815,New York-New Jersey,6,7,88893,88893,107472,107472
2025-08-01,AEJEA,port744,Jebel Ali,22,32,520457,651211,395475,412245
2025-08-01,BRSSZ,port1160,Santos,7,22,4897,8140,43726,483328
2025-08-01,CNSHA,port1188,Shanghai,51,191,849020,1991356,423443,814200
2025-08-01,CNSZX,port1414,Yantian,3,5,0,0,57257,57873
2025-08-01,DEHAM,port446,Hamburg,11,18,252330,285010,70270,108172
2025-08-01,EGALY,port23,Alexandria,4,12,42114,95662,27212,41415
2025-08-01,GBFXT,port343,Felixstowe,3,3,25218,25218,0,0
2025-08-01,INNSA,port776,Mumbai-Jawaharlal Nehru (Nhava Sheva),6,13,91716,116040,157307,157516
2025-08-01,KRPUS,port1065,Busan,32,50,158192,201729,180453,191051
2025-08-01,NLRTM,port1114,Rotterdam,14,84,19047,691331,115208,218503
2025-08-01,PLGDN,port380,Gdansk,4,9,24585,145161,10599,11448
2025-08-01,SGSIN,port1201,Singapore,38,100,743994,1595635,946074,1219089
2025-08-01,TRMER,port735,Mersin,3,6,81599,82885,8531,8978
2025-08-01,UAODS,port843,Odessa,0,0,0,0,0,0
2025-08-01,USLGB,port664,Los Angeles-Long Beach,9,14,446093,488147,392410,410211
2025-08-01,USNYC,port815,New York-New Jersey,7,13,28488,210458,172838,172838
2025-08-02,AEJEA,port744,Jebel Ali,10,23,120402,201655,74465,116744
2025-08-02,BRSSZ,port1160,Santos,4,15,72754,73208,21070,652239
2025-08-02,CNSHA,port1188,Shanghai,38,141,790393,1222057,205994,436068
2025-08-02,CNSZX,port1414,Yantian,11,12,25420,26324,75610,76515
2025-08-02,DEHAM,port446,Hamburg,13,18,116491,121684,275902,280154
2025-08-02,EGALY,port23,Alexandria,4,8,22075,47602,30316,43180
2025-08-02,GBFXT,port343,Felixstowe,4,5,37701,39514,53256,53256
2025-08-02,INNSA,port776,Mumbai-Jawaharlal Nehru (Nhava Sheva),6,15,123690,263714,330803,334353
2025-08-02,KRPUS,port1065,Busan,34,51,178622,214408,143908,154507
2025-08-02,NLRTM,port1114,Rotterdam,19,76,67737,606588,99101,335904
2025-08-02,PLGDN,port380,Gdansk,1,5,987,162450,0,1457
2025-08-02,SGSIN,port1201,Singapore,39,112,822925,1102177,813749,1171126
2025-08-02,TRMER,port735,Mersin,7,11,12830,58950,82322,82322
2025-08-02,UAODS,port843,Odessa,0,0,0,0,0,0
2025-08-02,USLGB,port664,Los Angeles-Long Beach,5,8,212911,284538,0,0
2025-08-02,USNYC,port815,New York-New Jersey,6,11,278430,390701,0,0
2025-08-03,AEJEA,port744,Jebel Ali,15,25,316116,427255,255026,271843
2025-08-03,BRSSZ,port1160,Santos,6,13,20491,129823,49109,115380
2025-08-03,CNSHA,port1188,Shanghai,37,113,276211,756086,296107,550135
2025-08-03,CNSZX,port1414,Yantian,9,9,35130,35130,71694,71694
2025-08-03,DEHAM,port446,Hamburg,11,20,84354,230228,287229,292256
2025-08-03,EGALY,port23,Alexandria,4,5,21675,21675,38896,64548
2025-08-03,GBFXT,port343,Felixstowe,2,4,29709,29853,18275,18275
2025-08-03,INNSA,port776,Mumbai-Jawaharlal Nehru (Nhava Sheva),6,20,271571,508332,117636,127417
2025-08-03,KRPUS,port1065,Busan,31,47,71385,84075,99793,110894
2025-08-03,NLRTM,port1114,Rotterdam,19,83,217552,1254637,235353,317083
2025-08-03,PLGDN,port380,Gdansk,3,9,15121,266101,144720,161299
2025-08-03,SGSIN,port1201,Singapore,37,120,330264,1501177,814390,1227159
2025-08-03,TRMER,port735,Mersin,3,7,8549,10339,31304,32603
2025-08-03,UAODS,port843,Odessa,0,0,0,0,0,0
2025-08-03,USLGB,port664,Los Angeles-Long Beach,4,9,81105,141932,20402,20402
2025-08-03,USNYC,port815,New York-New Jersey,7,8,176361,176361,28674,29975
2025-08-04,AEJEA,port744,Jebel Ali,15,29,151612,248374,177700,182719
2025-08-04,BRSSZ,port1160,Santos,7,19,10049,83686,141853,539514
2025-08-04,CNSHA,port1188,Shanghai,38,117,246059,608720,356178,703479
2025-08-04,CNSZX,port1414,Yantian,12,13,5153,5153,108470,108470
2025-08-04,DEHAM,port446,Hamburg,11,18,250146,308866,61225,62897
2025-08-04,EGALY,port23,Alexandria,7,18,97666,216890,38220,55694
2025-08-04,GBFXT,port343,Felixstowe,4,8,28129,33020,20423,20740
2025-08-04,INNSA,port776,Mumbai-Jawaharlal Nehru (Nhava Sheva),3,10,91716,154179,70581,78785
2025-08-04,KRPUS,port1065,Busan,23,42,238768,279175,72047,78046
2025-08-04,NLRTM,port1114,Rotterdam,22,88,333339,835404,215619,344438
2025-08-04,PLGDN,port380,Gdansk,3,11,26606,108127,0,2251
2025-08-04,SGSIN,port1201,Singapore,42,154,675492,1370873,780038,1113679
2025-08-04,TRMER,port735,Mersin,4,8,4356,16492,21529,25641
2025-08-04,UAODS,port843,Odessa,0,0,0,0,0,0
2025-08-04,USLGB,port664,Los Angeles-Long Beach,5,11,288897,453392,0,7391
2025-08-04,USNYC,port815,New York-New Jersey,8,11,111305,206272,100561,151834
2025-08-05,AEJEA,port744,Jebel Ali,11,22,101269,185398,138745,141904
2025-08-05,BRSSZ,port1160,Santos,7,20,43087,99564,97406,540321
2025-08-05,CNSHA,port1188,Shanghai,40,131,837201,1255376,412000,724930
2025-08-05,CNSZX,port1414,Yantian,8,9,31708,31708,98405,102928
2025-08-05,DEHAM,port446,Hamburg,9,15,105010,109919,43277,83585
2025-08-05,EGALY,port23,Alexandria,5,15,126971,248641,146020,154653
2025-08-05,GBFXT,port343,Felixstowe,2,5,74968,79071,18275,18275
2025-08-05,INNSA,port776,Mumbai-Jawaharlal Nehru (Nhava Sheva),6,20,170445,378477,118291,161474
2025-08-05,KRPUS,port1065,Busan,37,73,329976,433156,96812,112683
2025-08-05,NLRTM,port1114,Rotterdam,18,83,58127,496558,88240,198104
2025-08-05,PLGDN,port380,Gdansk,1,10,15121,230511,16919,22773
2025-08-05,SGSIN,port1201,Singapore,34,117,1058331,1394783,487554,796951
2025-08-05,TRMER,port735,Mersin,5,10,122380,123532,12450,15589
2025-08-05,UAODS,port843,Odessa,0,0,0,0,0,0
2025-08-05,USLGB,port664,Los Angeles-Long Beach,4,6,406994,416369,0,35601
2025-08-05,USNYC,port815,New York-New Jersey,5,10,155397,176963,0,9991
2025-08-06,AEJEA,port744,Jebel Ali,16,25,427375,449484,368263,378354
2025-08-06,BRSSZ,port1160,Santos,5,11,0,50831,35047,71582
2025-08-06,CNSHA,port1188,Shanghai,37,152,199535,958716,386180,637877
2025-08-06,CNSZX,port1414,Yantian,10,12,35157,39560,104540,104560
2025-08-06,DEHAM,port446,Hamburg,11,18,72435,160676,115827,122988
2025-08-06,EGALY,port23,Alexandria,1,7,0,109083,14869,22974
2025-08-06,GBFXT,port343,Felixstowe,2,3,25567,27296,18275,18275
2025-08-06,INNSA,port776,Mumbai-Jawaharlal Nehru (Nhava Sheva),5,11,91716,93854,204713,205452
2025-08-06,KRPUS,port1065,Busan,27,47,113877,143694,130446,145533
2025-08-06,NLRTM,port1114,Rotterdam,23,87,235847,475352,60226,190208
2025-08-06,PLGDN,port380,Gdansk,5,12,113414,210325,35477,37985
2025-08-06,SGSIN,port1201,Singapore,43,128,936633,1681236,713859,968784
2025-08-06,TRMER,port735,Mersin,3,9,18758,20434,24683,36783
2025-08-06,UAODS,port843,Odessa,0,0,0,0,0,0
2025-08-06,USLGB,port664,Los Angeles-Long Beach,8,12,446614,477037,96564,114365
2025-08-06,USNYC,port815,New York-New Jersey,2,6,128223,272260,0,0
2025-08-07,AEJEA,port744,Jebel Ali,17,26,435136,652575,225757,226938
2025-08-07,BRSSZ,port1160,Santos,7,16,148597,180773,73330,190500
2025-08-07,CNSHA,port1188,Shanghai,41,119,275244,1070614,576681,744576
2025-08-07,CNSZX,port1414,Yantian,9,10,6783,11305,73603,73603
2025-08-07,DEHAM,port446,Hamburg,10,22,29309,95448,137494,157179
2025-08-07,EGALY,port23,Alexandria,4,10,23920,42111,34386,35657
2025-08-07,GBFXT,port343,Felixstowe,3,4,69345,70692,0,0
2025-08-07,INNSA,port776,Mumbai-Jawaharlal Nehru (Nhava Sheva),3,13,235348,354903,27152,45068
2025-08-07,KRPUS,port1065,Busan,39,62,192243,225878,166608,173639
2025-08-07,NLRTM,port1114,Rotterdam,16,98,240644,826894,123953,324626
2025-08-07,PLGDN,port380,Gdansk,2,9,30610,221065,16919,18794
2025-08-07,SGSIN,port1201,Singapore,36,124,463343,789623,621448,1135192
2025-08-07,TRMER,port735,Mersin,6,12,59150,66770,21652,23255
2025-08-07,UAODS,port843,Odessa,0,0,0,0,0,0
2025-08-07,USLGB,port664,Los Angeles-Long Beach,5,8,495466,546756,156358,156358
2025-08-07,USNYC,port815,New York-New Jersey,9,11,263985,263985,72875,72875
2025-08-08,AEJEA,port744,Jebel Ali,15,28,289027,395176,292844,402095
2025-08-08,BRSSZ,port1160,Santos,4,17,2436,2436,10235,494021
2025-08-08,CNSHA,port1188,Shanghai,37,123,526021,1085049,453257,870658
2025-08-08,CNSZX,port1414,Yantian,10,11,31434,31434,75016,75016
2025-08-08,DEHAM,port446,Hamburg,11,16,112323,161727,112535,146562
2025-08-08,EGALY,port23,Alexandria,5,15,18183,130065,19578,28197
2025-08-08,GBFXT,port343,Felixstowe,3,5,30663,35254,100839,100839
2025-08-08,INNSA,port776,Mumbai-Jawaharlal Nehru (Nhava Sheva),3,9,92507,174460,47054,65866
2025-08-08,KRPUS,port1065,Busan,21,45,155193,186199,68896,107156
2025-08-08,NLRTM,port1114,Rotterdam,15,73,16098,359993,86418,168221
2025-08-08,PLGDN,port380,Gdansk,3,7,30929,35412,16919,18264
2025-08-08,SGSIN,port1201,Singapore,47,136,1243425,2290066,1094516,1530172
2025-08-08,TRMER,port735,Mersin,7,11,8549,11269,68117,72829
2025-08-08,UAODS,port843,Odessa,0,0,0,0,0,0
2025-08-08,USLGB,port664,Los Angeles-Long Beach,7,12,509642,512144,24892,90288
2025-08-08,USNYC,port815,New York-New Jersey,5,10,141055,314811,9063,9063
2025-08-09,AEJEA,port744,Jebel Ali,12,22,215934,240256,77598,81519
2025-08-09,BRSSZ,port1160,Santos,7,11,143841,174427,32277,81671
2025-08-09,CNSHA,port1188,Shanghai,34,124,398596,1309650,275154,660889
2025-08-09,CNSZX,port1414,Yantian,10,12,2196,3100,96861,97766
2025-08-09,DEHAM,port446,Hamburg,6,11,156599,184667,65054,66978
2025-08-09,EGALY,port23,Alexandria,8,13,8996,81860,127410,139334
2025-08-09,GBFXT,port343,Felixstowe,3,5,51814,57857,0,0
2025-08-09,INNSA,port776,Mumbai-Jawaharlal Nehru (Nhava Sheva),7,18,179300,221709,195425,237252
2025-08-09,KRPUS,port1065,Busan,39,57,160488,203048,163983,171101
2025-08-09,NLRTM,port1114,Rotterdam,20,72,91515,671616,107789,160959
2025-08-09,PLGDN,port380,Gdansk,0,2,0,109800,0,407
2025-08-09,SGSIN,port1201,Singapore,40,109,511315,825924,579521,929917
2025-08-09,TRMER,port735,Mersin,3,6,0,2922,20556,20556
2025-08-09,UAODS,port843,Odessa,0,0,0,0,0,0
2025-08-09,USLGB,port664,Los Angeles-Long Beach,4,9,178688,588500,101102,125481
2025-08-09,USNYC,port815,New York-New Jersey,8,11,195787,234801,56631,56631
2025-08-10,AEJEA,port744,Jebel Ali,16,26,400996,473493,170077,175431
2025-08-10,BRSSZ,port1160,Santos,4,14,20067,94593,28131,182475
2025-08-10,CNSHA,port1188,Shanghai,33,115,711600,1128692,359819,669611
2025-08-10,CNSZX,port1414,Yantian,13,13,44765,44765,144361,144361
2025-08-10,DEHAM,port446,Hamburg,9,17,129661,181069,173594,181906
2025-08-10,EGALY,port23,Alexandria,6,11,45273,102042,8340,9874
2025-08-10,GBFXT,port343,Felixstowe,4,5,41646,42282,0,1891
2025-08-10,INNSA,port776,Mumbai-Jawaharlal Nehru (Nhava Sheva),2,11,30572,221222,123220,129654
2025-08-10,KRPUS,port1065,Busan,33,50,90614,117093,164220,170649
2025-08-10,NLRTM,port1114,Rotterdam,17,85,215306,700869,188790,300195
2025-08-10,PLGDN,port380,Gdansk,9,16,333749,396176,92166,95989
2025-08-10,SGSIN,port1201,Singapore,37,119,776788,1047520,790698,1130538
2025-08-10,TRMER,port735,Mersin,6,10,22991,23556,67777,72425
2025-08-10,UAODS,port843,Odessa,0,0,0,0,0,0
2025-08-10,USLGB,port664,Los Angeles-Long Beach,4,13,275238,358107,31205,160557
2025-08-10,USNYC,port815,New York-New Jersey,5,8,130632,141868,4253,4253
2025-08-11,AEJEA,port744,Jebel Ali,17,35,222742,432369,455763,458625
2025-08-11,BRSSZ,port1160,Santos,6,20,51890,209266,93894,452730
2025-08-11,CNSHA,port1188,Shanghai,38,135,459688,984479,254945,1144621
2025-08-11,CNSZX,port1414,Yantian,11,11,41776,41776,96865,96865
2025-08-11,DEHAM,port446,Hamburg,12,23,221875,256613,168521,185202
2025-08-11,EGALY,port23,Alexandria,2,14,1466,71500,32796,39987
2025-08-11,GBFXT,port343,Felixstowe,2,5,26770,30502,121948,122006
2025-08-11,INNSA,port776,Mumbai-Jawaharlal Nehru (Nhava Sheva),7,15,190703,292579,519726,555704
2025-08-11,KRPUS,port1065,Busan,31,65,192542,244506,190703,222728
2025-08-11,NLRTM,port1114,Rotterdam,18,87,324957,839011,190321,274415
2025-08-11,PLGDN,port380,Gdansk,4,12,5254,194029,262074,264235
2025-08-11,SGSIN,port1201,Singapore,41,163,674121,1309550,914271,1374250
2025-08-11,TRMER,port735,Mersin,1,6,0,66443,4945,6244
2025-08-11,UAODS,port843,Odessa,0,0,0,0,0,0
2025-08-11,USLGB,port664,Los Angeles-Long Beach,5,9,337647,381994,21360,42387
2025-08-11,USNYC,port815,New York-New Jersey,7,15,109751,259135,45361,49441
2025-08-12,AEJEA,port744,Jebel Ali,13,22,208801,293082,323422,325097
2025-08-12,BRSSZ,port1160,Santos,7,19,93091,158323,57904,391099
2025-08-12,CNSHA,port1188,Shanghai,39,133,458275,1189732,317373,851345
2025-08-12,CNSZX,port1414,Yantian,11,13,5023,5928,133751,134656
2025-08-12,DEHAM,port446,Hamburg,9,18,81694,202755,89092,96846
2025-08-12,EGALY,port23,Alexandria,1,10,19633,156251,0,6957
2025-08-12,GBFXT,port343,Felixstowe,1,4,2964,8113,0,867
2025-08-12,INNSA,port776,Mumbai-Jawaharlal Nehru (Nhava Sheva),2,14,36106,210610,38071,75482
2025-08-12,KRPUS,port1065,Busan,34,50,149942,181902,221169,232411
2025-08-12,NLRTM,port1114,Rotterdam,14,79,40299,478791,31212,165977
2025-08-12,PLGDN,port380,Gdansk,1,7,0,202591,0,848
2025-08-12,SGSIN,port1201,Singapore,43,108,857665,1003597,772994,1025958
2025-08-12,TRMER,port735,Mersin,3,8,38247,43153,8531,12830
2025-08-12,UAODS,port843,Odessa,0,0,0,0,0,0
2025-08-12,USLGB,port664,Los Angeles-Long Beach,5,13,491811,614330,0,16837
2025-08-12,USNYC,port815,New York-New Jersey,9,12,259861,279573,144904,148028
2025-08-13,AEJEA,port744,Jebel Ali,16,31,374123,534259,136051,269605
2025-08-13,BRSSZ,port1160,Santos,6,13,20426,42705,37834,229698
2025-08-13,CNSHA,port1188,Shanghai,35,138,379583,1143694,358785,790024
2025-08-13,CNSZX,port1414,Yantian,10,11,4389,12200,128429,128429
2025-08-13,DEHAM,port446,Hamburg,11,18,57077,143395,134664,155243
2025-08-13,EGALY,port23,Alexandria,3,11,35431,137796,3488,40984
2025-08-13,GBFXT,port343,Felixstowe,4,5,38106,38106,12035,12920
2025-08-13,INNSA,port776,Mumbai-Jawaharlal Nehru (Nhava Sheva),4,11,30572,89408,128248,167916
2025-08-13,KRPUS,port1065,Busan,28,46,110400,139906,164365,170761
2025-08-13,NLRTM,port1114,Rotterdam,19,80,205354,732128,156060,285601
2025-08-13,PLGDN,port380,Gdansk,1,6,4643,11671,0,12488
2025-08-13,SGSIN,port1201,Singapore,42,116,1052727,1399706,627577,813295
2025-08-13,TRMER,port735,Mersin,4,8,54588,80403,25909,26356
2025-08-13,UAODS,port843,Odessa,0,0,0,0,0,0
2025-08-13,USLGB,port664,Los Angeles-Long Beach,7,12,382559,420486,271907,272388
2025-08-13,USNYC,port815,New York-New Jersey,3,9,48417,248131,93965,93965
2025-08-14,AEJEA,port744,Jebel Ali,11,20,261661,395113,244495,244892
2025-08-14,BRSSZ,port1160,Santos,9,23,59515,172280,134098,590550
2025-08-14,CNSHA,port1188,Shanghai,43,146,384032,870327,465855,663681
2025-08-14,CNSZX,port1414,Yantian,8,10,0,904,145903,146808
2025-08-14,DEHAM,port446,Hamburg,11,14,277081,278107,98174,98646
2025-08-14,EGALY,port23,Alexandria,3,10,11037,84487,62025,72575
2025-08-14,GBFXT,port343,Felixstowe,3,5,65377,70529,8513,8830
2025-08-14,INNSA,port776,Mumbai-Jawaharlal Nehru (Nhava Sheva),5,14,139869,190684,138270,148233
2025-08-14,KRPUS,port1065,Busan,32,49,201058,223444,88093,103071
2025-08-14,NLRTM,port1114,Rotterdam,16,84,103281,919359,101953,196951
2025-08-14,PLGDN,port380,Gdansk,4,7,187477,268423,7307,10448
2025-08-14,SGSIN,port1201,Singapore,44,140,400034,993285,945200,1448457
2025-08-14,TRMER,port735,Mersin,3,9,8628,53413,9960,13339
2025-08-14,UAODS,port843,Odessa,0,0,0,0,0,0
2025-08-14,USLGB,port664,Los Angeles-Long Beach,8,11,543428,761884,17133,17133
2025-08-14,USNYC,port815,New York-New Jersey,8,11,141382,173392,39426,39787
2025-08-15,AEJEA,port744,Jebel Ali,14,23,290865,358210,157610,207177
2025-08-15,BRSSZ,port1160,Santos,3,13,53616,86716,0,426145
2025-08-15,CNSHA,port1188,Shanghai,44,134,740030,1387971,404921,1048647
2025-08-15,CNSZX,port1414,Yantian,11,12,9417,9417,121098,121098
2025-08-15,DEHAM,port446,Hamburg,8,19,292327,381324,57047,110034
2025-08-15,EGALY,port23,Alexandria,4,10,0,106510,113476,123225
2025-08-15,GBFXT,port343,Felixstowe,2,2,13135,13135,149097,149097
2025-08-15,INNSA,port776,Mumbai-Jawaharlal Nehru (Nhava Sheva),8,16,531436,628566,188727,192068
2025-08-15,KRPUS,port1065,Busan,33,51,124803,158012,136953,147829
2025-08-15,NLRTM,port1114,Rotterdam,23,101,176960,518498,156273,345881
2025-08-15,PLGDN,port380,Gdansk,2,6,0,36843,66018,67724
2025-08-15,SGSIN,port1201,Singapore,46,145,741929,1557980,1069699,1619690
2025-08-15,TRMER,port735,Mersin,7,9,47170,66613,80649,81589
2025-08-15,UAODS,port843,Odessa,0,0,0,0,0,0
2025-08-15,USLGB,port664,Los Angeles-Long Beach,4,7,255262,291097,113274,113274
2025-08-15,USNYC,port815,New York-New Jersey,9,18,218712,355209,32415,34019
2025-08-16,AEJEA,port744,Jebel Ali,5,18,219852,365906,41390,47261
2025-08-16,BRSSZ,port1160,Santos,8,21,54214,194218,56257,267518
2025-08-16,CNSHA,port1188,Shanghai,38,123,89171,688579,401731,688947
2025-08-16,CNSZX,port1414,Yantian,14,15,65091,65995,101313,102218
2025-08-16,DEHAM,port446,Hamburg,6,14,17126,54494,93766,101806
2025-08-16,EGALY,port23,Alexandria,3,7,21067,58525,27668,28394
2025-08-16,GBFXT,port343,Felixstowe,2,4,13135,17858,44181,44181
2025-08-16,INNSA,port776,Mumbai-Jawaharlal Nehru (Nhava Sheva),1,7,30572,256288,23527,34171
2025-08-16,KRPUS,port1065,Busan,34,49,127328,149711,152957,162419
2025-08-16,NLRTM,port1114,Rotterdam,21,66,95396,378152,98783,154984
2025-08-16,PLGDN,port380,Gdansk,2,4,86001,86872,16919,19176
2025-08-16,SGSIN,port1201,Singapore,40,120,866268,1091680,776371,1243272
2025-08-16,TRMER,port735,Mersin,4,8,33802,40072,43133,44432
2025-08-16,UAODS,port843,Odessa,0,0,0,0,0,0
2025-08-16,USLGB,port664,Los Angeles-Long Beach,4,9,191534,339660,34267,41658
2025-08-16,USNYC,port815,New York-New Jersey,9,11,311124,380444,87135,89173
2025-08-17,AEJEA,port744,Jebel Ali,16,31,114718,225393,298157,299462
2025-08-17,BRSSZ,port1160,Santos,8,17,92557,178839,92342,303964
2025-08-17,CNSHA,port1188,Shanghai,39,117,171129,731874,423086,728000
2025-08-17,CNSZX,port1414,Yantian,11,11,24644,24644,103610,103610
2025-08-17,DEHAM,port446,Hamburg,12,15,157153,175077,256621,261284
2025-08-17,EGALY,port23,Alexandria,4,6,63809,86967,18492,18492
2025-08-17,GBFXT,port343,Felixstowe,3,3,82481,82481,53310,53310
2025-08-17,INNSA,port776,Mumbai-Jawaharlal Nehru (Nhava Sheva),2,10,48912,62217,20945,25734
2025-08-17,KRPUS,port1065,Busan,32,54,135766,184122,267868,277853
2025-08-17,NLRTM,port1114,Rotterdam,15,69,142433,1098540,53842,124582
2025-08-17,PLGDN,port380,Gdansk,2,9,9565,318489,311242,311988
2025-08-17,SGSIN,port1201,Singapore,41,136,938146,1523137,791769,1044868
2025-08-17,TRMER,port735,Mersin,5,9,24980,26977,19726,27398
2025-08-17,UAODS,port843,Odessa,0,0,0,0,0,0
2025-08-17,USLGB,port664,Los Angeles-Long Beach,5,13,277087,363494,0,62749
2025-08-17,USNYC,port815,New York-New Jersey,3,8,105787,176450,107911,142016
2025-08-18,AEJEA,port744,Jebel Ali,15,25,275703,438729,269256,315602
2025-08-18,BRSSZ,port1160,Santos,5,14,122409,144101,18658,351762
2025-08-18,CNSHA,port1188,Shanghai,42,130,186378,692699,350223,590330
2025-08-18,CNSZX,port1414,Yantian,9,11,6006,9341,141056,141056
2025-08-18,DEHAM,port446,Hamburg,11,18,76132,205870,54505,100804
2025-08-18,EGALY,port23,Alexandria,4,17,1502,130281,23510,61930
2025-08-18,GBFXT,port343,Felixstowe,3,8,33797,40014,0,58
2025-08-18,INNSA,port776,Mumbai-Jawaharlal Nehru (Nhava Sheva),7,14,215022,296120,249534,333883
2025-08-18,KRPUS,port1065,Busan,30,54,204571,237587,207266,215377
2025-08-18,NLRTM,port1114,Rotterdam,23,89,439095,720918,235488,510677
2025-08-18,PLGDN,port380,Gdansk,3,12,31042,145246,0,39400
2025-08-18,SGSIN,port1201,Singapore,42,155,741947,1297597,852932,1289408
2025-08-18,TRMER,port735,Mersin,4,7,60163,60163,8531,24257
2025-08-18,UAODS,port843,Odessa,0,0,0,0,0,0
2025-08-18,USLGB,port664,Los Angeles-Long Beach,7,9,362777,402750,224103,224103
2025-08-18,USNYC,port815,New York-New Jersey,7,12,126411,290984,0,3506
2025-08-19,AEJEA,port744,Jebel Ali,14,24,221899,251727,190023,199940
2025-08-19,BRSSZ,port1160,Santos,9,21,110572,160589,34343,275935
2025-08-19,CNSHA,port1188,Shanghai,32,131,330379,1044025,389131,1209916
2025-08-19,CNSZX,port1414,Yantian,9,10,2813,3717,68855,69760
2025-08-19,DEHAM,port446,Hamburg,9,15,107841,180983,253125,281237
2025-08-19,EGALY,port23,Alexandria,3,14,11037,104327,52981,86127
2025-08-19,GBFXT,port343,Felixstowe,1,4,3801,8377,0,120
2025-08-19,INNSA,port776,Mumbai-Jawaharlal Nehru (Nhava Sheva),0,1,0,7398,0,2810
2025-08-19,KRPUS,port1065,Busan,33,52,262096,284388,100735,112052
2025-08-19,NLRTM,port1114,Rotterdam,17,88,132136,790555,44494,208031
2025-08-19,PLGDN,port380,Gdansk,2,10,17486,268074,16919,23531
2025-08-19,SGSIN,port1201,Singapore,39,124,1047026,1597331,463236,833110
2025-08-19,TRMER,port735,Mersin,4,8,23698,35652,20187,20187
2025-08-19,UAODS,port843,Odessa,0,0,0,0,0,0
2025-08-19,USLGB,port664,Los Angeles-Long Beach,6,13,567086,822664,17133,17133
2025-08-19,USNYC,port815,New York-New Jersey,7,8,228728,265577,9063,9063
2025-08-20,AEJEA,port744,Jebel Ali,15,23,321494,498851,341099,341099
2025-08-20,BRSSZ,port1160,Santos,6,17,568,63538,140264,438885
2025-08-20,CNSHA,port1188,Shanghai,39,130,462859,1421278,346582,891429
2025-08-20,CNSZX,port1414,Yantian,12,14,11377,11377,87966,88890
2025-08-20,DEHAM,port446,Hamburg,10,16,69598,77601,175798,214797
2025-08-20,EGALY,port23,Alexandria,3,10,87445,244824,7829,43005
2025-08-20,GBFXT,port343,Felixstowe,1,1,15804,15804,0,0
2025-08-20,INNSA,port776,Mumbai-Jawaharlal Nehru (Nhava Sheva),5,14,152860,395112,117636,128443
2025-08-20,KRPUS,port1065,Busan,31,48,210209,232597,206982,213737
2025-08-20,NLRTM,port1114,Rotterdam,13,70,122227,848636,52506,119023
2025-08-20,PLGDN,port380,Gdansk,2,9,147628,162716,0,5531
2025-08-20,SGSIN,port1201,Singapore,41,114,397066,1025740,696359,990469
2025-08-20,TRMER,port735,Mersin,5,8,150312,150312,19463,20660
2025-08-20,UAODS,port843,Odessa,0,0,0,0,0,0
2025-08-20,USLGB,port664,Los Angeles-Long Beach,8,14,325761,471774,36160,149602
2025-08-20,USNYC,port815,New York-New Jersey,9,14,173941,305850,4944,16330
2025-08-21,AEJEA,port744,Jebel Ali,17,30,354679,386912,272022,285199
2025-08-21,BRSSZ,port1160,Santos,8,17,35989,42688,72173,413890
2025-08-21,CNSHA,port1188,Shanghai,34,131,425169,1192235,262339,631039
2025-08-21,CNSZX,port1414,Yantian,10,12,4389,5293,162530,163435
2025-08-21,DEHAM,port446,Hamburg,12,22,205853,289759,34510,67028
2025-08-21,EGALY,port23,Alexandria,4,14,15115,143494,23409,43721
2025-08-21,GBFXT,port343,Felixstowe,2,3,60474,62653,0,0
2025-08-21,INNSA,port776,Mumbai-Jawaharlal Nehru (Nhava Sheva),6,18,193517,263138,97993,165831
2025-08-21,KRPUS,port1065,Busan,26,47,87293,164479,122234,132098
2025-08-21,NLRTM,port1114,Rotterdam,14,74,138716,854737,114819,267841
2025-08-21,PLGDN,port380,Gdansk,3,11,26809,98667,55415,60211
2025-08-21,SGSIN,port1201,Singapore,38,120,570504,1091949,1244300,1609227
2025-08-21,TRMER,port735,Mersin,5,12,37137,55717,15320,28028
2025-08-21,UAODS,port843,Odessa,0,0,0,0,0,0
2025-08-21,USLGB,port664,Los Angeles-Long Beach,8,9,292519,335233,771471,775569
2025-08-21,USNYC,port815,New York-New Jersey,6,9,139910,244527,98127,98127
2025-08-22,AEJEA,port744,Jebel Ali,13,24,213398,295290,177270,275220
2025-08-22,BRSSZ,port1160,Santos,5,14,36796,121719,45450,310236
2025-08-22,CNSHA,port1188,Shanghai,40,108,288345,705278,270533,750006
2025-08-22,CNSZX,port1414,Yantian,7,8,17748,17748,87270,87270
2025-08-22,DEHAM,port446,Hamburg,5,12,281076,283518,0,11486
2025-08-22,EGALY,port23,Alexandria,6,14,35730,120478,28971,50276
2025-08-22,GBFXT,port343,Felixstowe,4,4,39620,39620,54761,54761
2025-08-22,INNSA,port776,Mumbai-Jawaharlal Nehru (Nhava Sheva),4,14,94834,246487,70581,89653
2025-08-22,KRPUS,port1065,Busan,36,57,209817,251250,223600,235713
2025-08-22,NLRTM,port1114,Rotterdam,26,97,127094,851246,52577,127009
2025-08-22,PLGDN,port380,Gdansk,1,9,0,84823,37076,40917
2025-08-22,SGSIN,port1201,Singapore,34,126,988361,1467749,482144,869106
2025-08-22,TRMER,port735,Mersin,3,6,10871,42341,2056,2056
2025-08-22,UAODS,port843,Odessa,0,0,0,0,0,0
2025-08-22,USLGB,port664,Los Angeles-Long Beach,5,7,433877,469908,17133,17133
2025-08-22,USNYC,port815,New York-New Jersey,2,6,26726,178573,9063,9063
2025-08-23,AEJEA,port744,Jebel Ali,17,29,247785,276958,186778,269286
2025-08-23,BRSSZ,port1160,Santos,6,19,73076,125279,80689,435412
2025-08-23,CNSHA,port1188,Shanghai,43,137,521194,924274,360609,844680
2025-08-23,CNSZX,port1414,Yantian,13,14,40061,40966,116851,117756
2025-08-23,DEHAM,port446,Hamburg,10,15,207227,299419,108980,139098
2025-08-23,EGALY,port23,Alexandria,8,15,48393,87640,57624,66312
2025-08-23,GBFXT,port343,Felixstowe,2,3,7448,7448,0,0
2025-08-23,INNSA,port776,Mumbai-Jawaharlal Nehru (Nhava Sheva),5,12,61144,111243,169410,173054
2025-08-23,KRPUS,port1065,Busan,38,63,128150,153332,317698,327971
2025-08-23,NLRTM,port1114,Rotterdam,15,74,41263,605040,105251,269603
2025-08-23,PLGDN,port380,Gdansk,2,5,15121,146624,28212,62229
2025-08-23,SGSIN,port1201,Singapore,41,122,729103,1494340,717573,959892
2025-08-23,TRMER,port735,Mersin,5,8,9663,10501,112671,114664
2025-08-23,UAODS,port843,Odessa,0,0,0,0,0,0
2025-08-23,USLGB,port664,Los Angeles-Long Beach,3,5,312630,500394,0,0
2025-08-23,USNYC,port815,New York-New Jersey,7,12,131610,271658,51344,52688
2025-08-24,AEJEA,port744,Jebel Ali,14,23,216539,406289,230269,236221
2025-08-24,BRSSZ,port1160,Santos,2,8,41951,84851,0,210427
2025-08-24,CNSHA,port1188,Shanghai,33,112,599426,1123595,391834,795450
2025-08-24,CNSZX,port1414,Yantian,10,10,51873,51873,64813,64813
2025-08-24,DEHAM,port446,Hamburg,17,27,203524,269662,260216,267000
2025-08-24,EGALY,port23,Alexandria,4,11,22318,51049,17196,28834
2025-08-24,GBFXT,port343,Felixstowe,2,3,77298,79059,0,0
2025-08-24,INNSA,port776,Mumbai-Jawaharlal Nehru (Nhava Sheva),5,10,146971,309298,85126,88031
2025-08-24,KRPUS,port1065,Busan,29,47,132507,212344,132724,142068
2025-08-24,NLRTM,port1114,Rotterdam,23,89,182193,801806,304587,419171
2025-08-24,PLGDN,port380,Gdansk,4,17,70142,177118,12640,111780
2025-08-24,SGSIN,port1201,Singapore,37,129,451101,862054,719040,1102976
2025-08-24,TRMER,port735,Mersin,5,10,56441,116704,14991,22136
2025-08-24,UAODS,port843,Odessa,0,0,0,0,0,0
2025-08-24,USLGB,port664,Los Angeles-Long Beach,6,13,299155,493154,48073,244184
2025-08-24,USNYC,port815,New York-New Jersey,6,11,168838,192827,64042,65658
2025-08-25,AEJEA,port744,Jebel Ali,19,34,283197,441936,434154,482830
2025-08-25,BRSSZ,port1160,Santos,9,20,192065,251444,95204,157005
2025-08-25,CNSHA,port1188,Shanghai,42,142,558284,1151668,321781,829874
2025-08-25,CNSZX,port1414,Yantian,9,9,21263,21263,101548,101548
2025-08-25,DEHAM,port446,Hamburg,9,16,49680,86048,294058,300097
2025-08-25,EGALY,port23,Alexandria,1,9,0,64687,14790,26521
2025-08-25,GBFXT,port343,Felixstowe,4,5,45002,45078,65561,65561
2025-08-25,INNSA,port776,Mumbai-Jawaharlal Nehru (Nhava Sheva),4,17,122288,211684,94109,111615
2025-08-25,KRPUS,port1065,Busan,29,48,189817,215930,189824,198770
2025-08-25,NLRTM,port1114,Rotterdam,18,88,325975,597314,27451,215969
2025-08-25,PLGDN,port380,Gdansk,6,12,140953,407069,16919,16919
2025-08-25,SGSIN,port1201,Singapore,41,139,844204,1366736,542304,848376
2025-08-25,TRMER,port735,Mersin,4,5,24750,37196,20072,20072
2025-08-25,UAODS,port843,Odessa,0,0,0,0,0,0
2025-08-25,USLGB,port664,Los Angeles-Long Beach,6,12,793334,862508,0,10061
2025-08-25,USNYC,port815,New York-New Jersey,8,14,209194,305221,18127,18127
2025-08-26,AEJEA,port744,Jebel Ali,12,23,155647,270289,172307,173684
2025-08-26,BRSSZ,port1160,Santos,4,13,4376,90478,88603,223948
2025-08-26,CNSHA,port1188,Shanghai,44,112,400309,690322,430847,1176587
2025-08-26,CNSZX,port1414,Yantian,11,12,18843,19747,122608,123513
2025-08-26,DEHAM,port446,Hamburg,9,19,265741,525572,138539,148377
2025-08-26,EGALY,port23,Alexandria,0,3,0,26133,0,4423
2025-08-26,GBFXT,port343,Felixstowe,5,11,60776,69174,77965,78023
2025-08-26,INNSA,port776,Mumbai-Jawaharlal Nehru (Nhava Sheva),2,8,61144,205662,47054,59913
2025-08-26,KRPUS,port1065,Busan,33,47,166218,194072,140560,146779
2025-08-26,NLRTM,port1114,Rotterdam,18,84,127460,664792,51066,206742
2025-08-26,PLGDN,port380,Gdansk,4,14,81767,271300,80010,85786
2025-08-26,SGSIN,port1201,Singapore,36,113,760967,1412391,549738,844720
2025-08-26,TRMER,port735,Mersin,4,8,10656,10656,21669,24683
2025-08-26,UAODS,port843,Odessa,0,0,0,0,0,0
2025-08-26,USLGB,port664,Los Angeles-Long Beach,5,13,266795,333114,17133,42476
2025-08-26,USNYC,port815,New York-New Jersey,6,11,265261,416130,10919,19662
2025-08-27,AEJEA,port744,Jebel Ali,17,29,308808,420303,177754,220595
2025-08-27,BRSSZ,port1160,Santos,6,16,53869,117616,71148,287884
2025-08-27,CNSHA,port1188,Shanghai,36,128,858445,1290371,275315,783923
2025-08-27,CNSZX,port1414,Yantian,11,12,2194,17194,144363,144363
2025-08-27,DEHAM,port446,Hamburg,10,17,77756,215195,186523,191481
2025-08-27,EGALY,port23,Alexandria,0,4,0,3713,0,3657
2025-08-27,GBFXT,port343,Felixstowe,1,2,8307,13030,0,0
2025-08-27,INNSA,port776,Mumbai-Jawaharlal Nehru (Nhava Sheva),3,8,87584,93264,68000,111412
2025-08-27,KRPUS,port1065,Busan,26,48,94075,132708,210384,228397
2025-08-27,NLRTM,port1114,Rotterdam,14,88,57645,678074,68076,146129
2025-08-27,PLGDN,port380,Gdansk,3,12,50054,182942,0,11670
2025-08-27,SGSIN,port1201,Singapore,36,111,806371,1541217,497775,818333
2025-08-27,TRMER,port735,Mersin,3,8,7967,8566,13564,92337
2025-08-27,UAODS,port843,Odessa,0,0,0,0,0,0
2025-08-27,USLGB,port664,Los Angeles-Long Beach,10,18,626738,785928,34267,103902
2025-08-27,USNYC,port815,New York-New Jersey,7,14,103218,259421,0,7600
2025-08-28,AEJEA,port744,Jebel Ali,13,23,277261,353478,152731,157885
2025-08-28,BRSSZ,port1160,Santos,9,18,22525,34835,68576,317784
2025-08-28,CNSHA,port1188,Shanghai,43,138,914178,1948735,341882,683255
2025-08-28,CNSZX,port1414,Yantian,14,17,18843,19748,142582,143487
2025-08-28,DEHAM,port446,Hamburg,7,13,38910,39233,64833,77230
2025-08-28,EGALY,port23,Alexandria,7,23,57493,156203,39826,58486
2025-08-28,GBFXT,port343,Felixstowe,3,3,31004,31004,54572,54572
2025-08-28,INNSA,port776,Mumbai-Jawaharlal Nehru (Nhava Sheva),4,13,91716,166688,150225,151285
2025-08-28,KRPUS,port1065,Busan,34,63,203541,260293,244706,269263
2025-08-28,NLRTM,port1114,Rotterdam,23,99,177196,1077765,144272,265275
2025-08-28,PLGDN,port380,Gdansk,2,9,29756,137348,16919,21860
2025-08-28,SGSIN,port1201,Singapore,44,127,603040,1095299,926836,1191207
2025-08-28,TRMER,port735,Mersin,3,9,7070,8309,2459,16151
2025-08-28,UAODS,port843,Odessa,0,0,0,0,0,0
2025-08-28,USLGB,port664,Los Angeles-Long Beach,3,5,66254,376286,73313,73313
2025-08-28,USNYC,port815,New York-New Jersey,13,16,296097,318229,46483,48099
2025-08-29,AEJEA,port744,Jebel Ali,14,27,230520,419494,430853,439166
2025-08-29,BRSSZ,port1160,Santos,7,19,119803,166774,63219,334167
2025-08-29,CNSHA,port1188,Shanghai,40,121,356635,657892,277646,734006
2025-08-29,CNSZX,port1414,Yantian,6,7,0,753,100030,100030
2025-08-29,DEHAM,port446,Hamburg,9,22,120448,268762,36425,48551
2025-08-29,EGALY,port23,Alexandria,6,12,180936,239154,21182,34374
2025-08-29,GBFXT,port343,Felixstowe,2,2,4086,4086,0,0
2025-08-29,INNSA,port776,Mumbai-Jawaharlal Nehru (Nhava Sheva),2,7,61144,99458,47054,47264
2025-08-29,KRPUS,port1065,Busan,31,52,119435,147344,191807,200650
2025-08-29,NLRTM,port1114,Rotterdam,17,79,210798,960186,139980,303497
2025-08-29,PLGDN,port380,Gdansk,3,13,124687,428510,31856,45212
2025-08-29,SGSIN,port1201,Singapore,45,131,883507,1589754,888550,1237800
2025-08-29,TRMER,port735,Mersin,3,6,19287,27481,54380,54380
2025-08-29,UAODS,port843,Odessa,0,0,0,0,0,0
2025-08-29,USLGB,port664,Los Angeles-Long Beach,6,9,332226,373953,103729,103729
2025-08-29,USNYC,port815,New York-New Jersey,5,9,47340,122206,90378,90378
2025-08-30,AEJEA,port744,Jebel Ali,16,25,212165,365508,320896,322076
2025-08-30,BRSSZ,port1160,Santos,5,16,70030,126435,56729,290956
2025-08-30,CNSHA,port1188,Shanghai,36,111,239038,889316,363060,606469
2025-08-30,CNSZX,port1414,Yantian,11,13,42902,47064,81291,82195
2025-08-30,DEHAM,port446,Hamburg,7,10,91249,94893,98674,100955
2025-08-30,EGALY,port23,Alexandria,4,15,27433,90266,25436,38985
2025-08-30,GBFXT,port343,Felixstowe,3,6,69827,75870,182807,185491
2025-08-30,INNSA,port776,Mumbai-Jawaharlal Nehru (Nhava Sheva),4,9,87584,162873,105737,107631
2025-08-30,KRPUS,port1065,Busan,40,59,161377,185772,145880,155556
2025-08-30,NLRTM,port1114,Rotterdam,19,69,83925,541086,78342,169284
2025-08-30,PLGDN,port380,Gdansk,2,4,33998,35214,9386,9386
2025-08-30,SGSIN,port1201,Singapore,39,122,429258,1117729,684090,1048851
2025-08-30,TRMER,port735,Mersin,3,4,17046,17046,170,170
2025-08-30,UAODS,port843,Odessa,0,0,0,0,0,0
2025-08-30,USLGB,port664,Los Angeles-Long Beach,6,10,527374,587856,0,5480
2025-08-30,USNYC,port815,New York-New Jersey,7,9,191412,272922,50332,50332
2025-08-31,AEJEA,port744,Jebel Ali,12,22,338974,379218,196943,208573
2025-08-31,BRSSZ,port1160,Santos,8,17,108214,136447,143341,213996
2025-08-31,CNSHA,port1188,Shanghai,29,112,532382,1613322,255882,442267
2025-08-31,CNSZX,port1414,Yantian,12,12,31370,31370,120112,120112
2025-08-31,DEHAM,port446,Hamburg,13,20,301222,306898,127092,188638
2025-08-31,EGALY,port23,Alexandria,5,13,29709,127265,84599,88915
2025-08-31,GBFXT,port343,Felixstowe,3,3,48012,48012,0,0
2025-08-31,INNSA,port776,Mumbai-Jawaharlal Nehru (Nhava Sheva),6,14,61144,297490,141117,152693
2025-08-31,KRPUS,port1065,Busan,29,58,161082,204477,252786,275091
2025-08-31,NLRTM,port1114,Rotterdam,19,70,173459,641139,102139,229728
2025-08-31,PLGDN,port380,Gdansk,1,10,13373,164643,0,8305
2025-08-31,SGSIN,port1201,Singapore,45,116,790607,1003559,1180268,1563687
2025-08-31,TRMER,port735,Mersin,3,8,8549,32047,39465,45235
2025-08-31,UAODS,port843,Odessa,0,0,0,0,0,0
2025-08-31,USLGB,port664,Los Angeles-Long Beach,5,9,259128,271878,39531,47879
2025-08-31,USNYC,port815,New York-New Jersey,5,10,78708,169002,81776,138605
2025-09-01,AEJEA,port744,Jebel Ali,17,28,289220,375815,354338,364956
2025-09-01,BRSSZ,port1160,Santos,4,21,9930,66254,76441,464301
2025-09-01,CNSHA,port1188,Shanghai,40,133,454375,1300611,419862,751432
2025-09-01,CNSZX,port1414,Yantian,10,11,8899,9803,101032,101937
2025-09-01,DEHAM,port446,Hamburg,11,18,237952,241710,213619,219456
2025-09-01,EGALY,port23,Alexandria,2,14,0,137005,34096,45329
2025-09-01,GBFXT,port343,Felixstowe,1,5,32258,33137,0,335
2025-09-01,INNSA,port776,Mumbai-Jawaharlal Nehru (Nhava Sheva),2,16,61973,298373,65049,81274
2025-09-01,KRPUS,port1065,Busan,35,56,150860,202485,138240,146141
2025-09-01,NLRTM,port1114,Rotterdam,21,77,311182,1090238,187811,274887
2025-09-01,PLGDN,port380,Gdansk,6,9,157451,163241,85470,91849
2025-09-01,SGSIN,port1201,Singapore,33,147,442712,1190671,603280,1042492
2025-09-01,TRMER,port735,Mersin,3,4,1859,1859,19183,21106
2025-09-01,UAODS,port843,Odessa,0,0,0,0,0,0
2025-09-01,USLGB,port664,Los Angeles-Long Beach,2,8,209633,411559,0,1570
2025-09-01,USNYC,port815,New York-New Jersey,2,5,103822,196585,5636,6268
2025-09-02,AEJEA,port744,Jebel Ali,15,25,189519,223010,561142,631164
2025-09-02,BRSSZ,port1160,Santos,6,16,51789,144636,31584,390330
2025-09-02,CNSHA,port1188,Shanghai,36,115,440181,965499,348794,753258
2025-09-02,CNSZX,port1414,Yantian,11,12,2194,2194,120795,120795
2025-09-02,DEHAM,port446,Hamburg,8,17,136392,145550,80516,158787
2025-09-02,EGALY,port23,Alexandria,6,12,130989,183453,37161,46457
2025-09-02,GBFXT,port343,Felixstowe,2,5,55906,60524,13226,14186
2025-09-02,INNSA,port776,Mumbai-Jawaharlal Nehru (Nhava Sheva),2,8,64609,80254,32524,90262
2025-09-02,KRPUS,port1065,Busan,35,57,255078,284031,146484,159189
2025-09-02,NLRTM,port1114,Rotterdam,14,92,101558,865378,47593,282965
2025-09-02,PLGDN,port380,Gdansk,2,12,123940,394816,4911,12717
2025-09-02,SGSIN,port1201,Singapore,39,111,827999,1448030,484086,928759
2025-09-02,TRMER,port735,Mersin,3,7,9463,17724,13466,13466
2025-09-02,UAODS,port843,Odessa,0,0,0,0,0,0
2025-09-02,USLGB,port664,Los Angeles-Long Beach,8,13,336032,406772,228661,228661
2025-09-02,USNYC,port815,New York-New Jersey,11,14,283330,350307,17309,17309
2025-09-03,AEJEA,port744,Jebel Ali,14,23,293458,328990,88012,89403
2025-09-03,BRSSZ,port1160,Santos,8,18,70985,123678,61593,340703
2025-09-03,CNSHA,port1188,Shanghai,41,125,535421,925129,450781,748110
2025-09-03,CNSZX,port1414,Yantian,11,13,6930,7835,112095,112999
2025-09-03,DEHAM,port446,Hamburg,11,18,120042,250030,35375,36423
2025-09-03,EGALY,port23,Alexandria,4,10,8590,106101,36975,51699
2025-09-03,GBFXT,port343,Felixstowe,2,2,1052,1052,110079,110079
2025-09-03,INNSA,port776,Mumbai-Jawaharlal Nehru (Nhava Sheva),5,8,128885,160981,111657,114998
2025-09-03,KRPUS,port1065,Busan,29,52,131392,171191,212049,266418
2025-09-03,NLRTM,port1114,Rotterdam,19,95,102068,968909,97286,237006
2025-09-03,PLGDN,port380,Gdansk,1,9,0,8527,11289,20336
2025-09-03,SGSIN,port1201,Singapore,45,137,904477,1663458,951207,1273688
2025-09-03,TRMER,port735,Mersin,4,7,19545,78452,25565,26659
2025-09-03,UAODS,port843,Odessa,0,0,0,0,0,0
2025-09-03,USLGB,port664,Los Angeles-Long Beach,6,12,373489,464639,217529,243133
2025-09-03,USNYC,port815,New York-New Jersey,8,15,106548,255561,45115,45115
2025-09-04,AEJEA,port744,Jebel Ali,16,27,187698,224263,231034,243730
2025-09-04,BRSSZ,port1160,Santos,8,20,45507,173038,117874,450502
2025-09-04,CNSHA,port1188,Shanghai,34,130,249095,805840,235681,773269
2025-09-04,CNSZX,port1414,Yantian,11,13,22620,31695,65052,65073
2025-09-04,DEHAM,port446,Hamburg,10,17,62872,91873,108462,192277
2025-09-04,EGALY,port23,Alexandria,3,12,19240,112523,22157,25317
2025-09-04,GBFXT,port343,Felixstowe,4,6,87781,91664,0,1192
2025-09-04,INNSA,port776,Mumbai-Jawaharlal Nehru (Nhava Sheva),2,15,61973,200264,65049,74522
2025-09-04,KRPUS,port1065,Busan,32,50,263736,284857,148622,158074
2025-09-04,NLRTM,port1114,Rotterdam,23,83,392405,759953,91978,198397
2025-09-04,PLGDN,port380,Gdansk,1,10,46843,288080,0,7411
2025-09-04,SGSIN,port1201,Singapore,42,120,866531,1223471,453919,811474
2025-09-04,TRMER,port735,Mersin,2,5,9463,10301,8798,10097
2025-09-04,UAODS,port843,Odessa,0,0,0,0,0,0
2025-09-04,USLGB,port664,Los Angeles-Long Beach,10,18,458533,769249,148242,194061
2025-09-04,USNYC,port815,New York-New Jersey,10,12,182507,235138,4713,4713
2025-09-05,AEJEA,port744,Jebel Ali,15,29,432237,583159,290132,350984
2025-09-05,BRSSZ,port1160,Santos,5,15,74788,133132,30794,199853
2025-09-05,CNSHA,port1188,Shanghai,38,124,391680,813267,430862,892672
2025-09-05,CNSZX,port1414,Yantian,9,10,31414,31414,97268,97268
2025-09-05,DEHAM,port446,Hamburg,8,14,215209,354788,55471,58665
2025-09-05,EGALY,port23,Alexandria,6,15,12105,133886,67650,95529
2025-09-05,GBFXT,port343,Felixstowe,4,6,26690,27120,0,0
2025-09-05,INNSA,port776,Mumbai-Jawaharlal Nehru (Nhava Sheva),9,13,500939,508508,231858,234879
2025-09-05,KRPUS,port1065,Busan,32,55,91421,141359,196977,207113
2025-09-05,NLRTM,port1114,Rotterdam,21,90,87946,463909,157609,479676
2025-09-05,PLGDN,port380,Gdansk,2,8,28959,55448,0,131
2025-09-05,SGSIN,port1201,Singapore,44,132,332632,813393,1011734,1551606
2025-09-05,TRMER,port735,Mersin,4,8,13510,22175,7491,9237
2025-09-05,UAODS,port843,Odessa,0,0,0,0,0,0
2025-09-05,USLGB,port664,Los Angeles-Long Beach,3,5,368058,372745,19535,84375
2025-09-05,USNYC,port815,New York-New Jersey,6,10,51319,158608,75510,106465
2025-09-06,AEJEA,port744,Jebel Ali,11,20,265355,355982,94596,134939
2025-09-06,BRSSZ,port1160,Santos,8,11,61187,79691,64277,130629
2025-09-06,CNSHA,port1188,Shanghai,38,114,240574,640002,336308,720406
2025-09-06,CNSZX,port1414,Yantian,13,14,5515,6420,155272,156177
2025-09-06,DEHAM,port446,Hamburg,8,13,127130,141904,60535,73603
2025-09-06,EGALY,port23,Alexandria,5,8,80955,110774,18763,23080
2025-09-06,GBFXT,port343,Felixstowe,4,5,15791,15791,9842,9842
2025-09-06,INNSA,port776,Mumbai-Jawaharlal Nehru (Nhava Sheva),5,13,171490,239506,220259,225539
2025-09-06,KRPUS,port1065,Busan,33,42,108216,121177,185792,190690
2025-09-06,NLRTM,port1114,Rotterdam,16,73,39649,888088,221852,315686
2025-09-06,PLGDN,port380,Gdansk,3,9,5095,182561,26182,44115
2025-09-06,SGSIN,port1201,Singapore,39,135,725220,1366050,814813,1168252
2025-09-06,TRMER,port735,Mersin,5,17,16315,83990,79699,99055
2025-09-06,UAODS,port843,Odessa,0,0,0,0,0,0
2025-09-06,USLGB,port664,Los Angeles-Long Beach,4,7,332906,454421,0,79103
2025-09-06,USNYC,port815,New York-New Jersey,8,16,100357,172404,65802,109147
2025-09-07,AEJEA,port744,Jebel Ali,15,27,248354,434284,296313,298179
2025-09-07,BRSSZ,port1160,Santos,8,14,33411,34349,167360,229621
2025-09-07,CNSHA,port1188,Shanghai,36,110,279996,771734,327235,602861
2025-09-07,CNSZX,port1414,Yantian,1,1,17306,17306,0,0
2025-09-07,DEHAM,port446,Hamburg,8,17,56587,249437,102433,120792
2025-09-07,EGALY,port23,Alexandria,4,10,25771,54666,20127,67167
2025-09-07,GBFXT,port343,Felixstowe,2,3,0,4661,93857,93857
2025-09-07,INNSA,port776,Mumbai-Jawaharlal Nehru (Nhava Sheva),6,12,181733,234391,191580,192110
2025-09-07,KRPUS,port1065,Busan,31,50,156674,185940,117797,155987
2025-09-07,NLRTM,port1114,Rotterdam,20,71,108843,390065,76526,187934
2025-09-07,PLGDN,port380,Gdansk,5,13,38005,163900,27211,28705
2025-09-07,SGSIN,port1201,Singapore,48,119,1016766,1672242,800253,1082207
2025-09-07,TRMER,port735,Mersin,4,6,29395,31066,43375,43375
2025-09-07,UAODS,port843,Odessa,0,0,0,0,0,0
2025-09-07,USLGB,port664,Los Angeles-Long Beach,2,6,69626,83512,34947,183849
2025-09-07,USNYC,port815,New York-New Jersey,3,6,67750,110412,116268,116268
2025-09-08,AEJEA,port744,Jebel Ali,13,27,245573,455614,111555,124312
2025-09-08,BRSSZ,port1160,Santos,5,16,5390,31268,36879,258245
2025-09-08,CNSHA,port1188,Shanghai,36,147,259947,1216424,305704,1082546
2025-09-08,CNSZX,port1414,Yantian,5,5,0,0,76799,76799
2025-09-08,DEHAM,port446,Hamburg,12,20,195675,282885,47662,71419
2025-09-08,EGALY,port23,Alexandria,5,16,26878,133254,124779,141561
2025-09-08,GBFXT,port343,Felixstowe,3,5,100916,101388,0,906
2025-09-08,INNSA,port776,Mumbai-Jawaharlal Nehru (Nhava Sheva),3,10,275796,339413,65049,68920
2025-09-08,KRPUS,port1065,Busan,44,75,219229,291862,202918,250173
2025-09-08,NLRTM,port1114,Rotterdam,21,82,205307,405390,120946,239154
2025-09-08,PLGDN,port380,Gdansk,2,10,0,119564,36319,73207
2025-09-08,SGSIN,port1201,Singapore,31,138,640767,1460333,616158,1229494
2025-09-08,TRMER,port735,Mersin,3,6,0,3173,60010,60010
2025-09-08,UAODS,port843,Odessa,0,0,0,0,0,0
2025-09-08,USLGB,port664,Los Angeles-Long Beach,6,7,252143,252143,0,0
2025-09-08,USNYC,port815,New York-New Jersey,7,11,124310,228849,81506,81506
2025-09-09,AEJEA,port744,Jebel Ali,11,20,237840,463917,165810,168557
2025-09-09,BRSSZ,port1160,Santos,4,18,49644,251103,36192,326092
2025-09-09,CNSHA,port1188,Shanghai,34,114,513246,1172000,418202,827920
2025-09-09,CNSZX,port1414,Yantian,14,16,11000,19787,84293,85197
2025-09-09,DEHAM,port446,Hamburg,11,20,288886,418817,84166,94976
2025-09-09,EGALY,port23,Alexandria,2,8,8590,65344,26220,29193
2025-09-09,GBFXT,port343,Felixstowe,3,6,26168,34233,16241,16241
2025-09-09,INNSA,port776,Mumbai-Jawaharlal Nehru (Nhava Sheva),4,12,288707,440941,117348,165561
2025-09-09,KRPUS,port1065,Busan,30,51,287856,305486,144183,153864
2025-09-09,NLRTM,port1114,Rotterdam,21,80,368219,853590,106360,258948
2025-09-09,PLGDN,port380,Gdansk,2,8,20520,166427,15594,17050
2025-09-09,SGSIN,port1201,Singapore,42,121,366098,909181,1012746,1283109
2025-09-09,TRMER,port735,Mersin,2,4,17878,17878,0,0
2025-09-09,UAODS,port843,Odessa,0,0,0,0,0,0
2025-09-09,USLGB,port664,Los Angeles-Long Beach,6,7,261698,261698,0,7166
2025-09-09,USNYC,port815,New York-New Jersey,7,11,166599,192774,237126,237452
2025-09-10,AEJEA,port744,Jebel Ali,14,25,366646,537597,146301,176266
2025-09-10,BRSSZ,port1160,Santos,7,19,57390,93289,97381,445803
2025-09-10,CNSHA,port1188,Shanghai,31,105,507703,956085,233005,619463
2025-09-10,CNSZX,port1414,Yantian,13,14,16256,16256,140803,145030
2025-09-10,DEHAM,port446,Hamburg,9,20,51223,116799,67378,88897
2025-09-10,EGALY,port23,Alexandria,5,10,60675,191767,6254,17933
2025-09-10,GBFXT,port343,Felixstowe,0,1,0,3882,0,0
2025-09-10,INNSA,port776,Mumbai-Jawaharlal Nehru (Nhava Sheva),6,13,166099,360301,238573,246663
2025-09-10,KRPUS,port1065,Busan,31,45,146117,174233,162983,165451
2025-09-10,NLRTM,port1114,Rotterdam,17,72,102669,678590,144889,297657
2025-09-10,PLGDN,port380,Gdansk,5,11,156239,356575,35360,36831
2025-09-10,SGSIN,port1201,Singapore,34,126,830527,1263089,754805,1014985
2025-09-10,TRMER,port735,Mersin,3,6,24995,40958,8097,8494
2025-09-10,UAODS,port843,Odessa,0,0,0,0,0,0
2025-09-10,USLGB,port664,Los Angeles-Long Beach,9,13,798660,984707,0,21028
2025-09-10,USNYC,port815,New York-New Jersey,7,10,230600,386341,2704,2704
2025-09-11,AEJEA,port744,Jebel Ali,16,32,264042,495714,229252,275857
2025-09-11,BRSSZ,port1160,Santos,7,11,34096,34096,91958,270238
2025-09-11,CNSHA,port1188,Shanghai,40,123,463135,1118610,348812,537009
2025-09-11,CNSZX,port1414,Yantian,9,12,3243,4147,144533,145438
2025-09-11,DEHAM,port446,Hamburg,16,22,134702,137197,147653,151163
2025-09-11,EGALY,port23,Alexandria,7,10,230477,276586,33947,35245
2025-09-11,GBFXT,port343,Felixstowe,1,2,53726,54977,0,0
2025-09-11,INNSA,port776,Mumbai-Jawaharlal Nehru (Nhava Sheva),4,13,123947,196776,130099,172364
2025-09-11,KRPUS,port1065,Busan,31,48,110166,141862,253111,258916
2025-09-11,NLRTM,port1114,Rotterdam,18,81,90593,304065,79679,206750
2025-09-11,PLGDN,port380,Gdansk,1,8,7004,19228,0,11672
2025-09-11,SGSIN,port1201,Singapore,37,99,835958,1105262,558468,729458
2025-09-11,TRMER,port735,Mersin,3,11,14427,17478,8798,36671
2025-09-11,UAODS,port843,Odessa,0,0,0,0,0,0
2025-09-11,USLGB,port664,Los Angeles-Long Beach,5,11,169981,196818,310172,404573
2025-09-11,USNYC,port815,New York-New Jersey,5,8,142093,162073,470,2085
2025-09-12,AEJEA,port744,Jebel Ali,16,24,292163,310978,250173,258774
2025-09-12,BRSSZ,port1160,Santos,6,19,34521,70402,35628,437769
2025-09-12,CNSHA,port1188,Shanghai,44,114,664845,1058944,410477,859881
2025-09-12,CNSZX,port1414,Yantian,10,11,5437,5437,93120,93120
2025-09-12,DEHAM,port446,Hamburg,12,17,120772,207114,207282,212028
2025-09-12,EGALY,port23,Alexandria,4,16,17181,180058,28512,48314
2025-09-12,GBFXT,port343,Felixstowe,4,5,43169,44512,0,0
2025-09-12,INNSA,port776,Mumbai-Jawaharlal Nehru (Nhava Sheva),5,13,123947,245840,244593,291293
2025-09-12,KRPUS,port1065,Busan,36,54,99602,137228,222010,235288
2025-09-12,NLRTM,port1114,Rotterdam,14,86,139282,908895,74686,208530
2025-09-12,PLGDN,port380,Gdansk,1,4,0,32780,34061,34258
2025-09-12,SGSIN,port1201,Singapore,37,131,481158,977180,621738,1050335
2025-09-12,TRMER,port735,Mersin,5,9,37982,47136,76646,81286
2025-09-12,UAODS,port843,Odessa,0,0,0,0,0,0
2025-09-12,USLGB,port664,Los Angeles-Long Beach,6,13,412282,533453,160416,213208
2025-09-12,USNYC,port815,New York-New Jersey,7,12,68016,236164,153534,157399
2025-09-13,AEJEA,port744,Jebel Ali,16,28,350433,408870,107646,116820
2025-09-13,BRSSZ,port1160,Santos,8,17,141820,181869,30856,300079
2025-09-13,CNSHA,port1188,Shanghai,40,137,436453,1217268,425330,752227
2025-09-13,CNSZX,port1414,Yantian,9,11,29391,30296,102584,103488
2025-09-13,DEHAM,port446,Hamburg,5,9,154529,211450,82142,82937
2025-09-13,EGALY,port23,Alexandria,5,12,17056,120987,26176,29858
2025-09-13,GBFXT,port343,Felixstowe,1,2,14042,14042,0,0
2025-09-13,INNSA,port776,Mumbai-Jawaharlal Nehru (Nhava Sheva),1,5,30986,38555,32524,75378
2025-09-13,KRPUS,port1065,Busan,32,59,319415,348141,218319,229567
2025-09-13,NLRTM,port1114,Rotterdam,12,67,43121,771688,21058,86988
2025-09-13,PLGDN,port380,Gdansk,3,7,54658,223384,54111,57826
2025-09-13,SGSIN,port1201,Singapore,42,108,350902,742753,945659,1204896
2025-09-13,TRMER,port735,Mersin,5,7,17082,17082,9811,9811
2025-09-13,UAODS,port843,Odessa,0,0,0,0,0,0
2025-09-13,USLGB,port664,Los Angeles-Long Beach,4,8,325534,396819,0,8560
2025-09-13,USNYC,port815,New York-New Jersey,6,8,97113,101760,16611,16611
2025-09-14,AEJEA,port744,Jebel Ali,16,29,325441,586211,401845,409136
2025-09-14,BRSSZ,port1160,Santos,6,17,55041,134510,165944,536718
2025-09-14,CNSHA,port1188,Shanghai,41,115,618206,1109565,301083,773970
2025-09-14,CNSZX,port1414,Yantian,9,9,22607,22607,95971,95971
2025-09-14,DEHAM,port446,Hamburg,9,11,27946,100774,330181,330181
2025-09-14,EGALY,port23,Alexandria,3,9,0,14217,13691,18912
2025-09-14,GBFXT,port343,Felixstowe,4,5,40071,41831,13226,13226
2025-09-14,INNSA,port776,Mumbai-Jawaharlal Nehru (Nhava Sheva),2,7,61973,155609,65049,65049
2025-09-14,KRPUS,port1065,Busan,34,57,138112,178223,208804,220515
2025-09-14,NLRTM,port1114,Rotterdam,26,92,189508,772613,159549,400095
2025-09-14,PLGDN,port380,Gdansk,6,13,21943,29375,204790,205994
2025-09-14,SGSIN,port1201,Singapore,39,120,916856,1261314,906088,1282218
2025-09-14,TRMER,port735,Mersin,4,8,51529,62628,12514,18788
2025-09-14,UAODS,port843,Odessa,0,0,0,0,0,0
2025-09-14,USLGB,port664,Los Angeles-Long Beach,5,10,290784,544811,64320,95149
2025-09-14,USNYC,port815,New York-New Jersey,7,11,209659,293777,16943,16943
2025-09-15,AEJEA,port744,Jebel Ali,13,29,77876,286077,213749,327641
2025-09-15,BRSSZ,port1160,Santos,5,16,34015,159896,69867,234899
2025-09-15,CNSHA,port1188,Shanghai,44,122,403868,1094333,428063,720109
2025-09-15,CNSZX,port1414,Yantian,12,14,10456,11360,122024,122928
2025-09-15,DEHAM,port446,Hamburg,8,15,30626,69599,130881,161700
2025-09-15,EGALY,port23,Alexandria,6,11,44308,96805,17965,25963
2025-09-15,GBFXT,port343,Felixstowe,0,1,0,472,0,58
2025-09-15,INNSA,port776,Mumbai-Jawaharlal Nehru (Nhava Sheva),3,10,92960,181199,97574,102054
2025-09-15,KRPUS,port1065,Busan,35,59,163275,191745,171068,191581
2025-09-15,NLRTM,port1114,Rotterdam,11,56,61860,405338,20503,87905
2025-09-15,PLGDN,port380,Gdansk,2,8,85639,219573,0,2134
2025-09-15,SGSIN,port1201,Singapore,41,131,595245,873508,712554,1023679
2025-09-15,TRMER,port735,Mersin,3,11,20818,21588,7172,14034
2025-09-15,UAODS,port843,Odessa,0,0,0,0,0,0
2025-09-15,USLGB,port664,Los Angeles-Long Beach,6,9,303617,327870,19535,116333
2025-09-15,USNYC,port815,New York-New Jersey,6,8,247103,285699,0,0
2025-09-16,AEJEA,port744,Jebel Ali,11,21,42718,127517,271715,290949
2025-09-16,BRSSZ,port1160,Santos,4,17,54363,111750,0,294682
2025-09-16,CNSHA,port1188,Shanghai,31,116,243959,823149,222495,541983
2025-09-16,CNSZX,port1414,Yantian,8,9,0,3203,48929,48929
2025-09-16,DEHAM,port446,Hamburg,10,20,201395,502145,134791,135728
2025-09-16,EGALY,port23,Alexandria,3,8,15614,61059,11248,21768
2025-09-16,GBFXT,port343,Felixstowe,3,6,44567,51286,13226,13226
2025-09-16,INNSA,port776,Mumbai-Jawaharlal Nehru (Nhava Sheva),2,16,26799,379724,181194,226414
2025-09-16,KRPUS,port1065,Busan,35,53,158558,228492,163585,173945
2025-09-16,NLRTM,port1114,Rotterdam,13,68,104068,827174,40484,256577
2025-09-16,PLGDN,port380,Gdansk,2,10,6943,307154,213435,217385
2025-09-16,SGSIN,port1201,Singapore,39,134,659691,1712525,615652,970556
2025-09-16,TRMER,port735,Mersin,6,10,64271,73746,20241,25794
2025-09-16,UAODS,port843,Odessa,0,0,0,0,0,0
2025-09-16,USLGB,port664,Los Angeles-Long Beach,5,10,405834,468911,0,2826
2025-09-16,USNYC,port815,New York-New Jersey,4,8,61211,86303,31044,31044
2025-09-17,AEJEA,port744,Jebel Ali,14,26,249741,355208,200615,238457
2025-09-17,BRSSZ,port1160,Santos,6,13,34725,50393,139356,310698
2025-09-17,CNSHA,port1188,Shanghai,34,101,417188,987433,315004,765410
2025-09-17,CNSZX,port1414,Yantian,10,11,4389,5293,188652,189557
2025-09-17,DEHAM,port446,Hamburg,6,12,114317,115055,33628,54672
2025-09-17,EGALY,port23,Alexandria,5,8,11105,90511,62021,62021
2025-09-17,GBFXT,port343,Felixstowe,2,4,26070,29629,169064,169064
2025-09-17,INNSA,port776,Mumbai-Jawaharlal Nehru (Nhava Sheva),4,8,123947,163294,130099,135881
2025-09-17,KRPUS,port1065,Busan,32,55,324337,356013,106790,113007
2025-09-17,NLRTM,port1114,Rotterdam,22,93,118750,961287,93630,406578
2025-09-17,PLGDN,port380,Gdansk,2,12,134937,149185,0,18403
2025-09-17,SGSIN,port1201,Singapore,44,122,918380,1230179,849385,1105644
2025-09-17,TRMER,port735,Mersin,3,6,69146,71926,34451,35750
2025-09-17,UAODS,port843,Odessa,0,0,0,0,0,0
2025-09-17,USLGB,port664,Los Angeles-Long Beach,7,12,430484,660391,142094,212797
2025-09-17,USNYC,port815,New York-New Jersey,8,10,165806,299190,13681,13681
2025-09-18,AEJEA,port744,Jebel Ali,18,31,276655,293841,289514,343731
2025-09-18,BRSSZ,port1160,Santos,8,23,104938,124108,116060,557069
2025-09-18,CNSHA,port1188,Shanghai,37,111,461759,964578,286276,596688
2025-09-18,CNSZX,port1414,Yantian,7,7,0,0,45543,45543
2025-09-18,DEHAM,port446,Hamburg,9,20,161115,187696,154458,164142
2025-09-18,EGALY,port23,Alexandria,3,11,17181,72449,19030,33539
2025-09-18,GBFXT,port343,Felixstowe,2,2,87852,87852,0,0
2025-09-18,INNSA,port776,Mumbai-Jawaharlal Nehru (Nhava Sheva),4,13,92960,231576,130018,137587
2025-09-18,KRPUS,port1065,Busan,29,56,177829,217348,157282,180837
2025-09-18,NLRTM,port1114,Rotterdam,23,93,91150,811610,236361,413921
2025-09-18,PLGDN,port380,Gdansk,2,5,18449,129026,15594,18388
2025-09-18,SGSIN,port1201,Singapore,44,132,692545,919853,734264,1149800
2025-09-18,TRMER,port735,Mersin,2,6,0,4057,6841,9518
2025-09-18,UAODS,port843,Odessa,0,0,0,0,0,0
2025-09-18,USLGB,port664,Los Angeles-Long Beach,9,14,391643,441047,197570,511020
2025-09-18,USNYC,port815,New York-New Jersey,9,14,269568,393057,89114,90990
2025-09-19,AEJEA,port744,Jebel Ali,17,30,378126,513879,219536,226827
2025-09-19,BRSSZ,port1160,Santos,8,15,134202,145493,67289,252283
2025-09-19,CNSHA,port1188,Shanghai,37,140,246199,903624,337141,1144336
2025-09-19,CNSZX,port1414,Yantian,0,0,0,0,0,0
2025-09-19,DEHAM,port446,Hamburg,10,17,93349,197336,90069,93625
2025-09-19,EGALY,port23,Alexandria,0,0,0,0,0,0
2025-09-19,GBFXT,port343,Felixstowe,4,6,57160,60138,73076,74080
2025-09-19,INNSA,port776,Mumbai-Jawaharlal Nehru (Nhava Sheva),4,8,61973,132393,104306,109927
2025-09-19,KRPUS,port1065,Busan,32,51,201123,220444,197089,208810
2025-09-19,NLRTM,port1114,Rotterdam,21,81,255081,465579,174755,340208
2025-09-19,PLGDN,port380,Gdansk,2,10,19023,222315,73031,82121
2025-09-19,SGSIN,port1201,Singapore,41,128,1032261,1309576,784951,1187023
2025-09-19,TRMER,port735,Mersin,3,6,95306,104460,0,2242
2025-09-19,UAODS,port843,Odessa,0,0,0,0,0,0
2025-09-19,USLGB,port664,Los Angeles-Long Beach,5,9,226479,276814,140025,140059
2025-09-19,USNYC,port815,New York-New Jersey,6,6,45101,45101,63583,63583
2025-09-20,AEJEA,port744,Jebel Ali,15,32,375176,599784,157362,192649
2025-09-20,BRSSZ,port1160,Santos,6,18,49071,183067,44476,232426
2025-09-20,CNSHA,port1188,Shanghai,42,129,347366,1355030,495649,972621
2025-09-20,CNSZX,port1414,Yantian,15,18,29875,38590,135888,136792
2025-09-20,DEHAM,port446,Hamburg,9,15,102684,139089,223652,278235
2025-09-20,EGALY,port23,Alexandria,6,16,136215,187339,28005,64796
2025-09-20,GBFXT,port343,Felixstowe,0,1,0,0,0,0
2025-09-20,INNSA,port776,Mumbai-Jawaharlal Nehru (Nhava Sheva),4,9,268401,461461,65049,85436
2025-09-20,KRPUS,port1065,Busan,32,57,79815,111616,252272,270124
2025-09-20,NLRTM,port1114,Rotterdam,22,84,458024,956469,77304,182141
2025-09-20,PLGDN,port380,Gdansk,4,8,189379,196285,32374,32782
2025-09-20,SGSIN,port1201,Singapore,41,121,915330,1619443,1167301,1535844
2025-09-20,TRMER,port735,Mersin,5,7,44732,53049,1270,2213
2025-09-20,UAODS,port843,Odessa,0,0,0,0,0,0
2025-09-20,USLGB,port664,Los Angeles-Long Beach,1,7,71931,309170,0,2826
2025-09-20,USNYC,port815,New York-New Jersey,9,12,216170,250934,59252,70092
2025-09-21,AEJEA,port744,Jebel Ali,13,21,296842,367277,231075,233497
2025-09-21,BRSSZ,port1160,Santos,5,14,42833,85465,94127,363176
2025-09-21,CNSHA,port1188,Shanghai,41,123,386375,955313,411800,833942
2025-09-21,CNSZX,port1414,Yantian,4,4,0,0,26211,26211
2025-09-21,DEHAM,port446,Hamburg,11,17,252189,258091,197588,257364
2025-09-21,EGALY,port23,Alexandria,5,9,17181,55632,33142,81877
2025-09-21,GBFXT,port343,Felixstowe,2,3,16937,16937,0,0
2025-09-21,INNSA,port776,Mumbai-Jawaharlal Nehru (Nhava Sheva),4,9,47167,115127,97269,99164
2025-09-21,KRPUS,port1065,Busan,31,47,104180,131222,191171,200750
2025-09-21,NLRTM,port1114,Rotterdam,9,60,31619,606332,63039,130118
2025-09-21,PLGDN,port380,Gdansk,5,13,27956,267318,128429,135918
2025-09-21,SGSIN,port1201,Singapore,33,128,502615,837746,409943,905800
2025-09-21,TRMER,port735,Mersin,5,6,54487,54487,1475,3241
2025-09-21,UAODS,port843,Odessa,0,0,0,0,0,0
2025-09-21,USLGB,port664,Los Angeles-Long Beach,8,11,515105,650602,39071,41897
2025-09-21,USNYC,port815,New York-New Jersey,7,16,202160,310648,71977,101532
2025-09-22,AEJEA,port744,Jebel Ali,10,22,90472,202625,154093,158182
2025-09-22,BRSSZ,port1160,Santos,7,16,60746,191149,110003,268163
2025-09-22,CNSHA,port1188,Shanghai,45,145,599002,1653951,431675,981357
2025-09-22,CNSZX,port1414,Yantian,0,0,0,0,0,0
2025-09-22,DEHAM,port446,Hamburg,7,17,52433,175535,83841,101998
2025-09-22,EGALY,port23,Alexandria,4,20,11172,225534,100719,132161
2025-09-22,GBFXT,port343,Felixstowe,3,5,54831,56422,0,58
2025-09-22,INNSA,port776,Mumbai-Jawaharlal Nehru (Nhava Sheva),4,7,123947,199952,130099,132393
2025-09-22,KRPUS,port1065,Busan,32,56,79191,181339,196148,203778
2025-09-22,NLRTM,port1114,Rotterdam,27,94,145730,333893,146157,413835
2025-09-22,PLGDN,port380,Gdansk,4,15,77864,335944,67408,97148
2025-09-22,SGSIN,port1201,Singapore,43,149,519761,850414,905872,1432030
2025-09-22,TRMER,port735,Mersin,6,10,107124,128086,45966,53112
2025-09-22,UAODS,port843,Odessa,0,0,0,0,0,0
2025-09-22,USLGB,port664,Los Angeles-Long Beach,2,7,0,37475,145950,165474
2025-09-22,USNYC,port815,New York-New Jersey,7,10,101953,220827,41514,41514
2025-09-23,AEJEA,port744,Jebel Ali,13,27,178619,375222,300651,317908
2025-09-23,BRSSZ,port1160,Santos,5,10,68976,123560,48952,167817
2025-09-23,CNSHA,port1188,Shanghai,39,124,595337,1000050,418065,939971
2025-09-23,CNSZX,port1414,Yantian,0,0,0,0,0,0
2025-09-23,DEHAM,port446,Hamburg,18,27,475570,548638,112490,121886
2025-09-23,EGALY,port23,Alexandria,5,13,9014,12730,30300,73645
2025-09-23,GBFXT,port343,Felixstowe,3,7,42850,48073,13226,13948
2025-09-23,INNSA,port776,Mumbai-Jawaharlal Nehru (Nhava Sheva),2,8,57785,112554,61480,64300
2025-09-23,KRPUS,port1065,Busan,38,62,249952,294608,171422,184454
2025-09-23,NLRTM,port1114,Rotterdam,18,82,113646,1153576,105651,191790
2025-09-23,PLGDN,port380,Gdansk,1,10,0,153417,21591,25080
2025-09-23,SGSIN,port1201,Singapore,40,135,984972,1432902,712560,1010626
2025-09-23,TRMER,port735,Mersin,4,10,40912,55982,13046,19537
2025-09-23,UAODS,port843,Odessa,0,0,0,0,0,0
2025-09-23,USLGB,port664,Los Angeles-Long Beach,4,15,259243,474572,0,212849
2025-09-23,USNYC,port815,New York-New Jersey,7,13,261340,456892,0,32486
2025-09-24,AEJEA,port744,Jebel Ali,14,23,267960,361474,115390,116193
2025-09-24,BRSSZ,port1160,Santos,9,24,100280,252678,58285,529934
2025-09-24,CNSHA,port1188,Shanghai,39,123,302561,1035099,302905,472575
2025-09-24,CNSZX,port1414,Yantian,0,0,0,0,0,0
2025-09-24,DEHAM,port446,Hamburg,4,11,3695,4186,107612,113812
2025-09-24,EGALY,port23,Alexandria,6,10,53208,116713,26073,35205
2025-09-24,GBFXT,port343,Felixstowe,2,4,5430,11700,1112,1112
2025-09-24,INNSA,port776,Mumbai-Jawaharlal Nehru (Nhava Sheva),5,14,123947,226821,134194,138429
2025-09-24,KRPUS,port1065,Busan,23,40,119381,134391,163428,178052
2025-09-24,NLRTM,port1114,Rotterdam,18,87,224447,614550,151366,373168
2025-09-24,PLGDN,port380,Gdansk,4,8,3301,5623,98635,99264
2025-09-24,SGSIN,port1201,Singapore,40,111,759339,1395998,616999,837007
2025-09-24,TRMER,port735,Mersin,5,9,13574,35316,80779,83186
2025-09-24,UAODS,port843,Odessa,0,0,0,0,0,0
2025-09-24,USLGB,port664,Los Angeles-Long Beach,8,10,531201,532719,201098,201131
2025-09-24,USNYC,port815,New York-New Jersey,5,9,65966,71051,9174,14334
2025-09-25,AEJEA,port744,Jebel Ali,17,26,491187,512350,264157,278502
2025-09-25,BRSSZ,port1160,Santos,5,10,46835,46835,98701,226550
2025-09-25,CNSHA,port1188,Shanghai,38,116,509166,1578868,283378,518147
2025-09-25,CNSZX,port1414,Yantian,14,15,4389,5293,164909,165813
2025-09-25,DEHAM,port446,Hamburg,8,16,68250,150080,49756,56857
2025-09-25,EGALY,port23,Alexandria,2,14,13008,135714,80045,89676
2025-09-25,GBFXT,port343,Felixstowe,5,6,30378,37795,80966,80966
2025-09-25,INNSA,port776,Mumbai-Jawaharlal Nehru (Nhava Sheva),3,7,61973,136129,80046,80046
2025-09-25,KRPUS,port1065,Busan,35,57,226397,256612,143251,153808
2025-09-25,NLRTM,port1114,Rotterdam,21,91,345305,1453055,176798,386662
2025-09-25,PLGDN,port380,Gdansk,3,13,63253,424614,10609,14991
2025-09-25,SGSIN,port1201,Singapore,42,153,656418,1110821,739618,1411773
2025-09-25,TRMER,port735,Mersin,5,7,27708,32258,2508,2508
2025-09-25,UAODS,port843,Odessa,0,0,0,0,0,0
2025-09-25,USLGB,port664,Los Angeles-Long Beach,7,11,433766,530926,47795,130565
2025-09-25,USNYC,port815,New York-New Jersey,9,11,182073,270982,39535,39535
2025-09-26,AEJEA,port744,Jebel Ali,15,26,365530,400987,208689,251517
2025-09-26,BRSSZ,port1160,Santos,7,15,49197,80889,136058,268323
2025-09-26,CNSHA,port1188,Shanghai,41,115,376200,1082844,353576,632789
2025-09-26,CNSZX,port1414,Yantian,8,9,7459,7459,95624,95624
2025-09-26,DEHAM,port446,Hamburg,8,16,185270,236555,46440,75052
2025-09-26,EGALY,port23,Alexandria,4,14,17831,94807,3328,11317
2025-09-26,GBFXT,port343,Felixstowe,3,3,50531,50531,0,0
2025-09-26,INNSA,port776,Mumbai-Jawaharlal Nehru (Nhava Sheva),5,12,92960,188274,317405,345710
2025-09-26,KRPUS,port1065,Busan,34,54,206746,242774,231505,242484
2025-09-26,NLRTM,port1114,Rotterdam,19,85,156652,665120,75731,225386
2025-09-26,PLGDN,port380,Gdansk,3,7,175572,175926,38817,41779
2025-09-26,SGSIN,port1201,Singapore,37,123,814816,1626078,870964,1262115
2025-09-26,TRMER,port735,Mersin,2,4,42990,42990,5581,30326
2025-09-26,UAODS,port843,Odessa,0,0,0,0,0,0
2025-09-26,USLGB,port664,Los Angeles-Long Beach,7,13,531574,575104,233317,236288
2025-09-26,USNYC,port815,New York-New Jersey,7,7,157280,157280,34555,34555
2025-09-27,AEJEA,port744,Jebel Ali,15,22,310432,319111,259159,261528
2025-09-27,BRSSZ,port1160,Santos,6,13,110787,110787,28967,265114
2025-09-27,CNSHA,port1188,Shanghai,34,128,399472,1148692,341282,772829
2025-09-27,CNSZX,port1414,Yantian,12,12,16762,16762,90097,90097
2025-09-27,DEHAM,port446,Hamburg,11,17,139187,184471,177520,178830
2025-09-27,EGALY,port23,Alexandria,7,14,27838,94340,203029,217718
2025-09-27,GBFXT,port343,Felixstowe,4,4,30886,30886,22764,22764
2025-09-27,INNSA,port776,Mumbai-Jawaharlal Nehru (Nhava Sheva),1,10,30986,68190,32524,84163
2025-09-27,KRPUS,port1065,Busan,38,58,87279,115097,210006,223908
2025-09-27,NLRTM,port1114,Rotterdam,13,73,137079,560076,104994,351711
2025-09-27,PLGDN,port380,Gdansk,2,9,52519,289068,0,7246
2025-09-27,SGSIN,port1201,Singapore,46,120,977546,1362259,600483,794518
2025-09-27,TRMER,port735,Mersin,4,8,37344,37346,142538,151134
2025-09-27,UAODS,port843,Odessa,0,0,0,0,0,0
2025-09-27,USLGB,port664,Los Angeles-Long Beach,5,10,295820,366724,0,525
2025-09-27,USNYC,port815,New York-New Jersey,9,14,98312,201965,28299,66188
2025-09-28,AEJEA,port744,Jebel Ali,15,30,232253,405682,367106,441764
2025-09-28,BRSSZ,port1160,Santos,5,16,64996,171697,49777,354267
2025-09-28,CNSHA,port1188,Shanghai,35,119,268679,838885,340008,844804
2025-09-28,CNSZX,port1414,Yantian,11,12,12827,12827,173691,173691
2025-09-28,DEHAM,port446,Hamburg,13,20,197276,239602,301858,315485
2025-09-28,EGALY,port23,Alexandria,4,9,31916,147403,17312,19601
2025-09-28,GBFXT,port343,Felixstowe,3,4,21551,23300,219086,219086
2025-09-28,INNSA,port776,Mumbai-Jawaharlal Nehru (Nhava Sheva),3,11,92960,160421,97574,99558
2025-09-28,KRPUS,port1065,Busan,32,61,236936,280071,141319,166423
2025-09-28,NLRTM,port1114,Rotterdam,20,78,37305,741663,337148,448281
2025-09-28,PLGDN,port380,Gdansk,4,10,31787,73349,49284,52628
2025-09-28,SGSIN,port1201,Singapore,29,102,635890,1230829,267222,512896
2025-09-28,TRMER,port735,Mersin,4,8,20753,23350,20072,24037
2025-09-28,UAODS,port843,Odessa,0,0,0,0,0,0
2025-09-28,USLGB,port664,Los Angeles-Long Beach,6,9,432000,437856,19535,19535
2025-09-28,USNYC,port815,New York-New Jersey,4,9,23706,141277,85273,87107
2025-09-29,AEJEA,port744,Jebel Ali,13,21,93613,291104,349204,354004
2025-09-29,BRSSZ,port1160,Santos,6,19,9233,23376,73059,482374
2025-09-29,CNSHA,port1188,Shanghai,41,142,400474,961467,376993,764635
2025-09-29,CNSZX,port1414,Yantian,9,10,31217,32121,71177,72082
2025-09-29,DEHAM,port446,Hamburg,10,19,201557,320196,167037,175744
2025-09-29,EGALY,port23,Alexandria,3,17,30657,148944,17468,40923
2025-09-29,GBFXT,port343,Felixstowe,1,3,56496,57816,0,58
2025-09-29,INNSA,port776,Mumbai-Jawaharlal Nehru (Nhava Sheva),4,10,130993,153175,97574,100804
2025-09-29,KRPUS,port1065,Busan,32,51,202446,227779,124507,129179
2025-09-29,NLRTM,port1114,Rotterdam,21,82,178500,892745,87473,217674
2025-09-29,PLGDN,port380,Gdansk,3,11,31083,156937,10883,35197
2025-09-29,SGSIN,port1201,Singapore,45,132,760759,1066878,1125496,1391348
2025-09-29,TRMER,port735,Mersin,2,3,0,1661,65259,65259
2025-09-29,UAODS,port843,Odessa,0,0,0,0,0,0
2025-09-29,USLGB,port664,Los Angeles-Long Beach,4,9,338287,632502,0,7391
2025-09-29,USNYC,port815,New York-New Jersey,9,15,209297,353221,22774,26005
2025-09-30,AEJEA,port744,Jebel Ali,11,23,225465,247593,98090,132869
2025-09-30,BRSSZ,port1160,Santos,9,22,163082,196479,100486,314669
2025-09-30,CNSHA,port1188,Shanghai,33,117,287205,1088196,336140,683836
2025-09-30,CNSZX,port1414,Yantian,11,12,63619,68022,91902,91922
2025-09-30,DEHAM,port446,Hamburg,9,16,126467,210178,115294,119422
2025-09-30,EGALY,port23,Alexandria,3,4,0,5427,34472,34472
2025-09-30,GBFXT,port343,Felixstowe,2,5,12877,20266,0,0
2025-09-30,INNSA,port776,Mumbai-Jawaharlal Nehru (Nhava Sheva),4,7,115571,138804,122961,125772
2025-09-30,KRPUS,port1065,Busan,23,52,259906,309450,108735,159731
2025-09-30,NLRTM,port1114,Rotterdam,21,82,196440,1051253,112623,274771
2025-09-30,PLGDN,port380,Gdansk,3,7,140879,311609,5398,19422
2025-09-30,SGSIN,port1201,Singapore,39,120,594309,910299,707178,1001565
2025-09-30,TRMER,port735,Mersin,2,3,9463,9463,10990,10990
2025-09-30,UAODS,port843,Odessa,0,0,0,0,0,0
2025-09-30,USLGB,port664,Los Angeles-Long Beach,5,7,296947,302547,7929,7929
2025-09-30,USNYC,port815,New York-New Jersey,6,11,124393,210485,20515,24380
2025-10-01,AEJEA,port744,Jebel Ali,15,23,532968,624395,395753,414669
2025-10-01,BRSSZ,port1160,Santos,6,20,1201,22008,10819,636815
2025-10-01,CNSHA,port1188,Shanghai,31,113,336376,773263,380598,888498
2025-10-01,CNSZX,port1414,Yantian,7,9,0,4365,91343,92248
2025-10-01,DEHAM,port446,Hamburg,14,22,219724,226174,92131,108429
2025-10-01,EGALY,port23,Alexandria,3,9,16257,31681,30415,31686
2025-10-01,GBFXT,port343,Felixstowe,1,2,37173,37259,0,0
2025-10-01,INNSA,port776,Mumbai-Jawaharlal Nehru (Nhava Sheva),1,6,29813,58105,33318,36506
2025-10-01,KRPUS,port1065,Busan,37,64,169699,277214,122653,145877
2025-10-01,NLRTM,port1114,Rotterdam,16,86,358527,803627,57232,183618
2025-10-01,PLGDN,port380,Gdansk,2,12,0,99249,71263,74693
2025-10-01,SGSIN,port1201,Singapore,41,125,530065,1231126,751308,999505
2025-10-01,TRMER,port735,Mersin,2,4,0,1208,4056,5355
2025-10-01,UAODS,port843,Odessa,0,0,0,0,0,0
2025-10-01,USLGB,port664,Los Angeles-Long Beach,6,12,317139,379801,308129,313096
2025-10-01,USNYC,port815,New York-New Jersey,6,9,176807,176807,622,622
2025-10-02,AEJEA,port744,Jebel Ali,19,30,376407,413803,399408,428742
2025-10-02,BRSSZ,port1160,Santos,9,17,43111,102738,131576,195758
2025-10-02,CNSHA,port1188,Shanghai,36,111,282854,1094447,369926,945344
2025-10-02,CNSZX,port1414,Yantian,13,13,12289,12289,189657,189657
2025-10-02,DEHAM,port446,Hamburg,9,18,438433,573358,71344,88990
2025-10-02,EGALY,port23,Alexandria,5,9,233836,261242,7631,11948
2025-10-02,GBFXT,port343,Felixstowe,2,2,1890,1890,8423,8423
2025-10-02,INNSA,port776,Mumbai-Jawaharlal Nehru (Nhava Sheva),6,10,416794,422700,317916,319505
2025-10-02,KRPUS,port1065,Busan,23,42,164874,186601,114425,125492
2025-10-02,NLRTM,port1114,Rotterdam,20,102,80962,720680,198924,342028
2025-10-02,PLGDN,port380,Gdansk,3,11,25451,53644,3499,9817
2025-10-02,SGSIN,port1201,Singapore,40,137,1044766,1623765,727469,1284980
2025-10-02,TRMER,port735,Mersin,1,5,27773,62516,0,9431
2025-10-02,UAODS,port843,Odessa,0,0,0,0,0,0
2025-10-02,USLGB,port664,Los Angeles-Long Beach,5,15,271453,570029,168652,175274
2025-10-02,USNYC,port815,New York-New Jersey,8,16,135223,336167,70876,159052
2025-10-03,AEJEA,port744,Jebel Ali,11,21,155853,358167,254422,259046
2025-10-03,BRSSZ,port1160,Santos,7,16,81391,81454,126572,571463
2025-10-03,CNSHA,port1188,Shanghai,38,116,784081,1438566,323465,615600
2025-10-03,CNSZX,port1414,Yantian,10,11,6391,6391,212232,212232
2025-10-03,DEHAM,port446,Hamburg,7,15,131416,140184,253485,276745
2025-10-03,EGALY,port23,Alexandria,3,14,8128,80606,73797,96834
2025-10-03,GBFXT,port343,Felixstowe,2,3,9591,9591,107356,108059
2025-10-03,INNSA,port776,Mumbai-Jawaharlal Nehru (Nhava Sheva),2,5,18283,47370,9112,11007
2025-10-03,KRPUS,port1065,Busan,37,53,244822,276758,151976,163970
2025-10-03,NLRTM,port1114,Rotterdam,24,80,369370,447799,66854,222416
2025-10-03,PLGDN,port380,Gdansk,3,10,41627,156872,79102,83773
2025-10-03,SGSIN,port1201,Singapore,35,131,363240,888994,1253997,1701661
2025-10-03,TRMER,port735,Mersin,4,9,16828,25144,36687,40542
2025-10-03,UAODS,port843,Odessa,0,0,0,0,0,0
2025-10-03,USLGB,port664,Los Angeles-Long Beach,7,12,395740,397379,219084,221674
2025-10-03,USNYC,port815,New York-New Jersey,7,9,214618,227199,73626,73626
2025-10-04,AEJEA,port744,Jebel Ali,15,33,328968,540927,112949,162931
2025-10-04,BRSSZ,port1160,Santos,6,15,89877,185293,123522,359273
2025-10-04,CNSHA,port1188,Shanghai,33,97,556191,1028301,241860,478601
2025-10-04,CNSZX,port1414,Yantian,1,1,0,0,4149,4149
2025-10-04,DEHAM,port446,Hamburg,6,15,24309,79839,108793,132140
2025-10-04,EGALY,port23,Alexandria,4,11,19222,37999,19048,25330
2025-10-04,GBFXT,port343,Felixstowe,0,1,0,3008,0,0
2025-10-04,INNSA,port776,Mumbai-Jawaharlal Nehru (Nhava Sheva),5,12,115225,262278,173797,186570
2025-10-04,KRPUS,port1065,Busan,41,64,170245,190557,349042,357848
2025-10-04,NLRTM,port1114,Rotterdam,3,43,10610,395874,11848,78705
2025-10-04,PLGDN,port380,Gdansk,2,3,50071,51311,0,0
2025-10-04,SGSIN,port1201,Singapore,46,144,1099331,1343378,679492,1175018
2025-10-04,TRMER,port735,Mersin,2,6,0,8982,4324,33685
2025-10-04,UAODS,port843,Odessa,0,0,0,0,0,0
2025-10-04,USLGB,port664,Los Angeles-Long Beach,2,7,192690,340497,0,27349
2025-10-04,USNYC,port815,New York-New Jersey,2,5,81682,99064,7460,9076
2025-10-05,AEJEA,port744,Jebel Ali,15,25,232395,316753,310832,335368
2025-10-05,BRSSZ,port1160,Santos,4,9,55710,90420,31226,171500
2025-10-05,CNSHA,port1188,Shanghai,39,127,350636,940570,501554,1005765
2025-10-05,CNSZX,port1414,Yantian,9,9,7100,7100,137486,137486
2025-10-05,DEHAM,port446,Hamburg,5,9,78749,175625,89544,92315
2025-10-05,EGALY,port23,Alexandria,1,6,8128,40397,7631,12583
2025-10-05,GBFXT,port343,Felixstowe,1,2,14506,14506,0,573
2025-10-05,INNSA,port776,Mumbai-Jawaharlal Nehru (Nhava Sheva),2,8,37924,45419,33318,34517
2025-10-05,KRPUS,port1065,Busan,31,44,72464,105079,116261,124475
2025-10-05,NLRTM,port1114,Rotterdam,11,57,25994,431613,66339,138766
2025-10-05,PLGDN,port380,Gdansk,3,9,0,153846,99949,104118
2025-10-05,SGSIN,port1201,Singapore,40,136,1048690,1610813,576199,1097271
2025-10-05,TRMER,port735,Mersin,2,2,16303,16303,0,0
2025-10-05,UAODS,port843,Odessa,0,0,0,0,0,0
2025-10-05,USLGB,port664,Los Angeles-Long Beach,4,5,204111,206724,25747,25747
2025-10-05,USNYC,port815,New York-New Jersey,7,10,199002,296323,67919,84155
2025-10-06,AEJEA,port744,Jebel Ali,15,24,341453,429653,354579,370857
2025-10-06,BRSSZ,port1160,Santos,7,23,44196,77656,141438,630047
2025-10-06,CNSHA,port1188,Shanghai,38,115,380773,911821,334715,875099
2025-10-06,CNSZX,port1414,Yantian,10,11,17994,18899,94694,95599
2025-10-06,DEHAM,port446,Hamburg,7,13,139443,142264,96091,99470
2025-10-06,EGALY,port23,Alexandria,5,24,13450,225965,212055,245423
2025-10-06,GBFXT,port343,Felixstowe,3,7,128891,132445,0,3069
2025-10-06,INNSA,port776,Mumbai-Jawaharlal Nehru (Nhava Sheva),4,12,85411,342205,122924,166618
2025-10-06,KRPUS,port1065,Busan,24,35,77900,107000,140053,144285
2025-10-06,NLRTM,port1114,Rotterdam,22,79,458057,617450,239250,340929
2025-10-06,PLGDN,port380,Gdansk,4,10,34333,42905,20687,21727
2025-10-06,SGSIN,port1201,Singapore,33,160,359040,729699,725775,1082653
2025-10-06,TRMER,port735,Mersin,3,4,17527,20278,20334,20334
2025-10-06,UAODS,port843,Odessa,0,0,0,0,0,0
2025-10-06,USLGB,port664,Los Angeles-Long Beach,4,9,194876,341301,19439,20355
2025-10-06,USNYC,port815,New York-New Jersey,7,14,251835,334241,15432,15432
2025-10-07,AEJEA,port744,Jebel Ali,15,25,226801,256327,306112,307293
2025-10-07,BRSSZ,port1160,Santos,7,16,0,22337,233279,466713
2025-10-07,CNSHA,port1188,Shanghai,41,119,255154,798713,516255,1368052
2025-10-07,CNSZX,port1414,Yantian,9,10,3229,3229,135471,135471
2025-10-07,DEHAM,port446,Hamburg,8,17,251701,423770,7051,45007
2025-10-07,EGALY,port23,Alexandria,3,12,13992,75210,0,15156
2025-10-07,GBFXT,port343,Felixstowe,2,5,7587,14639,8592,8592
2025-10-07,INNSA,port776,Mumbai-Jawaharlal Nehru (Nhava Sheva),2,8,160891,237604,0,3340
2025-10-07,KRPUS,port1065,Busan,29,47,55728,102185,180917,203369
2025-10-07,NLRTM,port1114,Rotterdam,21,86,237176,1067692,207423,377174
2025-10-07,PLGDN,port380,Gdansk,4,10,114149,159174,62945,70112
2025-10-07,SGSIN,port1201,Singapore,44,121,966309,1433360,815594,1162059
2025-10-07,TRMER,port735,Mersin,4,8,28389,44352,10174,11156
2025-10-07,UAODS,port843,Odessa,0,0,0,0,0,0
2025-10-07,USLGB,port664,Los Angeles-Long Beach,3,9,116790,274403,0,4297
2025-10-07,USNYC,port815,New York-New Jersey,5,9,107082,239187,27955,27955
2025-10-08,AEJEA,port744,Jebel Ali,13,25,223439,379673,282308,294675
2025-10-08,BRSSZ,port1160,Santos,4,8,26833,65397,52997,52997
2025-10-08,CNSHA,port1188,Shanghai,35,110,399584,883551,265432,356955
2025-10-08,CNSZX,port1414,Yantian,9,10,2672,2672,126348,126348
2025-10-08,DEHAM,port446,Hamburg,11,13,197951,197951,66298,70746
2025-10-08,EGALY,port23,Alexandria,4,7,42404,91854,27140,34502
2025-10-08,GBFXT,port343,Felixstowe,4,4,65099,65099,16122,16122
2025-10-08,INNSA,port776,Mumbai-Jawaharlal Nehru (Nhava Sheva),3,12,59627,144348,132099,136179
2025-10-08,KRPUS,port1065,Busan,29,44,311081,327242,161998,170580
2025-10-08,NLRTM,port1114,Rotterdam,14,87,41860,639295,50244,199486
2025-10-08,PLGDN,port380,Gdansk,3,13,49430,207835,19040,21501
2025-10-08,SGSIN,port1201,Singapore,41,127,525013,1084407,896963,1295020
2025-10-08,TRMER,port735,Mersin,8,18,175853,232633,14562,22320
2025-10-08,UAODS,port843,Odessa,0,0,0,0,0,0
2025-10-08,USLGB,port664,Los Angeles-Long Beach,5,6,400653,439769,0,0
2025-10-08,USNYC,port815,New York-New Jersey,5,9,94105,98642,70725,70725
2025-10-09,AEJEA,port744,Jebel Ali,15,21,170334,175191,219660,233475
2025-10-09,BRSSZ,port1160,Santos,7,14,82533,255832,61173,94941
2025-10-09,CNSHA,port1188,Shanghai,36,132,454650,951619,283554,678053
2025-10-09,CNSZX,port1414,Yantian,11,11,7502,7502,115254,115254
2025-10-09,DEHAM,port446,Hamburg,10,22,97349,287906,25715,114040
2025-10-09,EGALY,port23,Alexandria,0,0,0,0,0,0
2025-10-09,GBFXT,port343,Felixstowe,2,3,17602,17955,6716,6716
2025-10-09,INNSA,port776,Mumbai-Jawaharlal Nehru (Nhava Sheva),5,12,149068,369363,166594,210432
2025-10-09,KRPUS,port1065,Busan,27,44,164371,187484,83827,93291
2025-10-09,NLRTM,port1114,Rotterdam,10,67,46315,533727,27801,146663
2025-10-09,PLGDN,port380,Gdansk,3,9,117978,258217,0,8244
2025-10-09,SGSIN,port1201,Singapore,47,126,1252334,1862041,765038,1074778
2025-10-09,TRMER,port735,Mersin,4,10,34327,34329,20349,40380
2025-10-09,UAODS,port843,Odessa,0,0,0,0,0,0
2025-10-09,USLGB,port664,Los Angeles-Long Beach,6,9,374813,437738,0,25385
2025-10-09,USNYC,port815,New York-New Jersey,5,12,49417,217375,68588,70203
2025-10-10,AEJEA,port744,Jebel Ali,16,26,313756,423085,197664,233587
2025-10-10,BRSSZ,port1160,Santos,8,11,132403,179547,88191,95385
2025-10-10,CNSHA,port1188,Shanghai,44,112,519197,904560,403595,790304
2025-10-10,CNSZX,port1414,Yantian,11,12,43806,43806,80067,80530
2025-10-10,DEHAM,port446,Hamburg,6,12,90305,91806,108933,113765
2025-10-10,EGALY,port23,Alexandria,5,19,29002,114033,76442,100746
2025-10-10,GBFXT,port343,Felixstowe,4,4,26979,26979,312615,312615
2025-10-10,INNSA,port776,Mumbai-Jawaharlal Nehru (Nhava Sheva),3,11,152925,194014,62981,69226
2025-10-10,KRPUS,port1065,Busan,39,67,167586,216205,193726,209454
2025-10-10,NLRTM,port1114,Rotterdam,6,74,9179,714335,18965,129630
2025-10-10,PLGDN,port380,Gdansk,2,14,17250,364280,80071,113917
2025-10-10,SGSIN,port1201,Singapore,37,123,820734,1652021,810376,1336430
2025-10-10,TRMER,port735,Mersin,6,9,28339,36429,67915,67915
2025-10-10,UAODS,port843,Odessa,0,0,0,0,0,0
2025-10-10,USLGB,port664,Los Angeles-Long Beach,6,7,440416,440416,151180,231179
2025-10-10,USNYC,port815,New York-New Jersey,11,17,309405,435913,92130,92130
2025-10-11,AEJEA,port744,Jebel Ali,14,23,331240,486111,143310,146068
2025-10-11,BRSSZ,port1160,Santos,7,19,50339,86657,99041,580778
2025-10-11,CNSHA,port1188,Shanghai,31,113,290291,659098,240360,530367
2025-10-11,CNSZX,port1414,Yantian,9,10,3633,4537,87827,88731
2025-10-11,DEHAM,port446,Hamburg,12,20,255656,420553,96173,100703
2025-10-11,EGALY,port23,Alexandria,3,11,19377,78963,10607,31702
2025-10-11,GBFXT,port343,Felixstowe,2,2,15846,15846,0,0
2025-10-11,INNSA,port776,Mumbai-Jawaharlal Nehru (Nhava Sheva),5,10,119254,178151,164664,164874
2025-10-11,KRPUS,port1065,Busan,36,57,133460,169627,153206,167780
2025-10-11,NLRTM,port1114,Rotterdam,7,68,0,372458,35285,329892
2025-10-11,PLGDN,port380,Gdansk,5,12,100914,348590,15736,21352
2025-10-11,SGSIN,port1201,Singapore,37,134,703811,1072065,533157,914173
2025-10-11,TRMER,port735,Mersin,5,10,38567,52041,0,0
2025-10-11,UAODS,port843,Odessa,0,0,0,0,0,0
2025-10-11,USLGB,port664,Los Angeles-Long Beach,6,9,335793,378468,144743,144776
2025-10-11,USNYC,port815,New York-New Jersey,9,12,127313,176696,152006,152266
2025-10-12,AEJEA,port744,Jebel Ali,12,21,162887,208473,183476,187264
2025-10-12,BRSSZ,port1160,Santos,8,18,142922,153312,41553,435669
2025-10-12,CNSHA,port1188,Shanghai,39,116,219227,692376,359366,750856
2025-10-12,CNSZX,port1414,Yantian,11,12,23468,23468,109070,109070
2025-10-12,DEHAM,port446,Hamburg,11,15,121215,127117,208706,236186
2025-10-12,EGALY,port23,Alexandria,3,4,12917,14782,36109,36109
2025-10-12,GBFXT,port343,Felixstowe,2,3,43878,45572,0,0
2025-10-12,INNSA,port776,Mumbai-Jawaharlal Nehru (Nhava Sheva),5,8,108671,143787,181678,241631
2025-10-12,KRPUS,port1065,Busan,22,35,77509,95458,116427,128765
2025-10-12,NLRTM,port1114,Rotterdam,6,68,18359,284611,28508,192473
2025-10-12,PLGDN,port380,Gdansk,3,9,16342,231712,65251,65772
2025-10-12,SGSIN,port1201,Singapore,40,138,1076388,1582097,840913,1092909
2025-10-12,TRMER,port735,Mersin,5,7,89023,89023,58634,58634
2025-10-12,UAODS,port843,Odessa,0,0,0,0,0,0
2025-10-12,USLGB,port664,Los Angeles-Long Beach,6,15,314926,696577,21092,30233
2025-10-12,USNYC,port815,New York-New Jersey,1,2,23961,27027,7460,7460
2025-10-13,AEJEA,port744,Jebel Ali,18,30,256017,419426,565098,581966
2025-10-13,BRSSZ,port1160,Santos,6,13,53126,84994,17231,250278
2025-10-13,CNSHA,port1188,Shanghai,42,128,385197,1006764,491101,830982
2025-10-13,CNSZX,port1414,Yantian,9,11,8273,8273,109599,110587
2025-10-13,DEHAM,port446,Hamburg,7,19,28686,45928,125809,144585
2025-10-13,EGALY,port23,Alexandria,8,28,51935,336640,18832,52803
2025-10-13,GBFXT,port343,Felixstowe,3,6,59075,61318,18056,19109
2025-10-13,INNSA,port776,Mumbai-Jawaharlal Nehru (Nhava Sheva),2,5,55174,55174,33318,33318
2025-10-13,KRPUS,port1065,Busan,33,54,227319,259008,185820,210478
2025-10-13,NLRTM,port1114,Rotterdam,17,92,39154,644707,241115,424258
2025-10-13,PLGDN,port380,Gdansk,3,11,0,136793,186307,189994
2025-10-13,SGSIN,port1201,Singapore,42,146,417536,926988,1130811,1710404
2025-10-13,TRMER,port735,Mersin,1,8,27016,48805,0,1299
2025-10-13,UAODS,port843,Odessa,0,0,0,0,0,0
2025-10-13,USLGB,port664,Los Angeles-Long Beach,2,9,33439,39765,42622,107547
2025-10-13,USNYC,port815,New York-New Jersey,0,0,0,0,0,0
2025-10-14,AEJEA,port744,Jebel Ali,14,25,329285,490319,336692,342361
2025-10-14,BRSSZ,port1160,Santos,6,17,80039,107251,51827,455824
2025-10-14,CNSHA,port1188,Shanghai,36,125,192027,866807,354964,805615
2025-10-14,CNSZX,port1414,Yantian,12,14,15096,20184,108080,108985
2025-10-14,DEHAM,port446,Hamburg,15,23,386244,468152,171896,187067
2025-10-14,EGALY,port23,Alexandria,7,13,58194,177889,75878,75878
2025-10-14,GBFXT,port343,Felixstowe,2,4,39627,43769,25100,25100
2025-10-14,INNSA,port776,Mumbai-Jawaharlal Nehru (Nhava Sheva),4,9,74494,133520,197527,197527
2025-10-14,KRPUS,port1065,Busan,38,51,187550,212328,125422,131499
2025-10-14,NLRTM,port1114,Rotterdam,22,87,340717,661683,99056,502978
2025-10-14,PLGDN,port380,Gdansk,3,7,71106,72806,91140,115580
2025-10-14,SGSIN,port1201,Singapore,40,126,925226,1448063,614916,1018408
2025-10-14,TRMER,port735,Mersin,5,12,19060,41036,75183,79133
2025-10-14,UAODS,port843,Odessa,0,0,0,0,0,0
2025-10-14,USLGB,port664,Los Angeles-Long Beach,10,15,523963,682890,42184,113307
2025-10-14,USNYC,port815,New York-New Jersey,9,14,171469,356300,11175,11175
2025-10-15,AEJEA,port744,Jebel Ali,17,30,354089,624285,322718,329964
2025-10-15,BRSSZ,port1160,Santos,6,16,16388,24029,80717,397240
2025-10-15,CNSHA,port1188,Shanghai,33,117,221720,553577,526281,781481
2025-10-15,CNSZX,port1414,Yantian,3,3,7216,7216,12905,12905
2025-10-15,DEHAM,port446,Hamburg,6,15,55204,102749,23911,30044
2025-10-15,EGALY,port23,Alexandria,1,10,3375,132047,0,11008
2025-10-15,GBFXT,port343,Felixstowe,3,4,55371,56922,0,0
2025-10-15,INNSA,port776,Mumbai-Jawaharlal Nehru (Nhava Sheva),4,7,108332,249881,99956,101342
2025-10-15,KRPUS,port1065,Busan,35,67,227046,285520,150862,225189
2025-10-15,NLRTM,port1114,Rotterdam,23,89,149086,1017027,169991,361274
2025-10-15,PLGDN,port380,Gdansk,1,7,4434,19316,7868,8715
2025-10-15,SGSIN,port1201,Singapore,44,130,550193,1021656,763286,1041541
2025-10-15,TRMER,port735,Mersin,3,10,85817,125136,27650,36151
2025-10-15,UAODS,port843,Odessa,0,0,0,0,0,0
2025-10-15,USLGB,port664,Los Angeles-Long Beach,8,14,542429,596930,21092,23711
2025-10-15,USNYC,port815,New York-New Jersey,7,10,258153,279608,24800,24800
2025-10-16,AEJEA,port744,Jebel Ali,16,25,231828,322996,402184,430047
2025-10-16,BRSSZ,port1160,Santos,6,13,76265,151494,76081,140838
2025-10-16,CNSHA,port1188,Shanghai,25,111,72585,499931,206318,606959
2025-10-16,CNSZX,port1414,Yantian,8,11,24768,32553,90414,91338
2025-10-16,DEHAM,port446,Hamburg,11,20,181322,272100,256638,261767
2025-10-16,EGALY,port23,Alexandria,5,11,12679,120431,35873,41082
2025-10-16,GBFXT,port343,Felixstowe,3,5,87809,96353,18056,18056
2025-10-16,INNSA,port776,Mumbai-Jawaharlal Nehru (Nhava Sheva),4,11,100851,219201,99956,115879
2025-10-16,KRPUS,port1065,Busan,29,55,72389,122725,206019,219119
2025-10-16,NLRTM,port1114,Rotterdam,19,91,322138,625903,179808,363329
2025-10-16,PLGDN,port380,Gdansk,5,13,313214,445990,56314,99395
2025-10-16,SGSIN,port1201,Singapore,44,141,637502,1537284,863320,1243619
2025-10-16,TRMER,port735,Mersin,3,10,0,2470,30614,35338
2025-10-16,UAODS,port843,Odessa,0,0,0,0,0,0
2025-10-16,USLGB,port664,Los Angeles-Long Beach,2,5,87244,157379,148381,148381
2025-10-16,USNYC,port815,New York-New Jersey,5,8,88974,180491,28783,28783
2025-10-17,AEJEA,port744,Jebel Ali,11,21,270939,307564,122230,124689
2025-10-17,BRSSZ,port1160,Santos,9,21,99460,158098,76679,347926
2025-10-17,CNSHA,port1188,Shanghai,38,136,224534,796956,397178,695157
2025-10-17,CNSZX,port1414,Yantian,7,9,2194,38010,115223,115223
2025-10-17,DEHAM,port446,Hamburg,10,18,181653,312592,242029,251040
2025-10-17,EGALY,port23,Alexandria,6,11,69696,80691,10139,35467
2025-10-17,GBFXT,port343,Felixstowe,3,3,58298,58298,0,0
2025-10-17,INNSA,port776,Mumbai-Jawaharlal Nehru (Nhava Sheva),6,14,331028,451007,242005,249085
2025-10-17,KRPUS,port1065,Busan,28,48,114004,142437,99468,115250
2025-10-17,NLRTM,port1114,Rotterdam,15,79,50802,543268,70338,248471
2025-10-17,PLGDN,port380,Gdansk,1,9,17250,342178,18216,21698
2025-10-17,SGSIN,port1201,Singapore,37,125,1205343,1999741,661371,1224141
2025-10-17,TRMER,port735,Mersin,4,7,19561,44938,15431,17206
2025-10-17,UAODS,port843,Odessa,0,0,0,0,0,0
2025-10-17,USLGB,port664,Los Angeles-Long Beach,12,16,937986,1055472,380029,390247
2025-10-17,USNYC,port815,New York-New Jersey,10,12,187617,187617,43946,43946
2025-10-18,AEJEA,port744,Jebel Ali,9,20,222249,304964,48896,138372
2025-10-18,BRSSZ,port1160,Santos,8,19,54329,97356,97389,523424
2025-10-18,CNSHA,port1188,Shanghai,37,102,188749,759080,319062,661238
2025-10-18,CNSZX,port1414,Yantian,14,14,18899,18899,127705,127705
2025-10-18,DEHAM,port446,Hamburg,8,16,95852,188944,152790,158394
2025-10-18,EGALY,port23,Alexandria,3,14,27402,88081,25992,42843
2025-10-18,GBFXT,port343,Felixstowe,2,3,6433,6433,16559,17705
2025-10-18,INNSA,port776,Mumbai-Jawaharlal Nehru (Nhava Sheva),5,11,127090,179321,129619,131994
2025-10-18,KRPUS,port1065,Busan,37,58,194908,222416,134551,143815
2025-10-18,NLRTM,port1114,Rotterdam,14,82,164455,617260,67334,240807
2025-10-18,PLGDN,port380,Gdansk,2,4,13044,13044,19868,19868
2025-10-18,SGSIN,port1201,Singapore,40,119,574426,804939,769396,1261349
2025-10-18,TRMER,port735,Mersin,7,14,48774,78066,122186,133021
2025-10-18,UAODS,port843,Odessa,0,0,0,0,0,0
2025-10-18,USLGB,port664,Los Angeles-Long Beach,3,7,256033,273498,28901,46702
2025-10-18,USNYC,port815,New York-New Jersey,9,11,224008,318007,183703,183703
2025-10-19,AEJEA,port744,Jebel Ali,15,25,220806,293394,216531,218300
2025-10-19,BRSSZ,port1160,Santos,4,10,8022,15040,40555,196580
2025-10-19,CNSHA,port1188,Shanghai,25,74,252300,520790,256709,1171202
2025-10-19,CNSZX,port1414,Yantian,11,12,35711,36616,143850,144754
2025-10-19,DEHAM,port446,Hamburg,9,17,135631,211999,102524,108082
2025-10-19,EGALY,port23,Alexandria,4,9,29372,66049,13940,20123
2025-10-19,GBFXT,port343,Felixstowe,4,4,36561,36561,0,0
2025-10-19,INNSA,port776,Mumbai-Jawaharlal Nehru (Nhava Sheva),2,7,29813,138918,148130,152880
2025-10-19,KRPUS,port1065,Busan,34,53,164150,181404,144949,159825
2025-10-19,NLRTM,port1114,Rotterdam,19,78,243561,732019,66864,334512
2025-10-19,PLGDN,port380,Gdansk,8,20,125904,256049,116636,160652
2025-10-19,SGSIN,port1201,Singapore,43,122,551316,1274763,875594,1138395
2025-10-19,TRMER,port735,Mersin,5,11,9446,71259,31812,32755
2025-10-19,UAODS,port843,Odessa,0,0,0,0,0,0
2025-10-19,USLGB,port664,Los Angeles-Long Beach,6,9,215483,255180,93388,111189
2025-10-19,USNYC,port815,New York-New Jersey,5,9,105529,173149,2404,4020
2025-10-20,AEJEA,port744,Jebel Ali,11,26,367763,622812,270605,276178
2025-10-20,BRSSZ,port1160,Santos,5,16,107202,129746,77831,243841
2025-10-20,CNSHA,port1188,Shanghai,29,78,211917,500875,214835,635746
2025-10-20,CNSZX,port1414,Yantian,8,8,26814,26814,69067,69067
2025-10-20,DEHAM,port446,Hamburg,10,19,45966,165702,113945,116625
2025-10-20,EGALY,port23,Alexandria,6,16,26243,65077,129802,138106
2025-10-20,GBFXT,port343,Felixstowe,3,8,17644,21463,171819,172421
2025-10-20,INNSA,port776,Mumbai-Jawaharlal Nehru (Nhava Sheva),4,12,85411,279194,171428,173804
2025-10-20,KRPUS,port1065,Busan,24,38,104288,121376,64327,74443
2025-10-20,NLRTM,port1114,Rotterdam,16,74,146516,441351,172177,278882
2025-10-20,PLGDN,port380,Gdansk,0,8,0,4600,0,22285
2025-10-20,SGSIN,port1201,Singapore,38,156,567711,1212052,762167,1108512
2025-10-20,TRMER,port735,Mersin,3,9,31827,47420,73362,76252
2025-10-20,UAODS,port843,Odessa,0,0,0,0,0,0
2025-10-20,USLGB,port664,Los Angeles-Long Beach,4,9,255797,294778,0,53307
2025-10-20,USNYC,port815,New York-New Jersey,5,9,273645,462153,0,0
2025-10-21,AEJEA,port744,Jebel Ali,9,21,246008,338879,117245,121328
2025-10-21,BRSSZ,port1160,Santos,6,15,94626,182951,72240,304997
2025-10-21,CNSHA,port1188,Shanghai,27,76,281417,554922,338143,589502
2025-10-21,CNSZX,port1414,Yantian,11,12,53478,54382,135164,136068
2025-10-21,DEHAM,port446,Hamburg,11,19,257753,304828,117740,124586
2025-10-21,EGALY,port23,Alexandria,3,14,177685,241480,40260,70822
2025-10-21,GBFXT,port343,Felixstowe,3,6,4155,7019,109316,109316
2025-10-21,INNSA,port776,Mumbai-Jawaharlal Nehru (Nhava Sheva),3,15,297623,405709,33318,42469
2025-10-21,KRPUS,port1065,Busan,28,50,89884,120931,135955,153924
2025-10-21,NLRTM,port1114,Rotterdam,20,81,96240,541930,93571,173436
2025-10-21,PLGDN,port380,Gdansk,4,12,193287,384984,120757,122982
2025-10-21,SGSIN,port1201,Singapore,46,138,693600,1311797,752461,1030962
2025-10-21,TRMER,port735,Mersin,6,9,21704,22543,26581,27880
2025-10-21,UAODS,port843,Odessa,0,0,0,0,0,0
2025-10-21,USLGB,port664,Los Angeles-Long Beach,5,12,235082,361028,0,7166
2025-10-21,USNYC,port815,New York-New Jersey,7,11,253319,327965,69294,71236
2025-10-22,AEJEA,port744,Jebel Ali,14,27,273558,393779,231664,263535
2025-10-22,BRSSZ,port1160,Santos,8,22,68169,134165,127133,590565
2025-10-22,CNSHA,port1188,Shanghai,30,76,245434,581169,483029,718212
2025-10-22,CNSZX,port1414,Yantian,4,5,0,3257,48741,48741
2025-10-22,DEHAM,port446,Hamburg,9,18,115997,185345,54047,62456
2025-10-22,EGALY,port23,Alexandria,4,11,26818,95503,18504,25001
2025-10-22,GBFXT,port343,Felixstowe,2,3,22104,23523,0,0
2025-10-22,INNSA,port776,Mumbai-Jawaharlal Nehru (Nhava Sheva),5,13,272643,357927,130345,137724
2025-10-22,KRPUS,port1065,Busan,28,45,129282,165307,116058,127676
2025-10-22,NLRTM,port1114,Rotterdam,22,101,224073,792803,127180,306342
2025-10-22,PLGDN,port380,Gdansk,3,10,31282,133683,45970,52457
2025-10-22,SGSIN,port1201,Singapore,44,129,947652,1507646,619135,1097431
2025-10-22,TRMER,port735,Mersin,3,10,17376,30113,13331,15068
2025-10-22,UAODS,port843,Odessa,0,0,0,0,0,0
2025-10-22,USLGB,port664,Los Angeles-Long Beach,7,12,601055,731786,276666,277219
2025-10-22,USNYC,port815,New York-New Jersey,6,8,108179,152669,37907,37907
2025-10-23,AEJEA,port744,Jebel Ali,21,33,606380,786176,281587,326954
2025-10-23,BRSSZ,port1160,Santos,6,14,113092,168375,152030,337131
2025-10-23,CNSHA,port1188,Shanghai,30,104,224758,562607,216720,364722
2025-10-23,CNSZX,port1414,Yantian,9,10,12888,13792,95089,95993
2025-10-23,DEHAM,port446,Hamburg,8,20,90075,197993,112602,126557
2025-10-23,EGALY,port23,Alexandria,3,4,13145,15004,7631,8266
2025-10-23,GBFXT,port343,Felixstowe,0,0,0,0,0,0
2025-10-23,INNSA,port776,Mumbai-Jawaharlal Nehru (Nhava Sheva),5,16,119254,166928,158154,165631
2025-10-23,KRPUS,port1065,Busan,29,60,145023,204849,176973,265374
2025-10-23,NLRTM,port1114,Rotterdam,13,73,81930,732309,114480,193773
2025-10-23,PLGDN,port380,Gdansk,3,15,37946,135417,30035,41308
2025-10-23,SGSIN,port1201,Singapore,40,115,547391,972720,961451,1229369
2025-10-23,TRMER,port735,Mersin,6,14,9446,24680,28838,37494
2025-10-23,UAODS,port843,Odessa,0,0,0,0,0,0
2025-10-23,USLGB,port664,Los Angeles-Long Beach,7,10,467232,515160,79241,79241
2025-10-23,USNYC,port815,New York-New Jersey,8,15,89457,249276,51520,52028
2025-10-24,AEJEA,port744,Jebel Ali,10,17,148176,256414,210179,212024
2025-10-24,BRSSZ,port1160,Santos,8,20,3516,63860,188459,582645
2025-10-24,CNSHA,port1188,Shanghai,40,134,386199,978001,279639,546850
2025-10-24,CNSZX,port1414,Yantian,3,4,0,9929,39037,39037
2025-10-24,DEHAM,port446,Hamburg,7,11,58075,58075,147504,157233
2025-10-24,EGALY,port23,Alexandria,9,12,52327,54535,70128,75091
2025-10-24,GBFXT,port343,Felixstowe,3,4,100532,105254,0,0
2025-10-24,INNSA,port776,Mumbai-Jawaharlal Nehru (Nhava Sheva),5,15,172312,276250,120311,168357
2025-10-24,KRPUS,port1065,Busan,23,54,91957,136911,143490,152037
2025-10-24,NLRTM,port1114,Rotterdam,8,67,176137,582163,18152,173868
2025-10-24,PLGDN,port380,Gdansk,1,10,114795,462745,0,11352
2025-10-24,SGSIN,port1201,Singapore,45,139,1189240,1559023,658639,940972
2025-10-24,TRMER,port735,Mersin,5,10,57904,64423,26570,29946
2025-10-24,UAODS,port843,Odessa,0,0,0,0,0,0
2025-10-24,USLGB,port664,Los Angeles-Long Beach,2,8,1739,195644,23433,63923
2025-10-24,USNYC,port815,New York-New Jersey,7,10,74574,77443,9043,9043
2025-10-25,AEJEA,port744,Jebel Ali,14,24,330240,351680,211259,217064
2025-10-25,BRSSZ,port1160,Santos,5,18,32927,127576,52275,311885
2025-10-25,CNSHA,port1188,Shanghai,35,122,220499,757580,325034,800397
2025-10-25,CNSZX,port1414,Yantian,9,10,33247,33247,81955,81955
2025-10-25,DEHAM,port446,Hamburg,7,16,32136,66677,218879,228673
2025-10-25,EGALY,port23,Alexandria,1,5,13883,69751,0,635
2025-10-25,GBFXT,port343,Felixstowe,1,1,6413,6413,0,0
2025-10-25,INNSA,port776,Mumbai-Jawaharlal Nehru (Nhava Sheva),5,17,85411,132868,220970,253684
2025-10-25,KRPUS,port1065,Busan,38,64,86785,128585,273240,288582
2025-10-25,NLRTM,port1114,Rotterdam,21,72,212098,596407,174330,310171
2025-10-25,PLGDN,port380,Gdansk,3,14,38456,143845,62382,83168
2025-10-25,SGSIN,port1201,Singapore,43,117,789366,1633657,580534,877017
2025-10-25,TRMER,port735,Mersin,5,9,11666,12505,85565,89173
2025-10-25,UAODS,port843,Odessa,0,0,0,0,0,0
2025-10-25,USLGB,port664,Los Angeles-Long Beach,6,8,408060,448804,0,1722
2025-10-25,USNYC,port815,New York-New Jersey,8,13,167444,387341,148971,150479
2025-10-26,AEJEA,port744,Jebel Ali,16,29,181704,394609,303375,310497
2025-10-26,BRSSZ,port1160,Santos,6,13,106700,190612,39804,147113
2025-10-26,CNSHA,port1188,Shanghai,34,132,862354,1525767,213860,637694
2025-10-26,CNSZX,port1414,Yantian,14,16,31702,32606,212674,213579
2025-10-26,DEHAM,port446,Hamburg,8,13,73264,81590,50340,54816
2025-10-26,EGALY,port23,Alexandria,4,6,8123,73764,8444,12125
2025-10-26,GBFXT,port343,Felixstowe,4,4,47375,47375,0,0
2025-10-26,INNSA,port776,Mumbai-Jawaharlal Nehru (Nhava Sheva),5,12,77599,158303,92008,98689
2025-10-26,KRPUS,port1065,Busan,24,45,169096,209571,86793,97447
2025-10-26,NLRTM,port1114,Rotterdam,12,77,25687,537504,52524,227353
2025-10-26,PLGDN,port380,Gdansk,1,6,0,273901,17226,17226
2025-10-26,SGSIN,port1201,Singapore,34,113,681905,954780,740576,1106734
2025-10-26,TRMER,port735,Mersin,9,14,36101,54722,45241,53730
2025-10-26,UAODS,port843,Odessa,0,0,0,0,0,0
2025-10-26,USLGB,port664,Los Angeles-Long Beach,3,5,142510,161339,0,0
2025-10-26,USNYC,port815,New York-New Jersey,4,7,26920,88601,6040,6040
2025-10-27,AEJEA,port744,Jebel Ali,16,24,347289,507488,210156,215160
2025-10-27,BRSSZ,port1160,Santos,7,18,37346,212065,101821,367363
2025-10-27,CNSHA,port1188,Shanghai,40,137,384942,819250,497857,1252827
2025-10-27,CNSZX,port1414,Yantian,9,11,29688,39196,119487,119507
2025-10-27,DEHAM,port446,Hamburg,13,17,65788,72205,398450,403484
2025-10-27,EGALY,port23,Alexandria,6,21,39478,175444,35918,62160
2025-10-27,GBFXT,port343,Felixstowe,2,5,0,2924,18511,18887
2025-10-27,INNSA,port776,Mumbai-Jawaharlal Nehru (Nhava Sheva),5,19,119254,310903,167454,249181
2025-10-27,KRPUS,port1065,Busan,30,58,124190,156528,255062,275506
2025-10-27,NLRTM,port1114,Rotterdam,10,75,22409,578620,67291,284595
2025-10-27,PLGDN,port380,Gdansk,6,13,67633,201907,42523,84196
2025-10-27,SGSIN,port1201,Singapore,39,147,412637,952204,797622,1299453
2025-10-27,TRMER,port735,Mersin,2,9,25673,52150,17531,19889
2025-10-27,UAODS,port843,Odessa,0,0,0,0,0,0
2025-10-27,USLGB,port664,Los Angeles-Long Beach,4,7,340499,390312,21092,21092
2025-10-27,USNYC,port815,New York-New Jersey,5,10,121298,212673,50937,106777
2025-10-28,AEJEA,port744,Jebel Ali,10,23,214028,332811,256393,338081
2025-10-28,BRSSZ,port1160,Santos,7,15,15313,22011,139334,282856
2025-10-28,CNSHA,port1188,Shanghai,38,135,290234,1331150,435198,967190
2025-10-28,CNSZX,port1414,Yantian,9,10,34984,35888,61657,62561
2025-10-28,DEHAM,port446,Hamburg,4,11,52695,207040,18146,41236
2025-10-28,EGALY,port23,Alexandria,4,10,11690,66870,75517,118243
2025-10-28,GBFXT,port343,Felixstowe,2,6,56954,62660,13613,13931
2025-10-28,INNSA,port776,Mumbai-Jawaharlal Nehru (Nhava Sheva),2,8,55598,59705,62981,64250
2025-10-28,KRPUS,port1065,Busan,32,49,229913,247084,176237,189981
2025-10-28,NLRTM,port1114,Rotterdam,25,97,148631,869935,135730,247728
2025-10-28,PLGDN,port380,Gdansk,2,6,2214,6815,68918,72251
2025-10-28,SGSIN,port1201,Singapore,44,124,806783,1184118,627896,879880
2025-10-28,TRMER,port735,Mersin,3,11,25331,35887,2916,15492
2025-10-28,UAODS,port843,Odessa,0,0,0,0,0,0
2025-10-28,USLGB,port664,Los Angeles-Long Beach,7,11,442337,515490,77669,80252
2025-10-28,USNYC,port815,New York-New Jersey,8,9,176824,176824,72534,72534
2025-10-29,AEJEA,port744,Jebel Ali,19,27,570403,632430,339699,361849
2025-10-29,BRSSZ,port1160,Santos,6,19,52771,85425,40143,363985
2025-10-29,CNSHA,port1188,Shanghai,35,141,211851,1146019,381350,1005096
2025-10-29,CNSZX,port1414,Yantian,11,13,39481,46394,100650,100670
2025-10-29,DEHAM,port446,Hamburg,12,21,220187,250082,238689,241572
2025-10-29,EGALY,port23,Alexandria,3,12,12830,55667,4970,10770
2025-10-29,GBFXT,port343,Felixstowe,3,6,26990,32596,105534,105851
2025-10-29,INNSA,port776,Mumbai-Jawaharlal Nehru (Nhava Sheva),2,11,59627,349661,66637,67758
2025-10-29,KRPUS,port1065,Busan,36,60,265020,293580,134745,154949
2025-10-29,NLRTM,port1114,Rotterdam,22,74,295164,864214,99346,197490
2025-10-29,PLGDN,port380,Gdansk,4,9,121097,232569,12223,18782
2025-10-29,SGSIN,port1201,Singapore,36,130,627584,1405618,491406,841949
2025-10-29,TRMER,port735,Mersin,6,13,78882,124733,21622,25151
2025-10-29,UAODS,port843,Odessa,0,0,0,0,0,0
2025-10-29,USLGB,port664,Los Angeles-Long Beach,5,11,287788,469724,0,160686
2025-10-29,USNYC,port815,New York-New Jersey,8,13,261481,379817,51158,52774
2025-10-30,AEJEA,port744,Jebel Ali,12,20,93320,209183,125610,127187
2025-10-30,BRSSZ,port1160,Santos,8,16,803,7821,139453,265414
2025-10-30,CNSHA,port1188,Shanghai,43,142,626001,1275971,449570,1250987
2025-10-30,CNSZX,port1414,Yantian,10,13,7331,8236,138968,144100
2025-10-30,DEHAM,port446,Hamburg,6,16,34094,47744,86878,116696
2025-10-30,EGALY,port23,Alexandria,4,13,18213,24777,24426,50930
2025-10-30,GBFXT,port343,Felixstowe,3,6,84155,87620,68624,68624
2025-10-30,INNSA,port776,Mumbai-Jawaharlal Nehru (Nhava Sheva),2,3,59627,75324,66637,67228
2025-10-30,KRPUS,port1065,Busan,29,56,150622,186106,122815,149370
2025-10-30,NLRTM,port1114,Rotterdam,15,85,45562,692381,134798,257153
2025-10-30,PLGDN,port380,Gdansk,1,12,0,283640,10979,21479
2025-10-30,SGSIN,port1201,Singapore,46,124,667082,933505,1312338,1635938
2025-10-30,TRMER,port735,Mersin,4,9,46062,57776,10174,17567
2025-10-30,UAODS,port843,Odessa,0,0,0,0,0,0
2025-10-30,USLGB,port664,Los Angeles-Long Beach,10,14,555944,712077,250759,250759
2025-10-30,USNYC,port815,New York-New Jersey,3,6,29428,30285,1245,1506
2025-10-31,AEJEA,port744,Jebel Ali,16,25,509007,562230,100132,118259
2025-10-31,BRSSZ,port1160,Santos,3,12,36096,120479,14468,166755
2025-10-31,CNSHA,port1188,Shanghai,37,106,333268,897855,302043,581675
2025-10-31,CNSZX,port1414,Yantian,8,9,7977,15860,24675,24675
2025-10-31,DEHAM,port446,Hamburg,6,18,90372,91346,124630,284541
2025-10-31,EGALY,port23,Alexandria,5,12,52478,164948,28740,43127
2025-10-31,GBFXT,port343,Felixstowe,1,2,1452,4712,0,0
2025-10-31,INNSA,port776,Mumbai-Jawaharlal Nehru (Nhava Sheva),5,11,220828,307076,99956,112103
2025-10-31,KRPUS,port1065,Busan,34,56,145642,227389,162417,176370
2025-10-31,NLRTM,port1114,Rotterdam,24,102,145662,702587,322355,606563
2025-10-31,PLGDN,port380,Gdansk,1,5,41442,245897,0,14585
2025-10-31,SGSIN,port1201,Singapore,35,119,638181,1061020,630220,1103797
2025-10-31,TRMER,port735,Mersin,4,9,18893,20963,42047,42047
2025-10-31,UAODS,port843,Odessa,0,0,0,0,0,0
2025-10-31,USLGB,port664,Los Angeles-Long Beach,2,4,80303,117804,139444,139444
2025-10-31,USNYC,port815,New York-New Jersey,7,11,32481,98868,71454,101861
2025-11-01,AEJEA,port744,Jebel Ali,12,20,245068,270055,259469,292608
2025-11-01,BRSSZ,port1160,Santos,7,16,92973,210164,92260,303622
2025-11-01,CNSHA,port1188,Shanghai,47,133,537668,1054824,482843,935366
2025-11-01,CNSZX,port1414,Yantian,9,9,30634,30634,65025,65025
2025-11-01,DEHAM,port446,Hamburg,10,18,34990,221265,120333,167171
2025-11-01,EGALY,port23,Alexandria,4,9,8846,38511,217950,227432
2025-11-01,GBFXT,port343,Felixstowe,4,4,39978,39978,73217,73217
2025-11-01,INNSA,port776,Mumbai-Jawaharlal Nehru (Nhava Sheva),3,8,64325,81091,69347,103131
2025-11-01,KRPUS,port1065,Busan,34,52,142908,210068,160049,168945
2025-11-01,NLRTM,port1114,Rotterdam,18,81,316044,1045733,142245,280357
2025-11-01,PLGDN,port380,Gdansk,3,8,28062,143660,244352,259483
2025-11-01,SGSIN,port1201,Singapore,37,130,1039491,1432658,473041,873149
2025-11-01,TRMER,port735,Mersin,6,9,25319,28237,34328,34328
2025-11-01,UAODS,port843,Odessa,0,0,0,0,0,0
2025-11-01,USLGB,port664,Los Angeles-Long Beach,4,9,297868,447453,43525,75578
2025-11-01,USNYC,port815,New York-New Jersey,7,11,163844,212526,16228,16228
2025-11-02,AEJEA,port744,Jebel Ali,16,27,328960,469770,178836,187108
2025-11-02,BRSSZ,port1160,Santos,8,19,194597,241388,37407,223158
2025-11-02,CNSHA,port1188,Shanghai,38,115,417290,734932,401598,1104129
2025-11-02,CNSZX,port1414,Yantian,15,15,18483,18483,202892,202892
2025-11-02,DEHAM,port446,Hamburg,12,20,201936,280410,39485,75294
2025-11-02,EGALY,port23,Alexandria,4,6,17692,17692,42425,42549
2025-11-02,GBFXT,port343,Felixstowe,1,1,35331,35331,0,0
2025-11-02,INNSA,port776,Mumbai-Jawaharlal Nehru (Nhava Sheva),8,15,206884,359448,250343,312424
2025-11-02,KRPUS,port1065,Busan,35,63,150193,189043,100490,116968
2025-11-02,NLRTM,port1114,Rotterdam,13,84,77324,998414,50273,246584
2025-11-02,PLGDN,port380,Gdansk,3,9,35759,140964,0,20660
2025-11-02,SGSIN,port1201,Singapore,37,115,473799,1159855,723624,1018908
2025-11-02,TRMER,port735,Mersin,4,8,45773,77398,23061,83033
2025-11-02,UAODS,port843,Odessa,0,0,0,0,0,0
2025-11-02,USLGB,port664,Los Angeles-Long Beach,2,5,101179,168273,0,0
2025-11-02,USNYC,port815,New York-New Jersey,8,13,222480,555565,101329,101329
2025-11-03,AEJEA,port744,Jebel Ali,15,31,256769,444380,362627,434729
2025-11-03,BRSSZ,port1160,Santos,6,16,100180,189390,125103,363249
2025-11-03,CNSHA,port1188,Shanghai,36,127,290982,1058687,265341,556525
2025-11-03,CNSZX,port1414,Yantian,11,12,17804,25263,58794,58794
2025-11-03,DEHAM,port446,Hamburg,13,21,156169,178898,168157,189162
2025-11-03,EGALY,port23,Alexandria,7,12,30464,144282,53324,53959
2025-11-03,GBFXT,port343,Felixstowe,3,7,56001,59801,122621,122951
2025-11-03,INNSA,port776,Mumbai-Jawaharlal Nehru (Nhava Sheva),4,11,333903,350668,189104,198450
2025-11-03,KRPUS,port1065,Busan,36,52,243179,265699,205642,211122
2025-11-03,NLRTM,port1114,Rotterdam,17,90,37954,836506,168630,371608
2025-11-03,PLGDN,port380,Gdansk,3,11,22658,130967,0,3661
2025-11-03,SGSIN,port1201,Singapore,43,158,568365,1047548,953581,1336232
2025-11-03,TRMER,port735,Mersin,4,7,110521,114049,11682,11682
2025-11-03,UAODS,port843,Odessa,0,0,0,0,0,0
2025-11-03,USLGB,port664,Los Angeles-Long Beach,1,3,137443,200368,0,25192
2025-11-03,USNYC,port815,New York-New Jersey,4,5,115576,115576,8477,9054
2025-11-04,AEJEA,port744,Jebel Ali,12,19,158883,280114,140972,213335
2025-11-04,BRSSZ,port1160,Santos,6,14,35287,60089,92036,281215
2025-11-04,CNSHA,port1188,Shanghai,42,123,397250,1431641,369750,578789
2025-11-04,CNSZX,port1414,Yantian,8,9,3687,3687,81780,81780
2025-11-04,DEHAM,port446,Hamburg,11,17,97987,100399,223521,228739
2025-11-04,EGALY,port23,Alexandria,2,8,0,53758,10802,15492
2025-11-04,GBFXT,port343,Felixstowe,2,6,19124,21156,15970,17170
2025-11-04,INNSA,port776,Mumbai-Jawaharlal Nehru (Nhava Sheva),3,11,240925,313272,107603,125615
2025-11-04,KRPUS,port1065,Busan,32,65,182636,223592,155018,183715
2025-11-04,NLRTM,port1114,Rotterdam,20,98,435806,1204470,158923,411103
2025-11-04,PLGDN,port380,Gdansk,0,7,0,189438,0,32835
2025-11-04,SGSIN,port1201,Singapore,39,137,869182,1518196,945943,1211429
2025-11-04,TRMER,port735,Mersin,3,10,0,20691,27605,29024
2025-11-04,UAODS,port843,Odessa,0,0,0,0,0,0
2025-11-04,USLGB,port664,Los Angeles-Long Beach,5,13,311799,361163,0,231074
2025-11-04,USNYC,port815,New York-New Jersey,5,11,260290,426248,0,6817
2025-11-05,AEJEA,port744,Jebel Ali,12,27,184802,510459,534909,540021
2025-11-05,BRSSZ,port1160,Santos,6,21,57947,143906,42011,443208
2025-11-05,CNSHA,port1188,Shanghai,35,125,467445,1089345,347809,833816
2025-11-05,CNSZX,port1414,Yantian,14,15,7221,7221,187085,187085
2025-11-05,DEHAM,port446,Hamburg,13,20,138649,248343,252043,262205
2025-11-05,EGALY,port23,Alexandria,2,16,21471,119521,6906,42228
2025-11-05,GBFXT,port343,Felixstowe,4,4,17909,17909,79040,79040
2025-11-05,INNSA,port776,Mumbai-Jawaharlal Nehru (Nhava Sheva),2,10,62684,274405,73372,94289
2025-11-05,KRPUS,port1065,Busan,37,59,218288,236558,257404,264395
2025-11-05,NLRTM,port1114,Rotterdam,13,62,76729,373207,51500,246993
2025-11-05,PLGDN,port380,Gdansk,5,19,210432,466943,74099,114537
2025-11-05,SGSIN,port1201,Singapore,35,140,1036599,1864618,573519,969483
2025-11-05,TRMER,port735,Mersin,5,13,47408,126979,12967,16387
2025-11-05,UAODS,port843,Odessa,0,0,0,0,0,0
2025-11-05,USLGB,port664,Los Angeles-Long Beach,6,8,297042,315037,370762,373588
2025-11-05,USNYC,port815,New York-New Jersey,5,5,170769,170769,32431,32431
2025-11-06,AEJEA,port744,Jebel Ali,13,20,262162,356123,457402,460815
2025-11-06,BRSSZ,port1160,Santos,5,15,45845,105322,17677,165946
2025-11-06,CNSHA,port1188,Shanghai,39,124,265544,717998,394554,861216
2025-11-06,CNSZX,port1414,Yantian,7,9,15295,15295,80667,80667
2025-11-06,DEHAM,port446,Hamburg,9,19,132003,176634,111854,122282
2025-11-06,EGALY,port23,Alexandria,3,11,8846,47674,71673,83046
2025-11-06,GBFXT,port343,Felixstowe,3,4,116759,120046,0,0
2025-11-06,INNSA,port776,Mumbai-Jawaharlal Nehru (Nhava Sheva),3,8,94026,136909,110059,122685
2025-11-06,KRPUS,port1065,Busan,29,46,238944,254266,99104,105495
2025-11-06,NLRTM,port1114,Rotterdam,22,103,106354,644502,197228,310312
2025-11-06,PLGDN,port380,Gdansk,2,11,42869,183383,42505,54448
2025-11-06,SGSIN,port1201,Singapore,44,134,618233,1048555,985107,1385893
2025-11-06,TRMER,port735,Mersin,4,9,12784,13622,77482,87019
2025-11-06,UAODS,port843,Odessa,0,0,0,0,0,0
2025-11-06,USLGB,port664,Los Angeles-Long Beach,7,11,442100,444980,61548,62130
2025-11-06,USNYC,port815,New York-New Jersey,5,8,38700,73028,100670,102708
2025-11-07,AEJEA,port744,Jebel Ali,12,28,147126,330478,209936,216120
2025-11-07,BRSSZ,port1160,Santos,6,18,61259,203454,47490,240974
2025-11-07,CNSHA,port1188,Shanghai,36,139,179551,676155,300325,947603
2025-11-07,CNSZX,port1414,Yantian,10,10,4389,4389,98577,98577
2025-11-07,DEHAM,port446,Hamburg,11,26,169281,265272,92662,105893
2025-11-07,EGALY,port23,Alexandria,5,12,26360,82265,14113,24622
2025-11-07,GBFXT,port343,Felixstowe,4,6,42597,53961,0,0
2025-11-07,INNSA,port776,Mumbai-Jawaharlal Nehru (Nhava Sheva),3,10,62684,106098,130104,133070
2025-11-07,KRPUS,port1065,Busan,38,56,144446,173314,372121,385520
2025-11-07,NLRTM,port1114,Rotterdam,19,91,221660,1031134,59699,221969
2025-11-07,PLGDN,port380,Gdansk,3,13,84140,94038,31538,64454
2025-11-07,SGSIN,port1201,Singapore,36,127,313640,705054,888922,1205221
2025-11-07,TRMER,port735,Mersin,3,13,16754,29657,19793,41313
2025-11-07,UAODS,port843,Odessa,0,0,0,0,0,0
2025-11-07,USLGB,port664,Los Angeles-Long Beach,3,7,97224,285441,311862,350671
2025-11-07,USNYC,port815,New York-New Jersey,8,12,81834,134257,11310,44292
2025-11-08,AEJEA,port744,Jebel Ali,14,22,172244,338515,251331,251511
2025-11-08,BRSSZ,port1160,Santos,3,13,56642,121709,59770,343787
2025-11-08,CNSHA,port1188,Shanghai,40,118,546042,1208618,378854,699799
2025-11-08,CNSZX,port1414,Yantian,11,11,7145,7145,115871,115871
2025-11-08,DEHAM,port446,Hamburg,5,11,147274,230762,1639,4575
2025-11-08,EGALY,port23,Alexandria,5,13,29564,58856,119485,146447
2025-11-08,GBFXT,port343,Felixstowe,1,2,0,784,53441,53441
2025-11-08,INNSA,port776,Mumbai-Jawaharlal Nehru (Nhava Sheva),5,9,207602,275818,129119,136263
2025-11-08,KRPUS,port1065,Busan,35,56,185123,213931,185755,192989
2025-11-08,NLRTM,port1114,Rotterdam,18,81,61145,513845,199325,367645
2025-11-08,PLGDN,port380,Gdansk,2,6,15213,15213,107406,125051
2025-11-08,SGSIN,port1201,Singapore,39,110,236164,843425,861930,1168042
2025-11-08,TRMER,port735,Mersin,7,11,16754,32012,102355,102355
2025-11-08,UAODS,port843,Odessa,0,1,0,0,0,51837
2025-11-08,USLGB,port664,Los Angeles-Long Beach,2,6,352820,370588,0,109854
2025-11-08,USNYC,port815,New York-New Jersey,7,11,66523,100519,181265,218533
2025-11-09,AEJEA,port744,Jebel Ali,12,20,137053,150207,448290,458330
2025-11-09,BRSSZ,port1160,Santos,6,12,60738,80502,34011,295489
2025-11-09,CNSHA,port1188,Shanghai,38,118,414261,1205408,368664,682921
2025-11-09,CNSZX,port1414,Yantian,11,11,13850,13850,142449,142449
2025-11-09,DEHAM,port446,Hamburg,11,23,135177,265671,147118,155201
2025-11-09,EGALY,port23,Alexandria,2,7,2465,69101,37764,44738
2025-11-09,GBFXT,port343,Felixstowe,3,3,38340,38340,23998,23998
2025-11-09,INNSA,port776,Mumbai-Jawaharlal Nehru (Nhava Sheva),2,6,165978,190073,0,18541
2025-11-09,KRPUS,port1065,Busan,30,54,150752,182888,92412,114114
2025-11-09,NLRTM,port1114,Rotterdam,18,78,134732,662891,246771,332121
2025-11-09,PLGDN,port380,Gdansk,2,13,52773,187245,15108,31715
2025-11-09,SGSIN,port1201,Singapore,39,126,791898,1600883,567290,842568
2025-11-09,TRMER,port735,Mersin,3,10,26086,32906,15449,19660
2025-11-09,UAODS,port843,Odessa,0,0,0,0,0,0
2025-11-09,USLGB,port664,Los Angeles-Long Beach,5,8,189509,360304,23120,23120
2025-11-09,USNYC,port815,New York-New Jersey,6,13,100206,338090,82408,84023
2025-11-10,AEJEA,port744,Jebel Ali,13,25,67462,262047,323471,334296
2025-11-10,BRSSZ,port1160,Santos,4,11,42129,56885,68466,240737
2025-11-10,CNSHA,port1188,Shanghai,40,138,260302,656715,372910,686423
2025-11-10,CNSZX,port1414,Yantian,11,11,50913,50913,97289,97289
2025-11-10,DEHAM,port446,Hamburg,6,9,33148,69077,21716,30047
2025-11-10,EGALY,port23,Alexandria,5,11,23229,54208,93628,101799
2025-11-10,GBFXT,port343,Felixstowe,3,6,44610,49844,20861,20920
2025-11-10,INNSA,port776,Mumbai-Jawaharlal Nehru (Nhava Sheva),5,11,108680,193086,179558,199180
2025-11-10,KRPUS,port1065,Busan,30,58,105587,147575,122825,152067
2025-11-10,NLRTM,port1114,Rotterdam,19,81,223517,497786,64836,245657
2025-11-10,PLGDN,port380,Gdansk,4,13,55299,415762,37915,40414
2025-11-10,SGSIN,port1201,Singapore,39,148,532562,1253497,758237,1358735
2025-11-10,TRMER,port735,Mersin,3,7,85188,87702,9089,12986
2025-11-10,UAODS,port843,Odessa,0,0,0,0,0,0
2025-11-10,USLGB,port664,Los Angeles-Long Beach,5,8,366140,434399,0,2800
2025-11-10,USNYC,port815,New York-New Jersey,8,10,203102,279761,8037,8037
2025-11-11,AEJEA,port744,Jebel Ali,11,27,270880,327087,185543,231790
2025-11-11,BRSSZ,port1160,Santos,6,16,23127,145276,143207,296863
2025-11-11,CNSHA,port1188,Shanghai,38,126,534815,970189,268894,704640
2025-11-11,CNSZX,port1414,Yantian,8,9,31585,32490,30421,31325
2025-11-11,DEHAM,port446,Hamburg,15,22,230850,235652,285340,312588
2025-11-11,EGALY,port23,Alexandria,3,7,28518,111438,13812,22399
2025-11-11,GBFXT,port343,Felixstowe,3,5,100163,104698,7250,7250
2025-11-11,INNSA,port776,Mumbai-Jawaharlal Nehru (Nhava Sheva),3,10,64121,99426,92026,95257
2025-11-11,KRPUS,port1065,Busan,33,54,240757,274667,175562,195579
2025-11-11,NLRTM,port1114,Rotterdam,22,92,172463,597197,63315,185179
2025-11-11,PLGDN,port380,Gdansk,1,10,5049,126144,0,39146
2025-11-11,SGSIN,port1201,Singapore,46,135,1373450,1703764,591909,927662
2025-11-11,TRMER,port735,Mersin,4,9,20708,56254,23374,23374
2025-11-11,UAODS,port843,Odessa,0,0,0,0,0,0
2025-11-11,USLGB,port664,Los Angeles-Long Beach,5,8,236081,309757,51431,51431
2025-11-11,USNYC,port815,New York-New Jersey,4,7,97128,159021,9320,9581
2025-11-12,AEJEA,port744,Jebel Ali,15,26,566582,671268,231620,289207
2025-11-12,BRSSZ,port1160,Santos,5,18,20115,101094,26572,361565
2025-11-12,CNSHA,port1188,Shanghai,39,92,276249,665816,427722,638023
2025-11-12,CNSZX,port1414,Yantian,9,10,5087,5087,70673,70673
2025-11-12,DEHAM,port446,Hamburg,5,15,160215,212784,97314,106542
2025-11-12,EGALY,port23,Alexandria,6,16,101351,202957,27739,100633
2025-11-12,GBFXT,port343,Felixstowe,4,6,98802,100648,163358,163358
2025-11-12,INNSA,port776,Mumbai-Jawaharlal Nehru (Nhava Sheva),2,7,62684,136685,73372,77162
2025-11-12,KRPUS,port1065,Busan,36,50,139602,161338,280473,296104
2025-11-12,NLRTM,port1114,Rotterdam,19,91,339330,896385,54022,146516
2025-11-12,PLGDN,port380,Gdansk,4,11,238880,246008,141787,145876
2025-11-12,SGSIN,port1201,Singapore,31,126,588033,1303084,513072,901579
2025-11-12,TRMER,port735,Mersin,5,8,87290,89920,967,967
2025-11-12,UAODS,port843,Odessa,0,0,0,0,0,0
2025-11-12,USLGB,port664,Los Angeles-Long Beach,5,8,296064,497963,215250,215250
2025-11-12,USNYC,port815,New York-New Jersey,7,10,267960,291237,33111,33111
2025-11-13,AEJEA,port744,Jebel Ali,18,30,605768,765459,181625,187025
2025-11-13,BRSSZ,port1160,Santos,8,24,78310,94887,33398,501535
2025-11-13,CNSHA,port1188,Shanghai,36,132,127422,951370,390480,845450
2025-11-13,CNSZX,port1414,Yantian,7,8,2902,3806,90194,91098
2025-11-13,DEHAM,port446,Hamburg,10,19,362432,419553,120866,127702
2025-11-13,EGALY,port23,Alexandria,5,8,144471,169998,9170,17346
2025-11-13,GBFXT,port343,Felixstowe,0,0,0,0,0,0
2025-11-13,INNSA,port776,Mumbai-Jawaharlal Nehru (Nhava Sheva),4,13,58448,146805,109421,112906
2025-11-13,KRPUS,port1065,Busan,27,49,145043,173337,162234,174447
2025-11-13,NLRTM,port1114,Rotterdam,24,87,176674,520069,215075,408304
2025-11-13,PLGDN,port380,Gdansk,2,12,28262,267255,13264,24695
2025-11-13,SGSIN,port1201,Singapore,44,143,673072,1804882,1168285,1439198
2025-11-13,TRMER,port735,Mersin,7,13,33457,43702,44560,47706
2025-11-13,UAODS,port843,Odessa,0,0,0,0,0,0
2025-11-13,USLGB,port664,Los Angeles-Long Beach,8,13,348162,454480,198377,198377
2025-11-13,USNYC,port815,New York-New Jersey,6,10,80910,197535,22445,25404
2025-11-14,AEJEA,port744,Jebel Ali,12,27,326212,539936,72748,138422
2025-11-14,BRSSZ,port1160,Santos,5,15,102723,259251,1817,185117
2025-11-14,CNSHA,port1188,Shanghai,39,126,450284,1209222,321195,1064362
2025-11-14,CNSZX,port1414,Yantian,9,11,14930,32079,64826,64826
2025-11-14,DEHAM,port446,Hamburg,12,21,110895,114109,148263,172093
2025-11-14,EGALY,port23,Alexandria,4,6,26539,108141,27862,31543
2025-11-14,GBFXT,port343,Felixstowe,4,4,89866,89866,12078,12078
2025-11-14,INNSA,port776,Mumbai-Jawaharlal Nehru (Nhava Sheva),3,8,40948,99936,165264,170980
2025-11-14,KRPUS,port1065,Busan,28,51,148821,185924,152267,160572
2025-11-14,NLRTM,port1114,Rotterdam,18,89,40004,949305,205758,321347
2025-11-14,PLGDN,port380,Gdansk,2,11,10401,24005,18888,52283
2025-11-14,SGSIN,port1201,Singapore,40,118,601754,900612,427964,691719
2025-11-14,TRMER,port735,Mersin,4,12,8377,19186,31876,38326
2025-11-14,UAODS,port843,Odessa,0,0,0,0,0,0
2025-11-14,USLGB,port664,Los Angeles-Long Beach,8,12,661796,669043,86579,148263
2025-11-14,USNYC,port815,New York-New Jersey,7,9,50987,79833,127164,127164
2025-11-15,AEJEA,port744,Jebel Ali,12,20,198402,219959,269598,270880
2025-11-15,BRSSZ,port1160,Santos,6,17,58825,157315,158911,347775
2025-11-15,CNSHA,port1188,Shanghai,33,109,290701,559181,303815,528542
2025-11-15,CNSZX,port1414,Yantian,11,14,61279,69824,119709,121780
2025-11-15,DEHAM,port446,Hamburg,9,15,178241,180483,85033,95643
2025-11-15,EGALY,port23,Alexandria,1,2,0,1403,1799,1799
2025-11-15,GBFXT,port343,Felixstowe,1,2,6920,6920,0,0
2025-11-15,INNSA,port776,Mumbai-Jawaharlal Nehru (Nhava Sheva),2,7,31342,85075,47350,47350
2025-11-15,KRPUS,port1065,Busan,28,53,94140,128754,191401,200785
2025-11-15,NLRTM,port1114,Rotterdam,15,72,98600,561764,199704,393976
2025-11-15,PLGDN,port380,Gdansk,5,14,62077,397324,47061,56658
2025-11-15,SGSIN,port1201,Singapore,35,133,440584,932274,1026455,1379755
2025-11-15,TRMER,port735,Mersin,5,9,109151,158763,17807,18901
2025-11-15,UAODS,port843,Odessa,0,0,0,0,0,0
2025-11-15,USLGB,port664,Los Angeles-Long Beach,3,8,230770,368566,97093,97093
2025-11-15,USNYC,port815,New York-New Jersey,10,13,185998,195229,160836,173193
2025-11-16,AEJEA,port744,Jebel Ali,13,21,201146,271708,224912,239985
2025-11-16,BRSSZ,port1160,Santos,5,13,86993,128063,34219,133739
2025-11-16,CNSHA,port1188,Shanghai,34,111,237914,774404,328841,649325
2025-11-16,CNSZX,port1414,Yantian,14,15,28172,31430,185431,185431
2025-11-16,DEHAM,port446,Hamburg,11,19,152714,340460,106916,108758
2025-11-16,EGALY,port23,Alexandria,4,13,26952,135656,29410,33662
2025-11-16,GBFXT,port343,Felixstowe,3,3,11664,11664,94783,94783
2025-11-16,INNSA,port776,Mumbai-Jawaharlal Nehru (Nhava Sheva),3,5,78585,78585,59102,59102
2025-11-16,KRPUS,port1065,Busan,33,59,94152,178536,183633,192984
2025-11-16,NLRTM,port1114,Rotterdam,21,80,100027,353569,102433,189322
2025-11-16,PLGDN,port380,Gdansk,3,10,50176,59214,30641,47543
2025-11-16,SGSIN,port1201,Singapore,37,122,892430,1246946,386395,734021
2025-11-16,TRMER,port735,Mersin,5,11,54425,59413,13896,15195
2025-11-16,UAODS,port843,Odessa,0,0,0,0,0,0
2025-11-16,USLGB,port664,Los Angeles-Long Beach,4,12,110871,140998,41402,99519
2025-11-16,USNYC,port815,New York-New Jersey,5,11,67702,111534,9034,9034
2025-11-17,AEJEA,port744,Jebel Ali,15,27,194449,287569,232225,247413
2025-11-17,BRSSZ,port1160,Santos,8,16,65891,67187,111312,213810
2025-11-17,CNSHA,port1188,Shanghai,31,91,164877,554134,244342,748741
2025-11-17,CNSZX,port1414,Yantian,13,14,44753,44753,85344,85344
2025-11-17,DEHAM,port446,Hamburg,9,21,81162,158317,272073,277381
2025-11-17,EGALY,port23,Alexandria,8,21,157049,403579,27803,42867
2025-11-17,GBFXT,port343,Felixstowe,4,5,123849,124321,12078,12136
2025-11-17,INNSA,port776,Mumbai-Jawaharlal Nehru (Nhava Sheva),2,8,62684,75748,73372,73902
2025-11-17,KRPUS,port1065,Busan,33,51,236918,278274,152850,161640
2025-11-17,NLRTM,port1114,Rotterdam,12,80,88398,501125,83517,167119
2025-11-17,PLGDN,port380,Gdansk,1,14,0,262525,9702,24052
2025-11-17,SGSIN,port1201,Singapore,44,140,573222,1277368,585938,1066437
2025-11-17,TRMER,port735,Mersin,2,6,1165,20896,17212,19980
2025-11-17,UAODS,port843,Odessa,0,0,0,0,0,0
2025-11-17,USLGB,port664,Los Angeles-Long Beach,3,8,239495,369667,0,37715
2025-11-17,USNYC,port815,New York-New Jersey,3,5,109941,288565,31306,31306
2025-11-18,AEJEA,port744,Jebel Ali,12,20,306611,336366,166823,173337
2025-11-18,BRSSZ,port1160,Santos,4,13,41641,84544,46944,355283
2025-11-18,CNSHA,port1188,Shanghai,40,135,448973,919805,289350,789204
2025-11-18,CNSZX,port1414,Yantian,8,9,869,1773,130075,130979
2025-11-18,DEHAM,port446,Hamburg,8,13,100796,170582,145131,147413
2025-11-18,EGALY,port23,Alexandria,4,10,29065,60899,8163,13144
2025-11-18,GBFXT,port343,Felixstowe,3,5,17695,19631,35984,35984
2025-11-18,INNSA,port776,Mumbai-Jawaharlal Nehru (Nhava Sheva),5,9,260771,306167,73372,128268
2025-11-18,KRPUS,port1065,Busan,33,52,204899,268730,333592,343753
2025-11-18,NLRTM,port1114,Rotterdam,18,82,401973,1062322,60992,205945
2025-11-18,PLGDN,port380,Gdansk,2,5,7900,12430,126510,127035
2025-11-18,SGSIN,port1201,Singapore,38,121,726816,1193018,613347,928438
2025-11-18,TRMER,port735,Mersin,4,7,68486,74747,0,0
2025-11-18,UAODS,port843,Odessa,0,0,0,0,0,0
2025-11-18,USLGB,port664,Los Angeles-Long Beach,7,17,473947,606013,0,13861
2025-11-18,USNYC,port815,New York-New Jersey,9,13,185831,194608,73855,73855
2025-11-19,AEJEA,port744,Jebel Ali,15,30,441340,460726,359136,366429
2025-11-19,BRSSZ,port1160,Santos,9,22,82035,83395,84885,448970
2025-11-19,CNSHA,port1188,Shanghai,49,135,565118,1182486,473203,884819
2025-11-19,CNSZX,port1414,Yantian,10,13,14829,29259,86159,86179
2025-11-19,DEHAM,port446,Hamburg,5,14,88977,93140,147006,180247
2025-11-19,EGALY,port23,Alexandria,5,12,39394,81228,8120,36641
2025-11-19,GBFXT,port343,Felixstowe,0,0,0,0,0,0
2025-11-19,INNSA,port776,Mumbai-Jawaharlal Nehru (Nhava Sheva),5,14,152474,317499,179406,200882
2025-11-19,KRPUS,port1065,Busan,33,48,89304,120311,177360,184173
2025-11-19,NLRTM,port1114,Rotterdam,15,75,104029,505210,31415,211668
2025-11-19,PLGDN,port380,Gdansk,3,16,265507,536537,60344,76402
2025-11-19,SGSIN,port1201,Singapore,44,139,1001461,1566701,649474,1065934
2025-11-19,TRMER,port735,Mersin,5,12,9778,79817,27304,28585
2025-11-19,UAODS,port843,Odessa,0,0,0,0,0,0
2025-11-19,USLGB,port664,Los Angeles-Long Beach,8,13,329282,501033,67177,71805
2025-11-19,USNYC,port815,New York-New Jersey,4,5,175551,175551,0,7876
2025-11-20,AEJEA,port744,Jebel Ali,14,24,401798,421100,138520,141379
2025-11-20,BRSSZ,port1160,Santos,6,13,59863,79878,107528,295425
2025-11-20,CNSHA,port1188,Shanghai,39,116,220224,1004924,320814,874079
2025-11-20,CNSZX,port1414,Yantian,9,10,10414,11318,107388,108292
2025-11-20,DEHAM,port446,Hamburg,10,17,159770,215007,97053,102974
2025-11-20,EGALY,port23,Alexandria,5,12,69147,98391,13391,27295
2025-11-20,GBFXT,port343,Felixstowe,4,7,72901,77319,0,137
2025-11-20,INNSA,port776,Mumbai-Jawaharlal Nehru (Nhava Sheva),5,13,271629,372808,107404,131596
2025-11-20,KRPUS,port1065,Busan,31,50,144000,169633,131809,137958
2025-11-20,NLRTM,port1114,Rotterdam,21,89,334322,721656,152611,272468
2025-11-20,PLGDN,port380,Gdansk,3,12,8465,155914,40848,44928
2025-11-20,SGSIN,port1201,Singapore,43,123,563737,1037225,1036929,1354869
2025-11-20,TRMER,port735,Mersin,5,13,48726,60442,17988,41151
2025-11-20,UAODS,port843,Odessa,0,0,0,0,0,0
2025-11-20,USLGB,port664,Los Angeles-Long Beach,5,13,575846,670365,0,184922
2025-11-20,USNYC,port815,New York-New Jersey,6,11,137873,161189,3972,3972
2025-11-21,AEJEA,port744,Jebel Ali,14,24,222141,277397,202160,248341
2025-11-21,BRSSZ,port1160,Santos,5,11,4493,4493,58304,359109
2025-11-21,CNSHA,port1188,Shanghai,32,111,155565,566813,243373,620706
2025-11-21,CNSZX,port1414,Yantian,5,5,33313,33313,29326,29326
2025-11-21,DEHAM,port446,Hamburg,12,18,107849,109466,142607,203702
2025-11-21,EGALY,port23,Alexandria,4,15,2727,151424,15690,71299
2025-11-21,GBFXT,port343,Felixstowe,2,2,50398,50398,0,0
2025-11-21,INNSA,port776,Mumbai-Jawaharlal Nehru (Nhava Sheva),6,12,342442,404587,250066,253032
2025-11-21,KRPUS,port1065,Busan,33,51,123986,163516,121735,129711
2025-11-21,NLRTM,port1114,Rotterdam,17,79,35857,462241,108319,268029
2025-11-21,PLGDN,port380,Gdansk,2,8,25228,213766,15108,35927
2025-11-21,SGSIN,port1201,Singapore,36,126,466876,821324,895356,1372342
2025-11-21,TRMER,port735,Mersin,5,8,24219,40154,142232,144768
2025-11-21,UAODS,port843,Odessa,0,0,0,0,0,0
2025-11-21,USLGB,port664,Los Angeles-Long Beach,3,5,149966,163789,253010,255836
2025-11-21,USNYC,port815,New York-New Jersey,7,12,226485,275618,0,325
2025-11-22,AEJEA,port744,Jebel Ali,9,19,117900,281598,100620,159134
2025-11-22,BRSSZ,port1160,Santos,7,18,57449,151564,32069,375405
2025-11-22,CNSHA,port1188,Shanghai,36,120,379908,1028412,386490,785686
2025-11-22,CNSZX,port1414,Yantian,12,14,15941,30271,74407,75312
2025-11-22,DEHAM,port446,Hamburg,7,14,134046,166692,145619,159887
2025-11-22,EGALY,port23,Alexandria,4,13,19527,105786,50509,66013
2025-11-22,GBFXT,port343,Felixstowe,3,3,29304,29304,16531,16531
2025-11-22,INNSA,port776,Mumbai-Jawaharlal Nehru (Nhava Sheva),2,13,127807,174588,36686,42301
2025-11-22,KRPUS,port1065,Busan,39,67,116631,156255,119648,138506
2025-11-22,NLRTM,port1114,Rotterdam,23,90,152657,735964,95136,229903
2025-11-22,PLGDN,port380,Gdansk,5,13,108550,133633,33097,36244
2025-11-22,SGSIN,port1201,Singapore,41,129,1362928,1751992,630482,1095167
2025-11-22,TRMER,port735,Mersin,4,10,14006,24161,67481,72662
2025-11-22,UAODS,port843,Odessa,0,0,0,0,0,0
2025-11-22,USLGB,port664,Los Angeles-Long Beach,2,5,115736,115736,128107,205108
2025-11-22,USNYC,port815,New York-New Jersey,10,14,258122,411702,69226,70841
2025-11-23,AEJEA,port744,Jebel Ali,14,26,168598,370255,340068,379512
2025-11-23,BRSSZ,port1160,Santos,8,13,64551,87775,105871,265674
2025-11-23,CNSHA,port1188,Shanghai,35,115,130415,922202,375885,804535
2025-11-23,CNSZX,port1414,Yantian,11,12,61258,61258,81071,81071
2025-11-23,DEHAM,port446,Hamburg,7,14,46129,255610,51084,57017
2025-11-23,EGALY,port23,Alexandria,4,8,9924,85744,27303,34893
2025-11-23,GBFXT,port343,Felixstowe,3,4,80553,80553,0,3370
2025-11-23,INNSA,port776,Mumbai-Jawaharlal Nehru (Nhava Sheva),6,10,45384,80500,238819,246342
2025-11-23,KRPUS,port1065,Busan,26,49,114781,142300,103987,174879
2025-11-23,NLRTM,port1114,Rotterdam,17,63,85554,846921,50187,115707
2025-11-23,PLGDN,port380,Gdansk,4,10,88607,93673,61643,96926
2025-11-23,SGSIN,port1201,Singapore,48,124,933246,1360280,754340,1061751
2025-11-23,TRMER,port735,Mersin,7,10,24251,26248,41081,45559
2025-11-23,UAODS,port843,Odessa,0,0,0,0,0,0
2025-11-23,USLGB,port664,Los Angeles-Long Beach,7,11,588845,596613,56229,99055
2025-11-23,USNYC,port815,New York-New Jersey,4,10,6123,195818,53223,54838
2025-11-24,AEJEA,port744,Jebel Ali,10,24,234580,253794,99664,142438
2025-11-24,BRSSZ,port1160,Santos,5,12,61529,102635,35157,174662
2025-11-24,CNSHA,port1188,Shanghai,36,115,426663,982434,245315,561226
2025-11-24,CNSZX,port1414,Yantian,9,9,11426,11426,89727,89727
2025-11-24,DEHAM,port446,Hamburg,15,21,212111,248836,112579,117810
2025-11-24,EGALY,port23,Alexandria,4,16,28046,140176,28252,45517
2025-11-24,GBFXT,port343,Felixstowe,5,8,7264,7264,134693,134693
2025-11-24,INNSA,port776,Mumbai-Jawaharlal Nehru (Nhava Sheva),2,9,6809,92860,63003,95455
2025-11-24,KRPUS,port1065,Busan,28,53,232339,265931,193799,224840
2025-11-24,NLRTM,port1114,Rotterdam,18,95,383469,813559,81341,268137
2025-11-24,PLGDN,port380,Gdansk,3,16,13794,264100,16995,56967
2025-11-24,SGSIN,port1201,Singapore,42,134,717352,1547617,709966,1021520
2025-11-24,TRMER,port735,Mersin,4,6,1952,18549,20204,29537
2025-11-24,UAODS,port843,Odessa,0,0,0,0,0,0
2025-11-24,USLGB,port664,Los Angeles-Long Beach,5,8,468538,537122,0,0
2025-11-24,USNYC,port815,New York-New Jersey,8,12,279475,303249,0,0
2025-11-25,AEJEA,port744,Jebel Ali,13,26,259367,440156,324652,331810
2025-11-25,BRSSZ,port1160,Santos,7,14,89262,90982,76290,341225
2025-11-25,CNSHA,port1188,Shanghai,40,134,465692,1283912,305518,809163
2025-11-25,CNSZX,port1414,Yantian,11,13,16317,17222,97274,98179
2025-11-25,DEHAM,port446,Hamburg,11,22,281017,368098,124965,166134
2025-11-25,EGALY,port23,Alexandria,3,12,8846,72414,31730,72511
2025-11-25,GBFXT,port343,Felixstowe,2,7,6350,12082,0,0
2025-11-25,INNSA,port776,Mumbai-Jawaharlal Nehru (Nhava Sheva),5,16,77297,281853,180160,204687
2025-11-25,KRPUS,port1065,Busan,35,52,181304,220434,299641,304436
2025-11-25,NLRTM,port1114,Rotterdam,21,64,149120,480071,100833,253101
2025-11-25,PLGDN,port380,Gdansk,3,10,17222,151144,173961,174178
2025-11-25,SGSIN,port1201,Singapore,42,134,897466,1768716,441071,778431
2025-11-25,TRMER,port735,Mersin,5,10,5138,24003,48341,56131
2025-11-25,UAODS,port843,Odessa,0,0,0,0,0,0
2025-11-25,USLGB,port664,Los Angeles-Long Beach,4,8,188376,257215,0,0
2025-11-25,USNYC,port815,New York-New Jersey,8,14,288872,490845,35757,36337
2025-11-26,AEJEA,port744,Jebel Ali,18,25,449166,595613,200942,205946
2025-11-26,BRSSZ,port1160,Santos,7,14,0,58215,159227,365291
2025-11-26,CNSHA,port1188,Shanghai,44,126,298586,1025016,471443,965888
2025-11-26,CNSZX,port1414,Yantian,12,12,23121,23121,125735,125735
2025-11-26,DEHAM,port446,Hamburg,13,21,107818,171127,137261,154124
2025-11-26,EGALY,port23,Alexandria,3,13,13357,69214,13514,19058
2025-11-26,GBFXT,port343,Felixstowe,2,3,10566,10566,0,0
2025-11-26,INNSA,port776,Mumbai-Jawaharlal Nehru (Nhava Sheva),2,8,31342,359472,74521,109109
2025-11-26,KRPUS,port1065,Busan,27,47,93150,118721,118136,133821
2025-11-26,NLRTM,port1114,Rotterdam,21,84,64227,426317,312840,413374
2025-11-26,PLGDN,port380,Gdansk,3,7,19410,24823,20956,60821
2025-11-26,SGSIN,port1201,Singapore,38,122,482120,1120525,747523,1080399
2025-11-26,TRMER,port735,Mersin,3,3,74381,74381,54484,54484
2025-11-26,UAODS,port843,Odessa,0,0,0,0,0,0
2025-11-26,USLGB,port664,Los Angeles-Long Beach,7,15,383720,757727,417115,502735
2025-11-26,USNYC,port815,New York-New Jersey,7,9,92622,156260,63169,63169
2025-11-27,AEJEA,port744,Jebel Ali,13,27,365155,534949,248919,291576
2025-11-27,BRSSZ,port1160,Santos,6,18,18378,59955,90635,323126
2025-11-27,CNSHA,port1188,Shanghai,48,128,454249,1177200,371593,806324
2025-11-27,CNSZX,port1414,Yantian,10,12,9116,24379,88951,89855
2025-11-27,DEHAM,port446,Hamburg,8,18,176004,386956,229945,240715
2025-11-27,EGALY,port23,Alexandria,4,7,124364,129939,15995,17901
2025-11-27,GBFXT,port343,Felixstowe,2,3,34325,36074,51779,51779
2025-11-27,INNSA,port776,Mumbai-Jawaharlal Nehru (Nhava Sheva),3,9,31342,122603,160925,181348
2025-11-27,KRPUS,port1065,Busan,32,60,298576,346679,109204,120923
2025-11-27,NLRTM,port1114,Rotterdam,18,93,94860,835639,121977,416731
2025-11-27,PLGDN,port380,Gdansk,1,11,57260,358879,0,38369
2025-11-27,SGSIN,port1201,Singapore,43,126,594739,1031026,952072,1284919
2025-11-27,TRMER,port735,Mersin,2,5,0,8316,2095,4718
2025-11-27,UAODS,port843,Odessa,0,0,0,0,0,0
2025-11-27,USLGB,port664,Los Angeles-Long Beach,3,3,311427,311427,99823,99823
2025-11-27,USNYC,port815,New York-New Jersey,3,4,148030,240793,0,0
2025-11-28,AEJEA,port744,Jebel Ali,17,27,180698,291578,247530,258816
2025-11-28,BRSSZ,port1160,Santos,6,20,47137,136426,74402,276355
2025-11-28,CNSHA,port1188,Shanghai,39,136,570360,1395980,240695,701111
2025-11-28,CNSZX,port1414,Yantian,4,5,2954,7357,23522,23542
2025-11-28,DEHAM,port446,Hamburg,10,14,92458,104804,206661,209694
2025-11-28,EGALY,port23,Alexandria,4,10,40961,124792,20645,31979
2025-11-28,GBFXT,port343,Felixstowe,3,4,3895,7433,84647,84647
2025-11-28,INNSA,port776,Mumbai-Jawaharlal Nehru (Nhava Sheva),4,7,237083,252780,106033,106624
2025-11-28,KRPUS,port1065,Busan,32,55,99855,121806,143789,155919
2025-11-28,NLRTM,port1114,Rotterdam,22,81,252084,824099,102747,209672
2025-11-28,PLGDN,port380,Gdansk,1,8,14781,109654,0,5544
2025-11-28,SGSIN,port1201,Singapore,41,123,1069920,1309434,736351,1065563
2025-11-28,TRMER,port735,Mersin,3,5,8377,9215,33041,37642
2025-11-28,UAODS,port843,Odessa,0,0,0,0,0,0
2025-11-28,USLGB,port664,Los Angeles-Long Beach,8,15,381016,659181,54970,54970
2025-11-28,USNYC,port815,New York-New Jersey,7,12,256431,347149,101566,102858
2025-11-29,AEJEA,port744,Jebel Ali,10,23,350910,412596,96346,103219
2025-11-29,BRSSZ,port1160,Santos,7,20,54057,60756,119569,582513
2025-11-29,CNSHA,port1188,Shanghai,39,117,350057,693378,363389,813000
2025-11-29,CNSZX,port1414,Yantian,10,11,14718,15623,139090,139995
2025-11-29,DEHAM,port446,Hamburg,7,16,111554,171682,114726,154698
2025-11-29,EGALY,port23,Alexandria,5,6,8846,10704,72917,73553
2025-11-29,GBFXT,port343,Felixstowe,4,6,83280,86903,12078,12078
2025-11-29,INNSA,port776,Mumbai-Jawaharlal Nehru (Nhava Sheva),6,16,237328,339187,219690,225472
2025-11-29,KRPUS,port1065,Busan,31,48,154065,185499,191173,200141
2025-11-29,NLRTM,port1114,Rotterdam,15,77,111257,768468,57954,226110
2025-11-29,PLGDN,port380,Gdansk,1,7,18047,280716,0,746
2025-11-29,SGSIN,port1201,Singapore,39,123,537647,1353431,793380,1147316
2025-11-29,TRMER,port735,Mersin,1,5,0,21879,0,8444
2025-11-29,UAODS,port843,Odessa,0,0,0,0,0,0
2025-11-29,USLGB,port664,Los Angeles-Long Beach,7,11,513701,649459,85430,86305
2025-11-29,USNYC,port815,New York-New Jersey,9,11,187327,248096,159340,159340
2025-11-30,AEJEA,port744,Jebel Ali,12,23,222953,256716,170754,174965
2025-11-30,BRSSZ,port1160,Santos,6,14,53544,91315,45846,340979
2025-11-30,CNSHA,port1188,Shanghai,31,103,523635,969134,245631,573725
2025-11-30,CNSZX,port1414,Yantian,5,6,2929,2929,69432,84172
2025-11-30,DEHAM,port446,Hamburg,9,16,99761,145151,65371,69297
2025-11-30,EGALY,port23,Alexandria,0,0,0,0,0,0
2025-11-30,GBFXT,port343,Felixstowe,4,5,21545,26805,181435,181435
2025-11-30,INNSA,port776,Mumbai-Jawaharlal Nehru (Nhava Sheva),3,4,62684,62684,83477,83477
2025-11-30,KRPUS,port1065,Busan,41,63,175963,211207,262742,308830
2025-11-30,NLRTM,port1114,Rotterdam,19,77,227043,949446,260311,332968
2025-11-30,PLGDN,port380,Gdansk,3,9,74355,81022,0,22074
2025-11-30,SGSIN,port1201,Singapore,41,130,656399,1191000,542637,965422
2025-11-30,TRMER,port735,Mersin,5,9,28421,63708,64273,67824
2025-11-30,UAODS,port843,Odessa,0,0,0,0,0,0
2025-11-30,USLGB,port664,Los Angeles-Long Beach,5,8,432496,432496,0,7167
2025-11-30,USNYC,port815,New York-New Jersey,6,8,60724,64778,26565,30011
2025-12-01,AEJEA,port744,Jebel Ali,15,25,362202,557566,378376,391236
2025-12-01,BRSSZ,port1160,Santos,6,15,66885,151727,68967,329788
2025-12-01,CNSHA,port1188,Shanghai,38,141,407304,1106445,326636,964059
2025-12-01,CNSZX,port1414,Yantian,14,14,8757,8757,131393,131393
2025-12-01,DEHAM,port446,Hamburg,10,16,234714,247782,156167,160926
2025-12-01,EGALY,port23,Alexandria,5,24,14104,176916,44034,63726
2025-12-01,GBFXT,port343,Felixstowe,0,2,0,472,0,58
2025-12-01,INNSA,port776,Mumbai-Jawaharlal Nehru (Nhava Sheva),4,14,139584,321834,125928,203657
2025-12-01,KRPUS,port1065,Busan,25,54,160757,201354,158370,172969
2025-12-01,NLRTM,port1114,Rotterdam,16,93,336787,924981,83104,227121
2025-12-01,PLGDN,port380,Gdansk,2,8,23326,28500,16159,33980
2025-12-01,SGSIN,port1201,Singapore,42,151,572592,1169612,974525,1446853
2025-12-01,TRMER,port735,Mersin,4,7,15967,20725,42367,42527
2025-12-01,UAODS,port843,Odessa,0,0,0,0,0,0
2025-12-01,USLGB,port664,Los Angeles-Long Beach,6,11,182571,236012,103403,103890
2025-12-01,USNYC,port815,New York-New Jersey,7,10,233492,336803,17160,17160
2025-12-02,AEJEA,port744,Jebel Ali,16,24,240696,275405,238751,256231
2025-12-02,BRSSZ,port1160,Santos,6,11,92654,107230,35615,173405
2025-12-02,CNSHA,port1188,Shanghai,32,112,452408,723028,237009,473995
2025-12-02,CNSZX,port1414,Yantian,5,9,0,6446,68625,69530
2025-12-02,DEHAM,port446,Hamburg,8,14,173018,254134,85375,86877
2025-12-02,EGALY,port23,Alexandria,3,8,40314,91367,8518,18536
2025-12-02,GBFXT,port343,Felixstowe,3,5,87170,89892,15070,15070
2025-12-02,INNSA,port776,Mumbai-Jawaharlal Nehru (Nhava Sheva),2,10,93056,118882,62000,96118
2025-12-02,KRPUS,port1065,Busan,32,48,124814,145104,166723,182175
2025-12-02,NLRTM,port1114,Rotterdam,20,79,106513,708890,95715,243030
2025-12-02,PLGDN,port380,Gdansk,5,12,3570,10868,215275,233786
2025-12-02,SGSIN,port1201,Singapore,42,136,752979,1388864,656625,914464
2025-12-02,TRMER,port735,Mersin,3,10,76811,128225,0,1750
2025-12-02,UAODS,port843,Odessa,0,0,0,0,0,0
2025-12-02,USLGB,port664,Los Angeles-Long Beach,3,11,218892,259875,0,70805
2025-12-02,USNYC,port815,New York-New Jersey,8,13,209799,262169,27387,27387
2025-12-03,AEJEA,port744,Jebel Ali,17,27,384287,522296,240267,243807
2025-12-03,BRSSZ,port1160,Santos,6,12,84709,153253,64647,147716
2025-12-03,CNSHA,port1188,Shanghai,33,117,410974,890885,387489,627559
2025-12-03,CNSZX,port1414,Yantian,12,13,2244,2244,129801,129801
2025-12-03,DEHAM,port446,Hamburg,9,20,247120,314861,29359,71153
2025-12-03,EGALY,port23,Alexandria,5,9,18039,21308,84854,88794
2025-12-03,GBFXT,port343,Felixstowe,2,2,32018,32018,67018,67018
2025-12-03,INNSA,port776,Mumbai-Jawaharlal Nehru (Nhava Sheva),3,6,139584,173972,93000,93000
2025-12-03,KRPUS,port1065,Busan,31,44,184995,198439,90705,101092
2025-12-03,NLRTM,port1114,Rotterdam,22,97,266052,839690,117401,349936
2025-12-03,PLGDN,port380,Gdansk,3,6,83240,86729,40911,47930
2025-12-03,SGSIN,port1201,Singapore,44,131,844937,1580608,696154,1009469
2025-12-03,TRMER,port735,Mersin,5,11,16391,29660,40075,46546
2025-12-03,UAODS,port843,Odessa,0,0,0,0,0,0
2025-12-03,USLGB,port664,Los Angeles-Long Beach,9,13,416652,433603,135919,228470
2025-12-03,USNYC,port815,New York-New Jersey,8,11,171917,275738,13167,13167
2025-12-04,AEJEA,port744,Jebel Ali,12,23,260883,385215,242695,249379
2025-12-04,BRSSZ,port1160,Santos,6,12,88946,130850,12313,117541
2025-12-04,CNSHA,port1188,Shanghai,38,141,289017,912530,285463,858636
2025-12-04,CNSZX,port1414,Yantian,10,14,12266,23555,55441,56366
2025-12-04,DEHAM,port446,Hamburg,11,21,169129,227390,173222,181177
2025-12-04,EGALY,port23,Alexandria,4,7,70880,99792,18760,22209
2025-12-04,GBFXT,port343,Felixstowe,1,2,9730,11424,0,0
2025-12-04,INNSA,port776,Mumbai-Jawaharlal Nehru (Nhava Sheva),2,11,46528,126517,35702,37088
2025-12-04,KRPUS,port1065,Busan,34,57,133458,170278,141375,162939
2025-12-04,NLRTM,port1114,Rotterdam,18,82,84213,586769,203066,298292
2025-12-04,PLGDN,port380,Gdansk,3,12,19876,330012,0,3189
2025-12-04,SGSIN,port1201,Singapore,39,114,664726,1253295,884118,1164847
2025-12-04,TRMER,port735,Mersin,6,12,71824,106642,34474,41723
2025-12-04,UAODS,port843,Odessa,0,0,0,0,0,0
2025-12-04,USLGB,port664,Los Angeles-Long Beach,7,15,855754,966365,0,50155
2025-12-04,USNYC,port815,New York-New Jersey,4,7,65119,102244,6691,8306
2025-12-05,AEJEA,port744,Jebel Ali,14,29,138523,182431,138560,141918
2025-12-05,BRSSZ,port1160,Santos,9,17,66614,111272,114861,289408
2025-12-05,CNSHA,port1188,Shanghai,44,126,360930,754012,378791,673497
2025-12-05,CNSZX,port1414,Yantian,9,11,6650,11053,152423,152443
2025-12-05,DEHAM,port446,Hamburg,8,17,79605,110427,35966,44413
2025-12-05,EGALY,port23,Alexandria,4,10,84953,104390,8518,9260
2025-12-05,GBFXT,port343,Felixstowe,2,2,20340,20340,0,0
2025-12-05,INNSA,port776,Mumbai-Jawaharlal Nehru (Nhava Sheva),4,17,398709,659453,5882,72917
2025-12-05,KRPUS,port1065,Busan,28,45,147411,189172,109532,117316
2025-12-05,NLRTM,port1114,Rotterdam,19,73,92649,720218,203531,316747
2025-12-05,PLGDN,port380,Gdansk,4,10,47469,295390,6979,13431
2025-12-05,SGSIN,port1201,Singapore,37,134,839335,1409135,766575,1064257
2025-12-05,TRMER,port735,Mersin,5,10,24767,51974,35407,39706
2025-12-05,UAODS,port843,Odessa,0,0,0,0,0,0
2025-12-05,USLGB,port664,Los Angeles-Long Beach,4,7,292104,520255,201821,201821
2025-12-05,USNYC,port815,New York-New Jersey,8,12,113013,275598,107071,107071
2025-12-06,AEJEA,port744,Jebel Ali,11,19,305228,318452,109856,112925
2025-12-06,BRSSZ,port1160,Santos,6,15,63897,89493,94624,395660
2025-12-06,CNSHA,port1188,Shanghai,44,141,374048,944756,334016,755984
2025-12-06,CNSZX,port1414,Yantian,7,8,10913,11817,78386,79291
2025-12-06,DEHAM,port446,Hamburg,12,20,120316,210558,152010,158199
2025-12-06,EGALY,port23,Alexandria,5,9,24311,144879,37979,38614
2025-12-06,GBFXT,port343,Felixstowe,0,1,0,3067,0,0
2025-12-06,INNSA,port776,Mumbai-Jawaharlal Nehru (Nhava Sheva),8,35,463946,694011,570878,600222
2025-12-06,KRPUS,port1065,Busan,35,60,239143,270030,254533,276810
2025-12-06,NLRTM,port1114,Rotterdam,13,74,140197,742246,77056,191814
2025-12-06,PLGDN,port380,Gdansk,0,7,0,82841,0,0
2025-12-06,SGSIN,port1201,Singapore,37,125,454057,1093957,733262,1104971
2025-12-06,TRMER,port735,Mersin,4,6,98543,98543,39985,41823
2025-12-06,UAODS,port843,Odessa,0,0,0,0,0,0
2025-12-06,USLGB,port664,Los Angeles-Long Beach,2,5,142212,242145,15014,32815
2025-12-06,USNYC,port815,New York-New Jersey,8,14,74750,92131,158240,206116
2025-12-07,AEJEA,port744,Jebel Ali,9,18,130236,234948,126421,128189
2025-12-07,BRSSZ,port1160,Santos,8,17,69516,133464,156125,297723
2025-12-07,CNSHA,port1188,Shanghai,27,101,77910,667550,203076,598629
2025-12-07,CNSZX,port1414,Yantian,16,18,41553,41553,111007,115255
2025-12-07,DEHAM,port446,Hamburg,8,13,40054,118374,270211,273177
2025-12-07,EGALY,port23,Alexandria,0,0,0,0,0,0
2025-12-07,GBFXT,port343,Felixstowe,2,2,78149,78149,167446,167446
2025-12-07,INNSA,port776,Mumbai-Jawaharlal Nehru (Nhava Sheva),4,13,6612,26113,518696,521016
2025-12-07,KRPUS,port1065,Busan,21,40,80096,131804,112141,117800
2025-12-07,NLRTM,port1114,Rotterdam,13,68,25668,459505,70737,207769
2025-12-07,PLGDN,port380,Gdansk,4,12,35297,137737,25491,57687
2025-12-07,SGSIN,port1201,Singapore,35,101,879448,1249403,557258,789188
2025-12-07,TRMER,port735,Mersin,7,9,10847,11685,14905,16204
2025-12-07,UAODS,port843,Odessa,0,0,0,0,0,0
2025-12-07,USLGB,port664,Los Angeles-Long Beach,5,10,218225,290467,26628,45706
2025-12-07,USNYC,port815,New York-New Jersey,7,11,71272,178386,91450,91450
2025-12-08,AEJEA,port744,Jebel Ali,15,26,382589,478768,258732,261342
2025-12-08,BRSSZ,port1160,Santos,5,18,82917,211430,0,335822
2025-12-08,CNSHA,port1188,Shanghai,37,107,199454,607564,223699,573207
2025-12-08,CNSZX,port1414,Yantian,11,12,2000,2905,94570,95475
2025-12-08,DEHAM,port446,Hamburg,13,26,127669,182959,215983,255729
2025-12-08,EGALY,port23,Alexandria,2,13,132851,246827,23520,28319
2025-12-08,GBFXT,port343,Felixstowe,3,7,13590,15941,37435,37811
2025-12-08,INNSA,port776,Mumbai-Jawaharlal Nehru (Nhava Sheva),2,7,46528,104009,73238,95432
2025-12-08,KRPUS,port1065,Busan,37,58,266414,285472,242939,261432
2025-12-08,NLRTM,port1114,Rotterdam,24,77,284508,794479,117138,261392
2025-12-08,PLGDN,port380,Gdansk,3,12,11774,44264,30293,58116
2025-12-08,SGSIN,port1201,Singapore,38,141,560931,904040,831075,1229778
2025-12-08,TRMER,port735,Mersin,1,5,0,12602,4332,5490
2025-12-08,UAODS,port843,Odessa,0,0,0,0,0,0
2025-12-08,USLGB,port664,Los Angeles-Long Beach,3,9,221927,378444,0,97132
2025-12-08,USNYC,port815,New York-New Jersey,5,8,230166,271721,8580,8580
2025-12-09,AEJEA,port744,Jebel Ali,7,16,93020,185304,328547,331960
2025-12-09,BRSSZ,port1160,Santos,8,16,76158,164834,47890,235575
2025-12-09,CNSHA,port1188,Shanghai,41,116,232603,539160,283841,509811
2025-12-09,CNSZX,port1414,Yantian,7,9,6840,6840,26169,27698
2025-12-09,DEHAM,port446,Hamburg,7,14,105928,106318,26579,80992
2025-12-09,EGALY,port23,Alexandria,5,22,60114,194973,8518,30449
2025-12-09,GBFXT,port343,Felixstowe,1,4,25522,31298,0,0
2025-12-09,INNSA,port776,Mumbai-Jawaharlal Nehru (Nhava Sheva),1,3,40239,100152,27598,35170
2025-12-09,KRPUS,port1065,Busan,35,52,163966,190108,247443,256616
2025-12-09,NLRTM,port1114,Rotterdam,15,74,125317,534674,69382,185177
2025-12-09,PLGDN,port380,Gdansk,3,9,16379,227585,114513,118000
2025-12-09,SGSIN,port1201,Singapore,34,115,250702,654376,884966,1165447
2025-12-09,TRMER,port735,Mersin,4,10,26168,36323,32885,42946
2025-12-09,UAODS,port843,Odessa,0,0,0,0,0,0
2025-12-09,USLGB,port664,Los Angeles-Long Beach,5,9,204875,305421,0,32997
2025-12-09,USNYC,port815,New York-New Jersey,4,8,97289,143583,13975,13975
2025-12-10,AEJEA,port744,Jebel Ali,10,23,136721,371299,116710,181808
2025-12-10,BRSSZ,port1160,Santos,5,10,14130,84845,91686,210331
2025-12-10,CNSHA,port1188,Shanghai,36,117,186178,579118,352704,610566
2025-12-10,CNSZX,port1414,Yantian,11,12,16295,17200,122338,123243
2025-12-10,DEHAM,port446,Hamburg,9,15,285095,340556,24659,30224
2025-12-10,EGALY,port23,Alexandria,2,6,14322,41743,21776,26092
2025-12-10,GBFXT,port343,Felixstowe,2,3,28188,28423,0,0
2025-12-10,INNSA,port776,Mumbai-Jawaharlal Nehru (Nhava Sheva),0,3,0,2978,0,2298
2025-12-10,KRPUS,port1065,Busan,29,53,178446,249311,148361,159080
2025-12-10,NLRTM,port1114,Rotterdam,13,87,41382,793412,87029,180143
2025-12-10,PLGDN,port380,Gdansk,2,6,114207,120045,0,3618
2025-12-10,SGSIN,port1201,Singapore,39,122,859983,1416752,749194,1133826
2025-12-10,TRMER,port735,Mersin,3,5,47664,54177,23883,25973
2025-12-10,UAODS,port843,Odessa,0,0,0,0,0,0
2025-12-10,USLGB,port664,Los Angeles-Long Beach,6,9,314095,394517,178703,179773
2025-12-10,USNYC,port815,New York-New Jersey,6,12,139151,285682,83637,90733
2025-12-11,AEJEA,port744,Jebel Ali,17,26,326086,418314,372471,374930
2025-12-11,BRSSZ,port1160,Santos,8,13,38718,55364,120569,239225
2025-12-11,CNSHA,port1188,Shanghai,39,125,247883,679943,374414,718730
2025-12-11,CNSZX,port1414,Yantian,9,11,34540,37797,104005,104005
2025-12-11,DEHAM,port446,Hamburg,7,23,99224,101530,88546,108709
2025-12-11,EGALY,port23,Alexandria,5,14,32732,199688,155167,177964
2025-12-11,GBFXT,port343,Felixstowe,2,4,7648,9869,13307,13307
2025-12-11,INNSA,port776,Mumbai-Jawaharlal Nehru (Nhava Sheva),1,2,46528,46528,31000,31000
2025-12-11,KRPUS,port1065,Busan,32,47,311867,347871,129988,137601
2025-12-11,NLRTM,port1114,Rotterdam,15,75,68854,538701,166301,288407
2025-12-11,PLGDN,port380,Gdansk,5,11,45850,257129,114454,116974
2025-12-11,SGSIN,port1201,Singapore,48,126,839128,1130660,1042488,1429659
2025-12-11,TRMER,port735,Mersin,4,6,21809,37782,36968,36968
2025-12-11,UAODS,port843,Odessa,0,0,0,0,0,0
2025-12-11,USLGB,port664,Los Angeles-Long Beach,10,14,512059,637168,184220,184220
2025-12-11,USNYC,port815,New York-New Jersey,2,4,72093,125379,37231,37231
2025-12-12,AEJEA,port744,Jebel Ali,17,23,440078,459849,176091,220260
2025-12-12,BRSSZ,port1160,Santos,6,14,4177,60662,34129,180300
2025-12-12,CNSHA,port1188,Shanghai,40,120,376735,743585,335477,666465
2025-12-12,CNSZX,port1414,Yantian,5,5,1488,1488,92506,92506
2025-12-12,DEHAM,port446,Hamburg,10,20,59604,69411,100242,109260
2025-12-12,EGALY,port23,Alexandria,5,9,36324,116287,32954,42922
2025-12-12,GBFXT,port343,Felixstowe,4,5,109778,110302,25200,25200
2025-12-12,INNSA,port776,Mumbai-Jawaharlal Nehru (Nhava Sheva),1,2,46528,46757,31000,31000
2025-12-12,KRPUS,port1065,Busan,37,55,83929,119918,252791,264583
2025-12-12,NLRTM,port1114,Rotterdam,19,81,108996,491940,160441,274393
2025-12-12,PLGDN,port380,Gdansk,2,10,6946,103874,12650,24416
2025-12-12,SGSIN,port1201,Singapore,42,145,296772,1305534,760670,1189752
2025-12-12,TRMER,port735,Mersin,4,4,26168,26168,39006,39006
2025-12-12,UAODS,port843,Odessa,0,0,0,0,0,0
2025-12-12,USLGB,port664,Los Angeles-Long Beach,4,8,263008,310101,30028,34307
2025-12-12,USNYC,port815,New York-New Jersey,9,11,182701,185479,60653,60653
2025-12-13,AEJEA,port744,Jebel Ali,14,24,249834,310587,210847,220472
2025-12-13,BRSSZ,port1160,Santos,6,15,194912,270424,67164,375643
2025-12-13,CNSHA,port1188,Shanghai,37,94,295791,511656,250356,606554
2025-12-13,CNSZX,port1414,Yantian,9,9,19978,19978,46843,46843
2025-12-13,DEHAM,port446,Hamburg,9,15,82964,128320,220264,226102
2025-12-13,EGALY,port23,Alexandria,8,13,31488,89654,93285,94556
2025-12-13,GBFXT,port343,Felixstowe,2,2,73485,73485,15070,15070
2025-12-13,INNSA,port776,Mumbai-Jawaharlal Nehru (Nhava Sheva),0,0,0,0,0,0
2025-12-13,KRPUS,port1065,Busan,29,53,77152,124956,220417,229107
2025-12-13,NLRTM,port1114,Rotterdam,18,91,427270,1122042,44973,177540
2025-12-13,PLGDN,port380,Gdansk,3,11,64114,214857,6979,71383
2025-12-13,SGSIN,port1201,Singapore,40,134,1043805,1579262,1094662,1391394
2025-12-13,TRMER,port735,Mersin,3,4,24375,24375,31283,35847
2025-12-13,UAODS,port843,Odessa,0,0,0,0,0,0
2025-12-13,USLGB,port664,Los Angeles-Long Beach,5,8,343633,386645,250044,286969
2025-12-13,USNYC,port815,New York-New Jersey,5,9,124819,278643,17160,19198
2025-12-14,AEJEA,port744,Jebel Ali,15,28,238389,475885,277377,291806
2025-12-14,BRSSZ,port1160,Santos,7,16,73035,78091,68605,349517
2025-12-14,CNSHA,port1188,Shanghai,38,126,341079,812391,278384,593146
2025-12-14,CNSZX,port1414,Yantian,10,12,48255,53343,162186,163091
2025-12-14,DEHAM,port446,Hamburg,6,14,40365,40365,141321,155336
2025-12-14,EGALY,port23,Alexandria,4,9,13856,78848,16250,18676
2025-12-14,GBFXT,port343,Felixstowe,4,4,35345,35345,37834,37834
2025-12-14,INNSA,port776,Mumbai-Jawaharlal Nehru (Nhava Sheva),4,7,93056,159925,240612,241537
2025-12-14,KRPUS,port1065,Busan,25,46,150316,275635,104534,120162
2025-12-14,NLRTM,port1114,Rotterdam,22,78,136346,814923,188242,353977
2025-12-14,PLGDN,port380,Gdansk,4,15,52807,110872,26719,62584
2025-12-14,SGSIN,port1201,Singapore,36,111,710919,1086434,484108,793867
2025-12-14,TRMER,port735,Mersin,3,4,147607,164204,34167,41312
2025-12-14,UAODS,port843,Odessa,0,0,0,0,0,0
2025-12-14,USLGB,port664,Los Angeles-Long Beach,6,9,368597,464314,15014,19127
2025-12-14,USNYC,port815,New York-New Jersey,6,11,77152,204177,23232,23232
2025-12-15,AEJEA,port744,Jebel Ali,14,23,227842,238770,301942,342782
2025-12-15,BRSSZ,port1160,Santos,8,14,51723,78637,90424,232017
2025-12-15,CNSHA,port1188,Shanghai,44,126,424923,867415,272008,557815
2025-12-15,CNSZX,port1414,Yantian,8,8,9020,9020,57386,57386
2025-12-15,DEHAM,port446,Hamburg,11,15,133035,183887,134451,139672
2025-12-15,EGALY,port23,Alexandria,5,9,4370,19534,39718,60363
2025-12-15,GBFXT,port343,Felixstowe,2,5,7784,12978,113253,113311
2025-12-15,INNSA,port776,Mumbai-Jawaharlal Nehru (Nhava Sheva),2,4,93056,124244,62000,62429
2025-12-15,KRPUS,port1065,Busan,29,43,203906,223510,206568,212375
2025-12-15,NLRTM,port1114,Rotterdam,15,70,34269,424720,110359,221999
2025-12-15,PLGDN,port380,Gdansk,3,11,18328,42005,0,2662
2025-12-15,SGSIN,port1201,Singapore,31,153,1294399,1781538,575976,1059629
2025-12-15,TRMER,port735,Mersin,1,3,8722,8821,10961,14987
2025-12-15,UAODS,port843,Odessa,0,0,0,0,0,0
2025-12-15,USLGB,port664,Los Angeles-Long Beach,2,6,95168,165893,34308,34966
2025-12-15,USNYC,port815,New York-New Jersey,9,14,119164,252223,105498,105498
2025-12-16,AEJEA,port744,Jebel Ali,11,20,195326,216342,185726,189579
2025-12-16,BRSSZ,port1160,Santos,7,17,30717,80648,168732,424866
2025-12-16,CNSHA,port1188,Shanghai,37,111,244308,830150,272467,704273
2025-12-16,CNSZX,port1414,Yantian,14,16,12520,13424,122710,123615
2025-12-16,DEHAM,port446,Hamburg,7,15,92547,216192,22769,25013
2025-12-16,EGALY,port23,Alexandria,2,9,20599,146996,2334,13343
2025-12-16,GBFXT,port343,Felixstowe,2,4,1235,3171,67767,67767
2025-12-16,INNSA,port776,Mumbai-Jawaharlal Nehru (Nhava Sheva),5,7,197206,263449,191183,193993
2025-12-16,KRPUS,port1065,Busan,29,51,150317,178361,226501,238526
2025-12-16,NLRTM,port1114,Rotterdam,18,75,203631,420422,90203,322090
2025-12-16,PLGDN,port380,Gdansk,4,12,7706,92525,115471,150893
2025-12-16,SGSIN,port1201,Singapore,45,134,877379,1492090,743948,1093814
2025-12-16,TRMER,port735,Mersin,2,4,0,0,11185,14303
2025-12-16,UAODS,port843,Odessa,0,0,0,0,0,0
2025-12-16,USLGB,port664,Los Angeles-Long Beach,5,11,166591,390974,12197,86619
2025-12-16,USNYC,port815,New York-New Jersey,7,10,214355,253694,11148,11148
2025-12-17,AEJEA,port744,Jebel Ali,12,18,446937,494796,104537,107283
2025-12-17,BRSSZ,port1160,Santos,4,10,36303,36303,15998,257380
2025-12-17,CNSHA,port1188,Shanghai,34,114,233737,677846,308595,576795
2025-12-17,CNSZX,port1414,Yantian,11,11,8364,8364,130544,130544
2025-12-17,DEHAM,port446,Hamburg,15,20,364329,392932,112309,120140
2025-12-17,EGALY,port23,Alexandria,7,12,126833,206154,135651,145894
2025-12-17,GBFXT,port343,Felixstowe,2,3,20002,21167,0,674
2025-12-17,INNSA,port776,Mumbai-Jawaharlal Nehru (Nhava Sheva),3,3,139584,139584,93000,93000
2025-12-17,KRPUS,port1065,Busan,31,54,200769,224123,121217,128492
2025-12-17,NLRTM,port1114,Rotterdam,18,78,30158,635809,105349,207644
2025-12-17,PLGDN,port380,Gdansk,3,10,111543,164309,25097,78069
2025-12-17,SGSIN,port1201,Singapore,39,110,602781,1044156,667259,942590
2025-12-17,TRMER,port735,Mersin,3,6,44694,79695,21923,21923
2025-12-17,UAODS,port843,Odessa,0,0,0,0,0,0
2025-12-17,USLGB,port664,Los Angeles-Long Beach,7,13,531679,710408,204807,204807
2025-12-17,USNYC,port815,New York-New Jersey,9,12,210734,352715,16067,18105
2025-12-18,AEJEA,port744,Jebel Ali,11,17,379469,600835,220091,232599
2025-12-18,BRSSZ,port1160,Santos,8,19,42125,56108,35420,269068
2025-12-18,CNSHA,port1188,Shanghai,36,117,281669,836934,220274,705799
2025-12-18,CNSZX,port1414,Yantian,7,9,8169,11630,33213,34117
2025-12-18,DEHAM,port446,Hamburg,9,18,12510,44477,176857,192556
2025-12-18,EGALY,port23,Alexandria,4,9,40234,87739,8518,17355
2025-12-18,GBFXT,port343,Felixstowe,1,2,1964,9275,0,0
2025-12-18,INNSA,port776,Mumbai-Jawaharlal Nehru (Nhava Sheva),1,4,46528,221986,31000,33810
2025-12-18,KRPUS,port1065,Busan,31,46,271807,294980,132265,137392
2025-12-18,NLRTM,port1114,Rotterdam,21,86,213572,896267,170522,368817
2025-12-18,PLGDN,port380,Gdansk,2,12,0,7509,136043,141282
2025-12-18,SGSIN,port1201,Singapore,36,113,989059,1375137,604103,991416
2025-12-18,TRMER,port735,Mersin,6,12,47245,108300,36281,39014
2025-12-18,UAODS,port843,Odessa,0,0,0,0,0,0
2025-12-18,USLGB,port664,Los Angeles-Long Beach,4,7,113833,118943,62382,62382
2025-12-18,USNYC,port815,New York-New Jersey,9,15,265853,413070,52034,52350
2025-12-19,AEJEA,port744,Jebel Ali,9,15,254960,347879,198577,205023
2025-12-19,BRSSZ,port1160,Santos,5,21,87079,258544,40511,401788
2025-12-19,CNSHA,port1188,Shanghai,42,128,515048,884686,302528,1010890
2025-12-19,CNSZX,port1414,Yantian,10,12,7053,11456,99863,99883
2025-12-19,DEHAM,port446,Hamburg,7,14,39474,78262,92137,96041
2025-12-19,EGALY,port23,Alexandria,3,15,2879,49380,3138,44925
2025-12-19,GBFXT,port343,Felixstowe,5,5,7978,7978,6399,6399
2025-12-19,INNSA,port776,Mumbai-Jawaharlal Nehru (Nhava Sheva),3,7,93056,175225,114540,118329
2025-12-19,KRPUS,port1065,Busan,36,60,150372,205422,197467,215318
2025-12-19,NLRTM,port1114,Rotterdam,19,79,76659,626145,149480,284633
2025-12-19,PLGDN,port380,Gdansk,2,9,36992,191003,16159,19823
2025-12-19,SGSIN,port1201,Singapore,42,134,538319,901480,1279304,1656313
2025-12-19,TRMER,port735,Mersin,4,7,10256,23689,43790,44733
2025-12-19,UAODS,port843,Odessa,0,0,0,0,0,0
2025-12-19,USLGB,port664,Los Angeles-Long Beach,5,12,499540,607881,15014,32848
2025-12-19,USNYC,port815,New York-New Jersey,4,8,54954,96098,25654,56117
2025-12-20,AEJEA,port744,Jebel Ali,15,33,410916,462941,383030,483495
2025-12-20,BRSSZ,port1160,Santos,7,14,89787,96943,210328,283390
2025-12-20,CNSHA,port1188,Shanghai,36,102,811453,1409432,232732,568513
2025-12-20,CNSZX,port1414,Yantian,10,10,39513,39513,30744,30744
2025-12-20,DEHAM,port446,Hamburg,6,16,248719,265732,12886,30432
2025-12-20,EGALY,port23,Alexandria,5,13,98854,160707,40646,52987
2025-12-20,GBFXT,port343,Felixstowe,2,3,76907,76907,0,1032
2025-12-20,INNSA,port776,Mumbai-Jawaharlal Nehru (Nhava Sheva),3,5,93056,144080,172917,172917
2025-12-20,KRPUS,port1065,Busan,32,50,87562,113812,197205,212430
2025-12-20,NLRTM,port1114,Rotterdam,21,70,192433,298757,139540,246522
2025-12-20,PLGDN,port380,Gdansk,3,7,180031,228889,0,1604
2025-12-20,SGSIN,port1201,Singapore,37,113,727887,1152737,956802,1230164
2025-12-20,TRMER,port735,Mersin,6,11,97117,151800,10961,10961
2025-12-20,UAODS,port843,Odessa,0,0,0,0,0,0
2025-12-20,USLGB,port664,Los Angeles-Long Beach,9,13,451955,489576,237016,273310
2025-12-20,USNYC,port815,New York-New Jersey,4,8,46643,97619,58009,113169
2025-12-21,AEJEA,port744,Jebel Ali,12,20,176920,349822,182549,187733
2025-12-21,BRSSZ,port1160,Santos,4,13,1453,1453,46838,391044
2025-12-21,CNSHA,port1188,Shanghai,38,123,344199,1020434,256682,698465
2025-12-21,CNSZX,port1414,Yantian,12,15,20284,22227,126469,127373
2025-12-21,DEHAM,port446,Hamburg,14,22,91532,99404,589836,608965
2025-12-21,EGALY,port23,Alexandria,2,5,15396,45995,8805,35093
2025-12-21,GBFXT,port343,Felixstowe,3,3,73388,73388,0,0
2025-12-21,INNSA,port776,Mumbai-Jawaharlal Nehru (Nhava Sheva),2,5,161013,177779,31000,37150
2025-12-21,KRPUS,port1065,Busan,36,52,176972,200636,162573,169059
2025-12-21,NLRTM,port1114,Rotterdam,13,66,96665,290524,86103,150386
2025-12-21,PLGDN,port380,Gdansk,3,11,76943,141191,11768,16379
2025-12-21,SGSIN,port1201,Singapore,44,123,715630,1435292,716397,1060870
2025-12-21,TRMER,port735,Mersin,3,5,18087,22004,8111,8111
2025-12-21,UAODS,port843,Odessa,0,0,0,0,0,0
2025-12-21,USLGB,port664,Los Angeles-Long Beach,4,7,222587,432813,76287,76287
2025-12-21,USNYC,port815,New York-New Jersey,7,11,71702,246045,39875,39875
2025-12-22,AEJEA,port744,Jebel Ali,15,29,122317,339056,169699,176375
2025-12-22,BRSSZ,port1160,Santos,7,17,8654,64575,85967,268170
2025-12-22,CNSHA,port1188,Shanghai,47,133,432797,907937,263453,790043
2025-12-22,CNSZX,port1414,Yantian,14,16,9009,9009,142390,142390
2025-12-22,DEHAM,port446,Hamburg,8,17,153555,211318,64795,123432
2025-12-22,EGALY,port23,Alexandria,7,22,50221,177768,27413,37000
2025-12-22,GBFXT,port343,Felixstowe,3,5,0,3638,101538,101597
2025-12-22,INNSA,port776,Mumbai-Jawaharlal Nehru (Nhava Sheva),2,4,86768,116453,58598,61503
2025-12-22,KRPUS,port1065,Busan,37,65,208722,268539,226406,239868
2025-12-22,NLRTM,port1114,Rotterdam,19,90,412537,952784,80747,160238
2025-12-22,PLGDN,port380,Gdansk,4,9,23282,72674,67693,72846
2025-12-22,SGSIN,port1201,Singapore,40,146,871926,1359681,569212,1122334
2025-12-22,TRMER,port735,Mersin,4,7,35535,50820,12438,37247
2025-12-22,UAODS,port843,Odessa,0,0,0,0,0,0
2025-12-22,USLGB,port664,Los Angeles-Long Beach,2,7,88887,92324,0,55217
2025-12-22,USNYC,port815,New York-New Jersey,7,11,157530,216700,7297,7297
2025-12-23,AEJEA,port744,Jebel Ali,10,21,70991,190280,235668,238459
2025-12-23,BRSSZ,port1160,Santos,5,15,70776,77397,12313,350835
2025-12-23,CNSHA,port1188,Shanghai,30,102,195044,507739,298397,970158
2025-12-23,CNSZX,port1414,Yantian,8,10,4692,6530,97442,98346
2025-12-23,DEHAM,port446,Hamburg,10,18,78865,224205,194161,197276
2025-12-23,EGALY,port23,Alexandria,5,12,10114,74504,43994,45265
2025-12-23,GBFXT,port343,Felixstowe,1,3,0,1543,11327,11327
2025-12-23,INNSA,port776,Mumbai-Jawaharlal Nehru (Nhava Sheva),2,6,40239,553180,158080,158080
2025-12-23,KRPUS,port1065,Busan,32,60,216955,289598,146382,197159
2025-12-23,NLRTM,port1114,Rotterdam,13,69,32611,455700,155391,245277
2025-12-23,PLGDN,port380,Gdansk,2,9,67927,290719,104511,105045
2025-12-23,SGSIN,port1201,Singapore,40,109,811110,1066171,549896,787429
2025-12-23,TRMER,port735,Mersin,5,13,37118,115912,38336,77918
2025-12-23,UAODS,port843,Odessa,0,0,0,0,0,0
2025-12-23,USLGB,port664,Los Angeles-Long Beach,9,13,214358,221580,347816,348339
2025-12-23,USNYC,port815,New York-New Jersey,5,7,189447,200812,88612,89163
2025-12-24,AEJEA,port744,Jebel Ali,12,28,504950,698890,56813,126713
2025-12-24,BRSSZ,port1160,Santos,6,13,29800,54405,70417,222146
2025-12-24,CNSHA,port1188,Shanghai,41,126,291260,692124,308788,677882
2025-12-24,CNSZX,port1414,Yantian,12,13,25083,25083,134814,134814
2025-12-24,DEHAM,port446,Hamburg,5,11,79214,84219,27301,36923
2025-12-24,EGALY,port23,Alexandria,4,10,8462,11350,25886,30748
2025-12-24,GBFXT,port343,Felixstowe,0,1,0,0,0,0
2025-12-24,INNSA,port776,Mumbai-Jawaharlal Nehru (Nhava Sheva),2,5,93056,113961,62000,82822
2025-12-24,KRPUS,port1065,Busan,36,55,293144,325857,264924,299521
2025-12-24,NLRTM,port1114,Rotterdam,10,66,28013,407893,37088,116097
2025-12-24,PLGDN,port380,Gdansk,0,4,0,132193,0,14744
2025-12-24,SGSIN,port1201,Singapore,39,127,881204,1339445,782804,1166535
2025-12-24,TRMER,port735,Mersin,3,9,43462,90452,28142,28142
2025-12-24,UAODS,port843,Odessa,0,0,0,0,0,0
2025-12-24,USLGB,port664,Los Angeles-Long Beach,5,7,266128,270245,23850,23850
2025-12-24,USNYC,port815,New York-New Jersey,1,5,99972,242497,0,0
2025-12-25,AEJEA,port744,Jebel Ali,13,23,365775,581267,227070,228250
2025-12-25,BRSSZ,port1160,Santos,4,11,68725,168260,57329,108563
2025-12-25,CNSHA,port1188,Shanghai,40,98,215604,937277,404145,609087
2025-12-25,CNSZX,port1414,Yantian,10,11,1526,1526,77792,77792
2025-12-25,DEHAM,port446,Hamburg,2,9,0,17044,50720,55940
2025-12-25,EGALY,port23,Alexandria,6,16,0,115393,32838,96845
2025-12-25,GBFXT,port343,Felixstowe,0,0,0,0,0,0
2025-12-25,INNSA,port776,Mumbai-Jawaharlal Nehru (Nhava Sheva),5,8,269006,284269,89598,94255
2025-12-25,KRPUS,port1065,Busan,31,41,274043,290936,132579,136234
2025-12-25,NLRTM,port1114,Rotterdam,4,55,7566,645561,5892,102810
2025-12-25,PLGDN,port380,Gdansk,2,3,28238,141038,16159,16159
2025-12-25,SGSIN,port1201,Singapore,41,136,919681,1549333,623797,1169894
2025-12-25,TRMER,port735,Mersin,5,9,22271,84137,99140,103461
2025-12-25,UAODS,port843,Odessa,0,0,0,0,0,0
2025-12-25,USLGB,port664,Los Angeles-Long Beach,1,4,0,137183,48726,87488
2025-12-25,USNYC,port815,New York-New Jersey,0,0,0,0,0,0
2025-12-26,AEJEA,port744,Jebel Ali,14,27,236333,423310,417143,473067
2025-12-26,BRSSZ,port1160,Santos,7,17,41648,41648,42734,337942
2025-12-26,CNSHA,port1188,Shanghai,42,126,382181,966063,346225,855278
2025-12-26,CNSZX,port1414,Yantian,8,9,24715,24715,101402,101402
2025-12-26,DEHAM,port446,Hamburg,8,14,66178,74229,95782,99060
2025-12-26,EGALY,port23,Alexandria,4,9,22477,80134,21776,33220
2025-12-26,GBFXT,port343,Felixstowe,0,1,0,3529,0,0
2025-12-26,INNSA,port776,Mumbai-Jawaharlal Nehru (Nhava Sheva),7,13,272880,338078,420616,444910
2025-12-26,KRPUS,port1065,Busan,19,52,87432,137284,165819,217231
2025-12-26,NLRTM,port1114,Rotterdam,14,64,441168,857514,81872,263092
2025-12-26,PLGDN,port380,Gdansk,4,12,184580,284649,12650,31212
2025-12-26,SGSIN,port1201,Singapore,33,120,574958,1327774,630497,911238
2025-12-26,TRMER,port735,Mersin,4,8,22301,47613,49615,50601
2025-12-26,UAODS,port843,Odessa,0,0,0,0,0,0
2025-12-26,USLGB,port664,Los Angeles-Long Beach,10,17,954957,1073309,15014,32248
2025-12-26,USNYC,port815,New York-New Jersey,9,16,190270,345828,59156,69254
2025-12-27,AEJEA,port744,Jebel Ali,16,24,427497,541193,225060,232327
2025-12-27,BRSSZ,port1160,Santos,6,14,95216,140608,24627,192000
2025-12-27,CNSHA,port1188,Shanghai,28,113,269035,840370,308720,832975
2025-12-27,CNSZX,port1414,Yantian,9,10,19383,20287,111479,112383
2025-12-27,DEHAM,port446,Hamburg,7,16,46710,58682,192872,204936
2025-12-27,EGALY,port23,Alexandria,2,10,16057,98670,17037,29489
2025-12-27,GBFXT,port343,Felixstowe,2,4,17546,20381,53808,53808
2025-12-27,INNSA,port776,Mumbai-Jawaharlal Nehru (Nhava Sheva),7,9,272880,301968,213096,214991
2025-12-27,KRPUS,port1065,Busan,38,58,118445,154120,233275,242872
2025-12-27,NLRTM,port1114,Rotterdam,16,82,52255,836010,65987,238654
2025-12-27,PLGDN,port380,Gdansk,3,9,50980,184972,16159,44681
2025-12-27,SGSIN,port1201,Singapore,42,113,580034,1341846,904981,1106892
2025-12-27,TRMER,port735,Mersin,4,7,2902,2902,19659,61500
2025-12-27,UAODS,port843,Odessa,0,0,0,0,0,0
2025-12-27,USLGB,port664,Los Angeles-Long Beach,4,6,65733,68578,6838,21736
2025-12-27,USNYC,port815,New York-New Jersey,3,9,99725,118725,0,2825
2025-12-28,AEJEA,port744,Jebel Ali,12,21,97525,142594,165759,199211
2025-12-28,BRSSZ,port1160,Santos,6,13,76901,98154,109065,375288
2025-12-28,CNSHA,port1188,Shanghai,38,120,533772,930392,204071,591752
2025-12-28,CNSZX,port1414,Yantian,11,12,12707,12707,65245,65245
2025-12-28,DEHAM,port446,Hamburg,7,14,160174,170128,108717,119068
2025-12-28,EGALY,port23,Alexandria,0,0,0,0,0,0
2025-12-28,GBFXT,port343,Felixstowe,3,4,81319,81319,0,0
2025-12-28,INNSA,port776,Mumbai-Jawaharlal Nehru (Nhava Sheva),4,7,86768,131689,231513,260215
2025-12-28,KRPUS,port1065,Busan,38,64,208693,259854,177287,187953
2025-12-28,NLRTM,port1114,Rotterdam,17,66,180973,743446,60798,129141
2025-12-28,PLGDN,port380,Gdansk,2,6,46143,90275,16159,16159
2025-12-28,SGSIN,port1201,Singapore,29,118,358683,1136447,544497,769479
2025-12-28,TRMER,port735,Mersin,6,11,34365,72569,23430,78606
2025-12-28,UAODS,port843,Odessa,0,0,0,0,0,0
2025-12-28,USLGB,port664,Los Angeles-Long Beach,5,11,402288,630347,15014,22405
2025-12-28,USNYC,port815,New York-New Jersey,7,11,42631,140988,101521,102073
2025-12-29,AEJEA,port744,Jebel Ali,11,22,366006,432721,159011,159813
2025-12-29,BRSSZ,port1160,Santos,4,12,42653,108699,47513,338294
2025-12-29,CNSHA,port1188,Shanghai,39,113,331649,1015189,370108,588792
2025-12-29,CNSZX,port1414,Yantian,15,15,5418,5418,124289,124289
2025-12-29,DEHAM,port446,Hamburg,12,21,142453,361394,157963,166884
2025-12-29,EGALY,port23,Alexandria,2,10,0,81143,158066,185798
2025-12-29,GBFXT,port343,Felixstowe,4,5,77800,78272,15070,15129
2025-12-29,INNSA,port776,Mumbai-Jawaharlal Nehru (Nhava Sheva),4,8,128641,172627,132157,146040
2025-12-29,KRPUS,port1065,Busan,31,63,158999,204891,158814,178793
2025-12-29,NLRTM,port1114,Rotterdam,19,80,232939,1017136,136117,214720
2025-12-29,PLGDN,port380,Gdansk,2,12,24540,76452,0,19457
2025-12-29,SGSIN,port1201,Singapore,41,133,1042791,1561715,514292,811551
2025-12-29,TRMER,port735,Mersin,4,4,2833,2833,11275,11275
2025-12-29,UAODS,port843,Odessa,0,0,0,0,0,0
2025-12-29,USLGB,port664,Los Angeles-Long Beach,6,11,493943,712410,106341,106341
2025-12-29,USNYC,port815,New York-New Jersey,4,6,120486,156279,0,0
2025-12-30,AEJEA,port744,Jebel Ali,10,23,122791,248364,318253,338640
2025-12-30,BRSSZ,port1160,Santos,7,15,16099,67721,159528,495708
2025-12-30,CNSHA,port1188,Shanghai,35,112,95098,575884,561800,1090124
2025-12-30,CNSZX,port1414,Yantian,12,15,21326,25296,107111,108015
2025-12-30,DEHAM,port446,Hamburg,7,15,288784,302631,68930,93122
2025-12-30,EGALY,port23,Alexandria,5,16,168875,189565,21968,99537
2025-12-30,GBFXT,port343,Felixstowe,3,5,29407,30951,15070,15070
2025-12-30,INNSA,port776,Mumbai-Jawaharlal Nehru (Nhava Sheva),3,7,139584,150942,93000,93959
2025-12-30,KRPUS,port1065,Busan,31,51,223501,257147,192872,210364
2025-12-30,NLRTM,port1114,Rotterdam,16,71,131363,431982,210809,300338
2025-12-30,PLGDN,port380,Gdansk,0,1,0,597,0,0
2025-12-30,SGSIN,port1201,Singapore,39,131,879538,1572731,613160,959300
2025-12-30,TRMER,port735,Mersin,3,6,61627,72717,0,2641
2025-12-30,UAODS,port843,Odessa,0,0,0,0,0,0
2025-12-30,USLGB,port664,Los Angeles-Long Beach,8,14,534168,612005,164782,171948
2025-12-30,USNYC,port815,New York-New Jersey,4,8,63237,181333,34738,35385
2025-12-31,AEJEA,port744,Jebel Ali,13,23,264444,466213,291771,304103
2025-12-31,BRSSZ,port1160,Santos,8,14,38672,45690,96778,306793
2025-12-31,CNSHA,port1188,Shanghai,36,108,194801,518532,347200,704172
2025-12-31,CNSZX,port1414,Yantian,13,15,24996,26035,144635,144635
2025-12-31,DEHAM,port446,Hamburg,5,16,47838,87130,17190,24433
2025-12-31,EGALY,port23,Alexandria,4,12,37316,131597,8518,18196
2025-12-31,GBFXT,port343,Felixstowe,3,5,43695,44167,0,58
2025-12-31,INNSA,port776,Mumbai-Jawaharlal Nehru (Nhava Sheva),5,7,198326,217125,120598,121189
2025-12-31,KRPUS,port1065,Busan,29,45,325838,362879,77166,91279
2025-12-31,NLRTM,port1114,Rotterdam,14,82,82475,689640,161555,417504
2025-12-31,PLGDN,port380,Gdansk,1,9,15696,221142,0,63220
2025-12-31,SGSIN,port1201,Singapore,38,123,831357,1343447,747472,1161294
2025-12-31,TRMER,port735,Mersin,4,5,17445,17445,67863,69208
2025-12-31,UAODS,port843,Odessa,0,0,0,0,0,0
2025-12-31,USLGB,port664,Los Angeles-Long Beach,1,4,92590,156189,0,9348
2025-12-31,USNYC,port815,New York-New Jersey,5,7,149517,171039,0,0
2026-01-01,AEJEA,port744,Jebel Ali,12,25,178479,384502,116020,183128
2026-01-01,BRSSZ,port1160,Santos,3,11,23406,84984,10031,116253
2026-01-01,CNSHA,port1188,Shanghai,29,86,366985,766268,294675,518734
2026-01-01,CNSZX,port1414,Yantian,8,8,4389,4389,119977,119977
2026-01-01,DEHAM,port446,Hamburg,6,9,62820,66122,6922,8884
2026-01-01,EGALY,port23,Alexandria,3,10,46043,77443,7258,12873
2026-01-01,GBFXT,port343,Felixstowe,1,2,5522,5522,0,0
2026-01-01,INNSA,port776,Mumbai-Jawaharlal Nehru (Nhava Sheva),4,7,172669,230150,107068,120954
2026-01-01,KRPUS,port1065,Busan,30,50,107388,147662,196594,209954
2026-01-01,NLRTM,port1114,Rotterdam,9,75,171709,1101411,24616,109172
2026-01-01,PLGDN,port380,Gdansk,3,10,174859,285806,0,17742
2026-01-01,SGSIN,port1201,Singapore,39,131,770780,1180801,767532,1038079
2026-01-01,TRMER,port735,Mersin,3,3,6168,6168,35674,35674
2026-01-01,UAODS,port843,Odessa,0,0,0,0,0,0
2026-01-01,USLGB,port664,Los Angeles-Long Beach,1,4,53336,53336,25162,71341
2026-01-01,USNYC,port815,New York-New Jersey,0,3,0,98629,0,1343
2026-01-02,AEJEA,port744,Jebel Ali,16,26,218754,277543,281051,281150
2026-01-02,BRSSZ,port1160,Santos,7,17,46462,165855,14599,274986
2026-01-02,CNSHA,port1188,Shanghai,44,126,458704,794522,490544,664171
2026-01-02,CNSZX,port1414,Yantian,8,8,4389,4389,61175,61175
2026-01-02,DEHAM,port446,Hamburg,4,7,10769,26363,58012,58012
2026-01-02,EGALY,port23,Alexandria,4,6,56363,92561,11667,15348
2026-01-02,GBFXT,port343,Felixstowe,1,2,15168,15168,9392,10088
2026-01-02,INNSA,port776,Mumbai-Jawaharlal Nehru (Nhava Sheva),5,7,152026,161014,263547,263991
2026-01-02,KRPUS,port1065,Busan,29,47,100284,135581,243170,251073
2026-01-02,NLRTM,port1114,Rotterdam,6,46,50579,334609,6246,116844
2026-01-02,PLGDN,port380,Gdansk,3,10,13979,181407,17398,18378
2026-01-02,SGSIN,port1201,Singapore,46,128,900042,1262781,786329,1033526
2026-01-02,TRMER,port735,Mersin,5,8,145052,173881,33459,34402
2026-01-02,UAODS,port843,Odessa,0,0,0,0,0,0
2026-01-02,USLGB,port664,Los Angeles-Long Beach,7,10,410852,629267,124257,201463
2026-01-02,USNYC,port815,New York-New Jersey,13,19,256730,259343,89453,98774
2026-01-03,AEJEA,port744,Jebel Ali,14,25,450432,527738,130442,133983
2026-01-03,BRSSZ,port1160,Santos,6,13,107092,157813,29794,221419
2026-01-03,CNSHA,port1188,Shanghai,36,124,350048,1459358,400847,887716
2026-01-03,CNSZX,port1414,Yantian,10,12,38810,44117,102968,103893
2026-01-03,DEHAM,port446,Hamburg,10,15,289849,451421,60414,71965
2026-01-03,EGALY,port23,Alexandria,6,15,20797,100044,110793,113487
2026-01-03,GBFXT,port343,Felixstowe,2,3,38019,38019,25827,25827
2026-01-03,INNSA,port776,Mumbai-Jawaharlal Nehru (Nhava Sheva),5,12,196678,249753,142578,167564
2026-01-03,KRPUS,port1065,Busan,37,54,235146,261483,163223,170106
2026-01-03,NLRTM,port1114,Rotterdam,10,55,175265,397892,27136,170196
2026-01-03,PLGDN,port380,Gdansk,3,6,5127,125263,98445,98445
2026-01-03,SGSIN,port1201,Singapore,39,129,390746,1081290,863902,1255110
2026-01-03,TRMER,port735,Mersin,1,2,0,0,0,942
2026-01-03,UAODS,port843,Odessa,0,0,0,0,0,0
2026-01-03,USLGB,port664,Los Angeles-Long Beach,4,7,495965,495965,0,0
2026-01-03,USNYC,port815,New York-New Jersey,4,8,62447,145837,107647,107647
2026-01-04,AEJEA,port744,Jebel Ali,10,20,184791,267800,277713,291917
2026-01-04,BRSSZ,port1160,Santos,3,10,0,7018,51151,141977
2026-01-04,CNSHA,port1188,Shanghai,30,82,365677,554839,307761,518422
2026-01-04,CNSZX,port1414,Yantian,12,13,22142,22142,132209,132209
2026-01-04,DEHAM,port446,Hamburg,3,7,43103,49461,15077,19142
2026-01-04,EGALY,port23,Alexandria,1,9,10398,68996,7258,25784
2026-01-04,GBFXT,port343,Felixstowe,3,4,36350,42253,127104,127104
2026-01-04,INNSA,port776,Mumbai-Jawaharlal Nehru (Nhava Sheva),3,5,78671,107938,191996,194746
2026-01-04,KRPUS,port1065,Busan,28,53,81914,134345,102016,116472
2026-01-04,NLRTM,port1114,Rotterdam,16,65,113318,543598,35941,87110
2026-01-04,PLGDN,port380,Gdansk,2,10,4240,267176,2547,10436
2026-01-04,SGSIN,port1201,Singapore,39,113,745011,1071806,607142,995608
2026-01-04,TRMER,port735,Mersin,4,7,21377,23339,15041,17930
2026-01-04,UAODS,port843,Odessa,0,0,0,0,0,0
2026-01-04,USLGB,port664,Los Angeles-Long Beach,8,11,590400,610744,195171,199719
2026-01-04,USNYC,port815,New York-New Jersey,10,13,218614,372372,102113,102113
2026-01-05,AEJEA,port744,Jebel Ali,13,31,401104,696303,200836,205557
2026-01-05,BRSSZ,port1160,Santos,5,9,52306,120180,39454,64932
2026-01-05,CNSHA,port1188,Shanghai,40,122,419039,862558,342172,789396
2026-01-05,CNSZX,port1414,Yantian,6,7,3978,4883,88268,89172
2026-01-05,DEHAM,port446,Hamburg,8,14,47092,126144,42898,57285
2026-01-05,EGALY,port23,Alexandria,6,18,77922,200223,48623,65995
2026-01-05,GBFXT,port343,Felixstowe,1,2,1602,1602,0,0
2026-01-05,INNSA,port776,Mumbai-Jawaharlal Nehru (Nhava Sheva),1,5,39335,207212,28515,36221
2026-01-05,KRPUS,port1065,Busan,30,49,257551,308186,101873,109967
2026-01-05,NLRTM,port1114,Rotterdam,20,89,75673,733569,174708,279287
2026-01-05,PLGDN,port380,Gdansk,3,7,135099,137399,90280,90951
2026-01-05,SGSIN,port1201,Singapore,43,144,785541,1356181,745041,1182982
2026-01-05,TRMER,port735,Mersin,0,0,0,0,0,0
2026-01-05,UAODS,port843,Odessa,0,0,0,0,0,0
2026-01-05,USLGB,port664,Los Angeles-Long Beach,4,9,196244,227272,0,7444
2026-01-05,USNYC,port815,New York-New Jersey,5,13,12402,116433,94191,95699
2026-01-06,AEJEA,port744,Jebel Ali,12,20,272319,335575,376341,377702
2026-01-06,BRSSZ,port1160,Santos,5,10,2625,77435,16696,95470
2026-01-06,CNSHA,port1188,Shanghai,42,132,317658,814232,470714,792159
2026-01-06,CNSZX,port1414,Yantian,12,14,38370,39785,102745,106972
2026-01-06,DEHAM,port446,Hamburg,6,13,43692,75190,66777,76751
2026-01-06,EGALY,port23,Alexandria,4,11,64506,146435,7258,12603
2026-01-06,GBFXT,port343,Felixstowe,3,7,46693,49673,0,58
2026-01-06,INNSA,port776,Mumbai-Jawaharlal Nehru (Nhava Sheva),4,9,78671,172559,262689,272675
2026-01-06,KRPUS,port1065,Busan,29,45,185340,233549,126894,136665
2026-01-06,NLRTM,port1114,Rotterdam,23,98,502719,1326035,185291,336638
2026-01-06,PLGDN,port380,Gdansk,1,5,152613,395798,0,0
2026-01-06,SGSIN,port1201,Singapore,41,117,768227,1214558,571208,841252
2026-01-06,TRMER,port735,Mersin,2,5,0,3206,4538,7250
2026-01-06,UAODS,port843,Odessa,0,0,0,0,0,0
2026-01-06,USLGB,port664,Los Angeles-Long Beach,4,11,312680,347952,0,0
2026-01-06,USNYC,port815,New York-New Jersey,9,12,385135,419848,13020,13020
2026-01-07,AEJEA,port744,Jebel Ali,13,27,374508,413611,183955,192055
2026-01-07,BRSSZ,port1160,Santos,8,20,86341,169295,79727,315393
2026-01-07,CNSHA,port1188,Shanghai,35,110,616087,1029668,351192,820985
2026-01-07,CNSZX,port1414,Yantian,9,11,4919,22053,101706,102610
2026-01-07,DEHAM,port446,Hamburg,7,14,119485,218671,48842,54285
2026-01-07,EGALY,port23,Alexandria,6,10,240009,270777,65442,69759
2026-01-07,GBFXT,port343,Felixstowe,2,3,77419,77419,0,0
2026-01-07,INNSA,port776,Mumbai-Jawaharlal Nehru (Nhava Sheva),2,3,39335,46734,107915,110725
2026-01-07,KRPUS,port1065,Busan,33,55,168879,197758,234542,246682
2026-01-07,NLRTM,port1114,Rotterdam,13,88,128974,498314,92920,310594
2026-01-07,PLGDN,port380,Gdansk,2,13,18957,200973,0,9330
2026-01-07,SGSIN,port1201,Singapore,41,133,1302216,1808601,795253,1159005
2026-01-07,TRMER,port735,Mersin,1,7,0,580,4258,20443
2026-01-07,UAODS,port843,Odessa,0,0,0,0,0,0
2026-01-07,USLGB,port664,Los Angeles-Long Beach,6,12,426929,471714,259170,305619
2026-01-07,USNYC,port815,New York-New Jersey,8,10,220671,220671,22517,22517
2026-01-08,AEJEA,port744,Jebel Ali,17,30,250908,336287,226265,271622
2026-01-08,BRSSZ,port1160,Santos,9,14,84103,198639,103840,210277
2026-01-08,CNSHA,port1188,Shanghai,50,134,362371,1119158,333657,589323
2026-01-08,CNSZX,port1414,Yantian,9,10,3243,3243,125150,125150
2026-01-08,DEHAM,port446,Hamburg,6,16,42821,90059,234557,274330
2026-01-08,EGALY,port23,Alexandria,3,11,13973,84094,27697,36907
2026-01-08,GBFXT,port343,Felixstowe,3,4,24760,24760,62726,62966
2026-01-08,INNSA,port776,Mumbai-Jawaharlal Nehru (Nhava Sheva),5,8,106011,133728,127203,181030
2026-01-08,KRPUS,port1065,Busan,29,47,87106,107463,263870,279784
2026-01-08,NLRTM,port1114,Rotterdam,16,75,21240,578980,136231,263307
2026-01-08,PLGDN,port380,Gdansk,2,11,5315,234951,0,22532
2026-01-08,SGSIN,port1201,Singapore,40,132,427892,854493,783427,1117612
2026-01-08,TRMER,port735,Mersin,4,7,53075,53075,35822,37783
2026-01-08,UAODS,port843,Odessa,0,0,0,0,0,0
2026-01-08,USLGB,port664,Los Angeles-Long Beach,9,13,528128,579221,0,525
2026-01-08,USNYC,port815,New York-New Jersey,9,12,211267,314306,15562,15562
2026-01-09,AEJEA,port744,Jebel Ali,13,27,442248,640913,312221,359641
2026-01-09,BRSSZ,port1160,Santos,7,14,137693,202752,42658,115815
2026-01-09,CNSHA,port1188,Shanghai,41,124,245028,659420,480114,902304
2026-01-09,CNSZX,port1414,Yantian,6,7,4389,5293,70297,71201
2026-01-09,DEHAM,port446,Hamburg,5,11,66086,85366,28493,31520
2026-01-09,EGALY,port23,Alexandria,0,0,0,0,0,0
2026-01-09,GBFXT,port343,Felixstowe,1,1,0,0,45674,45674
2026-01-09,INNSA,port776,Mumbai-Jawaharlal Nehru (Nhava Sheva),6,10,164463,255289,216204,220312
2026-01-09,KRPUS,port1065,Busan,40,69,187406,223116,232185,245686
2026-01-09,NLRTM,port1114,Rotterdam,14,81,90134,436883,63529,244716
2026-01-09,PLGDN,port380,Gdansk,2,7,18242,20542,13492,30534
2026-01-09,SGSIN,port1201,Singapore,40,118,1013131,1481432,652341,873462
2026-01-09,TRMER,port735,Mersin,1,3,0,838,5027,7299
2026-01-09,UAODS,port843,Odessa,0,0,0,0,0,0
2026-01-09,USLGB,port664,Los Angeles-Long Beach,10,15,710258,994920,531096,536916
2026-01-09,USNYC,port815,New York-New Jersey,7,11,187395,319759,42417,42417
2026-01-10,AEJEA,port744,Jebel Ali,12,21,436722,556326,98661,123063
2026-01-10,BRSSZ,port1160,Santos,5,15,40154,124230,23961,343834
2026-01-10,CNSHA,port1188,Shanghai,37,111,557230,884152,349145,841654
2026-01-10,CNSZX,port1414,Yantian,8,8,40834,40834,91508,91508
2026-01-10,DEHAM,port446,Hamburg,2,7,10034,82211,117017,124936
2026-01-10,EGALY,port23,Alexandria,4,10,18551,70863,25078,29466
2026-01-10,GBFXT,port343,Felixstowe,2,3,21191,21976,0,0
2026-01-10,INNSA,port776,Mumbai-Jawaharlal Nehru (Nhava Sheva),4,8,78671,283610,84722,91241
2026-01-10,KRPUS,port1065,Busan,19,28,107981,128820,44670,51220
2026-01-10,NLRTM,port1114,Rotterdam,20,68,166603,598242,133947,247257
2026-01-10,PLGDN,port380,Gdansk,0,0,0,0,0,0
2026-01-10,SGSIN,port1201,Singapore,32,108,1033265,1399526,621545,867568
2026-01-10,TRMER,port735,Mersin,2,5,50337,86350,0,3103
2026-01-10,UAODS,port843,Odessa,0,0,0,0,0,0
2026-01-10,USLGB,port664,Los Angeles-Long Beach,3,8,295887,547895,25162,25162
2026-01-10,USNYC,port815,New York-New Jersey,8,14,287722,334317,5683,8914
2026-01-11,AEJEA,port744,Jebel Ali,14,23,232609,352033,348710,351719
2026-01-11,BRSSZ,port1160,Santos,6,9,34795,79902,58011,58011
2026-01-11,CNSHA,port1188,Shanghai,33,111,331754,702143,273573,575622
2026-01-11,CNSZX,port1414,Yantian,11,12,25429,26333,67326,68231
2026-01-11,DEHAM,port446,Hamburg,7,9,184395,184725,23040,24299
2026-01-11,EGALY,port23,Alexandria,5,6,51886,53745,22238,22874
2026-01-11,GBFXT,port343,Felixstowe,2,3,15703,15703,0,0
2026-01-11,INNSA,port776,Mumbai-Jawaharlal Nehru (Nhava Sheva),3,8,73355,148182,230157,235392
2026-01-11,KRPUS,port1065,Busan,32,51,117637,144392,299077,317252
2026-01-11,NLRTM,port1114,Rotterdam,17,69,43822,405454,83046,232651
2026-01-11,PLGDN,port380,Gdansk,1,9,0,13211,29598,45386
2026-01-11,SGSIN,port1201,Singapore,37,121,316966,1186197,807717,1222913
2026-01-11,TRMER,port735,Mersin,2,4,10645,13851,10494,10494
2026-01-11,UAODS,port843,Odessa,0,0,0,0,0,0
2026-01-11,USLGB,port664,Los Angeles-Long Beach,5,8,425487,495391,44627,65056
2026-01-11,USNYC,port815,New York-New Jersey,5,10,37196,143216,38286,41138
2026-01-12,AEJEA,port744,Jebel Ali,15,28,422950,610226,217704,241592
2026-01-12,BRSSZ,port1160,Santos,4,12,64964,89784,52701,358737
2026-01-12,CNSHA,port1188,Shanghai,31,100,619766,931592,253204,550941
2026-01-12,CNSZX,port1414,Yantian,11,13,2194,5830,163586,165360
2026-01-12,DEHAM,port446,Hamburg,5,14,204569,351098,81979,97510
2026-01-12,EGALY,port23,Alexandria,3,12,18282,107542,19208,26944
2026-01-12,GBFXT,port343,Felixstowe,2,4,97423,98967,0,0
2026-01-12,INNSA,port776,Mumbai-Jawaharlal Nehru (Nhava Sheva),5,8,210565,281665,80641,98653
2026-01-12,KRPUS,port1065,Busan,34,63,228810,259975,261258,272895
2026-01-12,NLRTM,port1114,Rotterdam,19,81,141490,506485,242143,367816
2026-01-12,PLGDN,port380,Gdansk,3,16,127519,333351,404212,456743
2026-01-12,SGSIN,port1201,Singapore,46,144,620704,1476359,1056417,1341122
2026-01-12,TRMER,port735,Mersin,2,3,29775,40034,0,0
2026-01-12,UAODS,port843,Odessa,0,0,0,0,0,0
2026-01-12,USLGB,port664,Los Angeles-Long Beach,0,6,0,67342,0,83962
2026-01-12,USNYC,port815,New York-New Jersey,7,10,173178,287618,91749,91749
2026-01-13,AEJEA,port744,Jebel Ali,7,17,114542,252452,136287,189313
2026-01-13,BRSSZ,port1160,Santos,8,18,51877,52207,79341,378436
2026-01-13,CNSHA,port1188,Shanghai,35,102,574524,957755,346399,521241
2026-01-13,CNSZX,port1414,Yantian,7,9,2194,7501,79697,80622
2026-01-13,DEHAM,port446,Hamburg,5,12,30748,59015,0,2513
2026-01-13,EGALY,port23,Alexandria,0,0,0,0,0,0
2026-01-13,GBFXT,port343,Felixstowe,2,4,9627,10099,35060,35118
2026-01-13,INNSA,port776,Mumbai-Jawaharlal Nehru (Nhava Sheva),2,5,224026,241656,28515,29045
2026-01-13,KRPUS,port1065,Busan,38,66,192095,232135,167061,181321
2026-01-13,NLRTM,port1114,Rotterdam,17,87,371566,891691,35393,243842
2026-01-13,PLGDN,port380,Gdansk,0,9,0,163582,0,16373
2026-01-13,SGSIN,port1201,Singapore,40,139,944640,1290801,778177,1210057
2026-01-13,TRMER,port735,Mersin,3,6,9176,29567,10494,14376
2026-01-13,UAODS,port843,Odessa,0,0,0,0,0,0
2026-01-13,USLGB,port664,Los Angeles-Long Beach,5,9,313769,377993,14808,21975
2026-01-13,USNYC,port815,New York-New Jersey,5,8,151098,157181,7181,34205
2026-01-14,AEJEA,port744,Jebel Ali,15,28,298206,427172,501527,523371
2026-01-14,BRSSZ,port1160,Santos,7,15,49659,175232,28626,49712
2026-01-14,CNSHA,port1188,Shanghai,37,113,464247,891842,375101,636853
2026-01-14,CNSZX,port1414,Yantian,11,11,18384,18384,125273,125273
2026-01-14,DEHAM,port446,Hamburg,10,15,84845,107831,273057,277229
2026-01-14,EGALY,port23,Alexandria,1,7,8283,45637,0,3561
2026-01-14,GBFXT,port343,Felixstowe,2,2,95860,95860,0,0
2026-01-14,INNSA,port776,Mumbai-Jawaharlal Nehru (Nhava Sheva),3,7,84206,194164,57031,62217
2026-01-14,KRPUS,port1065,Busan,26,39,177667,190821,208744,216556
2026-01-14,NLRTM,port1114,Rotterdam,13,80,215097,1060686,77679,252107
2026-01-14,PLGDN,port380,Gdansk,5,9,83506,97326,12129,12219
2026-01-14,SGSIN,port1201,Singapore,38,120,562829,1034250,726884,1188918
2026-01-14,TRMER,port735,Mersin,6,9,68225,84995,56417,61259
2026-01-14,UAODS,port843,Odessa,0,0,0,0,0,0
2026-01-14,USLGB,port664,Los Angeles-Long Beach,9,14,453581,453581,61581,125678
2026-01-14,USNYC,port815,New York-New Jersey,7,8,303537,304431,7181,7181
2026-01-15,AEJEA,port744,Jebel Ali,14,29,355476,526394,161753,175954
2026-01-15,BRSSZ,port1160,Santos,8,14,72725,72725,100171,196950
2026-01-15,CNSHA,port1188,Shanghai,28,99,237254,917219,419737,844158
2026-01-15,CNSZX,port1414,Yantian,8,9,11823,12727,58099,59004
2026-01-15,DEHAM,port446,Hamburg,13,20,145200,231623,250985,252764
2026-01-15,EGALY,port23,Alexandria,8,25,71620,300561,92520,136776
2026-01-15,GBFXT,port343,Felixstowe,1,3,33151,35075,0,1356
2026-01-15,INNSA,port776,Mumbai-Jawaharlal Nehru (Nhava Sheva),5,7,212310,233915,114062,116873
2026-01-15,KRPUS,port1065,Busan,38,63,104947,163089,384890,403538
2026-01-15,NLRTM,port1114,Rotterdam,21,82,113274,691411,158914,266402
2026-01-15,PLGDN,port380,Gdansk,1,8,8639,96509,0,3261
2026-01-15,SGSIN,port1201,Singapore,50,142,837966,1592755,941101,1281797
2026-01-15,TRMER,port735,Mersin,2,9,6290,100883,10494,12192
2026-01-15,UAODS,port843,Odessa,0,0,0,0,0,0
2026-01-15,USLGB,port664,Los Angeles-Long Beach,5,13,265710,512101,0,26412
2026-01-15,USNYC,port815,New York-New Jersey,5,11,69370,166680,3226,23919
2026-01-16,AEJEA,port744,Jebel Ali,12,22,427810,512096,285827,332175
2026-01-16,BRSSZ,port1160,Santos,4,8,52993,148779,28970,53866
2026-01-16,CNSHA,port1188,Shanghai,21,53,145031,422261,232441,527295
2026-01-16,CNSZX,port1414,Yantian,7,7,15587,15587,76890,76890
2026-01-16,DEHAM,port446,Hamburg,12,18,272896,357786,75922,116126
2026-01-16,EGALY,port23,Alexandria,9,15,76130,113866,65744,67015
2026-01-16,GBFXT,port343,Felixstowe,3,3,50307,50307,107485,107485
2026-01-16,INNSA,port776,Mumbai-Jawaharlal Nehru (Nhava Sheva),3,5,272341,327775,101330,106080
2026-01-16,KRPUS,port1065,Busan,30,53,198761,216756,94736,106228
2026-01-16,NLRTM,port1114,Rotterdam,17,89,132579,524445,56690,221465
2026-01-16,PLGDN,port380,Gdansk,2,14,125905,283652,0,68215
2026-01-16,SGSIN,port1201,Singapore,28,119,742827,1243647,445428,881764
2026-01-16,TRMER,port735,Mersin,5,11,6290,7813,151570,152708
2026-01-16,UAODS,port843,Odessa,0,0,0,0,0,0
2026-01-16,USLGB,port664,Los Angeles-Long Beach,6,9,467610,590279,25162,26594
2026-01-16,USNYC,port815,New York-New Jersey,7,15,87707,338889,109024,109544
2026-01-17,AEJEA,port744,Jebel Ali,14,25,479664,611219,129503,140669
2026-01-17,BRSSZ,port1160,Santos,6,11,84222,123505,87693,97303
2026-01-17,CNSHA,port1188,Shanghai,38,132,257411,647329,394499,1229488
2026-01-17,CNSZX,port1414,Yantian,9,10,38542,44404,67626,67626
2026-01-17,DEHAM,port446,Hamburg,11,17,203786,205471,217314,232348
2026-01-17,EGALY,port23,Alexandria,3,10,70376,161014,7258,23219
2026-01-17,GBFXT,port343,Felixstowe,1,1,34072,34072,0,0
2026-01-17,INNSA,port776,Mumbai-Jawaharlal Nehru (Nhava Sheva),5,9,118007,171494,182973,185349
2026-01-17,KRPUS,port1065,Busan,35,55,153860,192383,157675,166733
2026-01-17,NLRTM,port1114,Rotterdam,19,84,82683,624202,126382,261506
2026-01-17,PLGDN,port380,Gdansk,5,9,73365,154936,13492,14001
2026-01-17,SGSIN,port1201,Singapore,37,123,811505,1267788,1126478,1375127
2026-01-17,TRMER,port735,Mersin,5,11,30369,38551,24484,30529
2026-01-17,UAODS,port843,Odessa,0,0,0,0,0,0
2026-01-17,USLGB,port664,Los Angeles-Long Beach,5,8,222279,289908,134050,141441
2026-01-17,USNYC,port815,New York-New Jersey,6,9,88859,151872,188143,188469
2026-01-18,AEJEA,port744,Jebel Ali,11,23,99309,172083,107592,114956
2026-01-18,BRSSZ,port1160,Santos,6,18,79395,117574,40916,396105
2026-01-18,CNSHA,port1188,Shanghai,34,112,256806,594180,368850,674142
2026-01-18,CNSZX,port1414,Yantian,11,12,13482,17885,167750,167770
2026-01-18,DEHAM,port446,Hamburg,7,12,218813,220350,103895,107167
2026-01-18,EGALY,port23,Alexandria,2,7,10398,22756,12961,22426
2026-01-18,GBFXT,port343,Felixstowe,4,5,28274,29277,21731,21731
2026-01-18,INNSA,port776,Mumbai-Jawaharlal Nehru (Nhava Sheva),2,4,124659,139456,17628,23249
2026-01-18,KRPUS,port1065,Busan,32,54,194744,225190,152250,164818
2026-01-18,NLRTM,port1114,Rotterdam,12,66,77006,737764,54359,91454
2026-01-18,PLGDN,port380,Gdansk,3,8,14797,185566,60534,76772
2026-01-18,SGSIN,port1201,Singapore,38,120,1122919,1374558,881228,1275390
2026-01-18,TRMER,port735,Mersin,3,8,34948,50200,0,4557
2026-01-18,UAODS,port843,Odessa,0,0,0,0,0,0
2026-01-18,USLGB,port664,Los Angeles-Long Beach,1,8,0,84709,46406,56747
2026-01-18,USNYC,port815,New York-New Jersey,2,2,80764,80764,0,0
2026-01-19,AEJEA,port744,Jebel Ali,13,28,195718,295639,505872,619123
2026-01-19,BRSSZ,port1160,Santos,4,8,17516,18831,50461,187477
2026-01-19,CNSHA,port1188,Shanghai,37,110,312838,720927,401629,934855
2026-01-19,CNSZX,port1414,Yantian,14,16,10040,17827,112833,112833
2026-01-19,DEHAM,port446,Hamburg,10,23,203460,395225,112778,124933
2026-01-19,EGALY,port23,Alexandria,8,21,54468,150122,175416,287640
2026-01-19,GBFXT,port343,Felixstowe,5,7,74460,76396,106667,106667
2026-01-19,INNSA,port776,Mumbai-Jawaharlal Nehru (Nhava Sheva),4,9,157343,331843,114062,117464
2026-01-19,KRPUS,port1065,Busan,30,53,64254,106244,162289,175250
2026-01-19,NLRTM,port1114,Rotterdam,19,98,225044,846316,92073,277607
2026-01-19,PLGDN,port380,Gdansk,4,13,157362,389618,0,15855
2026-01-19,SGSIN,port1201,Singapore,36,139,765046,1518518,803660,1122479
2026-01-19,TRMER,port735,Mersin,4,10,59290,67029,14650,14650
2026-01-19,UAODS,port843,Odessa,0,0,0,0,0,0
2026-01-19,USLGB,port664,Los Angeles-Long Beach,3,6,84864,85391,91700,91700
2026-01-19,USNYC,port815,New York-New Jersey,8,14,219396,385036,53574,53574
2026-01-20,AEJEA,port744,Jebel Ali,7,20,287829,444468,99999,112820
2026-01-20,BRSSZ,port1160,Santos,9,17,46847,146455,102655,206261
2026-01-20,CNSHA,port1188,Shanghai,38,98,695375,1075462,338473,805934
2026-01-20,CNSZX,port1414,Yantian,12,13,15516,16420,156899,157803
2026-01-20,DEHAM,port446,Hamburg,8,11,126227,135721,66040,68324
2026-01-20,EGALY,port23,Alexandria,6,18,40291,179274,9359,47839
2026-01-20,GBFXT,port343,Felixstowe,1,4,4636,5580,0,116
2026-01-20,INNSA,port776,Mumbai-Jawaharlal Nehru (Nhava Sheva),4,8,164687,192404,53902,63182
2026-01-20,KRPUS,port1065,Busan,26,43,141261,178058,110701,128429
2026-01-20,NLRTM,port1114,Rotterdam,21,90,317058,822261,144248,430469
2026-01-20,PLGDN,port380,Gdansk,1,4,3072,13448,0,4735
2026-01-20,SGSIN,port1201,Singapore,38,122,906441,1319324,735646,1152423
2026-01-20,TRMER,port735,Mersin,6,8,37221,37221,29621,30417
2026-01-20,UAODS,port843,Odessa,0,0,0,0,0,0
2026-01-20,USLGB,port664,Los Angeles-Long Beach,7,9,561664,686692,0,0
2026-01-20,USNYC,port815,New York-New Jersey,5,8,146772,146772,10296,32608
2026-01-21,AEJEA,port744,Jebel Ali,15,21,288353,302210,415192,472775
2026-01-21,BRSSZ,port1160,Santos,4,8,13070,27107,86915,203689
2026-01-21,CNSHA,port1188,Shanghai,32,102,82064,455881,447212,817689
2026-01-21,CNSZX,port1414,Yantian,10,11,18381,18381,125260,125260
2026-01-21,DEHAM,port446,Hamburg,6,20,280641,443475,61043,130057
2026-01-21,EGALY,port23,Alexandria,2,4,10398,48677,16237,16872
2026-01-21,GBFXT,port343,Felixstowe,2,2,54834,54834,17802,17802
2026-01-21,INNSA,port776,Mumbai-Jawaharlal Nehru (Nhava Sheva),3,8,112691,225337,82418,92996
2026-01-21,KRPUS,port1065,Busan,28,44,86636,106882,129726,209948
2026-01-21,NLRTM,port1114,Rotterdam,13,77,122777,599778,46014,192937
2026-01-21,PLGDN,port380,Gdansk,5,17,61822,291353,7617,54237
2026-01-21,SGSIN,port1201,Singapore,41,152,685734,1441112,811613,1362143
2026-01-21,TRMER,port735,Mersin,5,12,74212,93386,32616,38749
2026-01-21,UAODS,port843,Odessa,0,0,0,0,0,0
2026-01-21,USLGB,port664,Los Angeles-Long Beach,6,9,296765,315535,256829,274630
2026-01-21,USNYC,port815,New York-New Jersey,3,8,149634,199790,7181,41078
2026-01-22,AEJEA,port744,Jebel Ali,15,34,207543,373319,154150,201228
2026-01-22,BRSSZ,port1160,Santos,7,16,22343,50212,122076,400973
2026-01-22,CNSHA,port1188,Shanghai,43,155,732174,1534601,351803,722280
2026-01-22,CNSZX,port1414,Yantian,7,8,5857,6761,72993,73897
2026-01-22,DEHAM,port446,Hamburg,16,27,173692,175643,179167,187859
2026-01-22,EGALY,port23,Alexandria,8,11,2839,38316,232871,235080
2026-01-22,GBFXT,port343,Felixstowe,4,5,40213,40717,51316,51316
2026-01-22,INNSA,port776,Mumbai-Jawaharlal Nehru (Nhava Sheva),4,6,118007,147954,194349,196724
2026-01-22,KRPUS,port1065,Busan,27,45,185050,208044,109897,117011
2026-01-22,NLRTM,port1114,Rotterdam,18,85,27448,664263,241420,358722
2026-01-22,PLGDN,port380,Gdansk,3,13,48000,198269,82865,88874
2026-01-22,SGSIN,port1201,Singapore,43,125,658692,1417718,1010299,1494650
2026-01-22,TRMER,port735,Mersin,4,7,22673,32441,20989,21912
2026-01-22,UAODS,port843,Odessa,0,0,0,0,0,0
2026-01-22,USLGB,port664,Los Angeles-Long Beach,7,10,294676,335815,202745,280795
2026-01-22,USNYC,port815,New York-New Jersey,6,11,66665,169263,84900,87183
2026-01-23,AEJEA,port744,Jebel Ali,12,24,488714,593618,155285,184548
2026-01-23,BRSSZ,port1160,Santos,8,18,15266,104656,102960,208687
2026-01-23,CNSHA,port1188,Shanghai,37,112,327072,744749,317612,715559
2026-01-23,CNSZX,port1414,Yantian,11,13,9723,14126,81922,81942
2026-01-23,DEHAM,port446,Hamburg,10,17,51230,52741,215007,231160
2026-01-23,EGALY,port23,Alexandria,4,9,15284,19635,11552,37449
2026-01-23,GBFXT,port343,Felixstowe,3,3,60960,60960,56883,56883
2026-01-23,INNSA,port776,Mumbai-Jawaharlal Nehru (Nhava Sheva),1,5,39335,99235,28515,35402
2026-01-23,KRPUS,port1065,Busan,30,48,141688,158105,80059,90866
2026-01-23,NLRTM,port1114,Rotterdam,15,80,75405,317819,81605,229182
2026-01-23,PLGDN,port380,Gdansk,4,7,117231,120720,0,7294
2026-01-23,SGSIN,port1201,Singapore,44,121,1044739,2112495,1060758,1340907
2026-01-23,TRMER,port735,Mersin,3,6,30987,51629,44095,44095
2026-01-23,UAODS,port843,Odessa,0,0,0,0,0,0
2026-01-23,USLGB,port664,Los Angeles-Long Beach,7,15,394479,408168,144258,317480
2026-01-23,USNYC,port815,New York-New Jersey,5,9,43800,90360,47732,82223
2026-01-24,AEJEA,port744,Jebel Ali,14,31,484546,688770,173279,197338
2026-01-24,BRSSZ,port1160,Santos,5,11,40795,48795,111953,166649
2026-01-24,CNSHA,port1188,Shanghai,39,118,664472,1080252,337943,864058
2026-01-24,CNSZX,port1414,Yantian,12,13,49322,50227,109228,110132
2026-01-24,DEHAM,port446,Hamburg,9,16,42576,153019,60222,109662
2026-01-24,EGALY,port23,Alexandria,6,13,77283,194121,71928,88010
2026-01-24,GBFXT,port343,Felixstowe,2,2,14180,14180,10846,10846
2026-01-24,INNSA,port776,Mumbai-Jawaharlal Nehru (Nhava Sheva),5,11,118007,196104,296986,358097
2026-01-24,KRPUS,port1065,Busan,36,59,149126,176413,169291,224575
2026-01-24,NLRTM,port1114,Rotterdam,15,74,74504,473855,62896,441770
2026-01-24,PLGDN,port380,Gdansk,0,5,0,15969,0,855
2026-01-24,SGSIN,port1201,Singapore,38,138,752000,1520186,622977,959259
2026-01-24,TRMER,port735,Mersin,6,8,69621,79261,10494,10494
2026-01-24,UAODS,port843,Odessa,0,0,0,0,0,0
2026-01-24,USLGB,port664,Los Angeles-Long Beach,3,4,143878,220332,35039,35039
2026-01-24,USNYC,port815,New York-New Jersey,6,8,64744,77006,97975,97975
2026-01-25,AEJEA,port744,Jebel Ali,12,22,296338,448184,205366,213320
2026-01-25,BRSSZ,port1160,Santos,6,13,54995,152409,154452,361786
2026-01-25,CNSHA,port1188,Shanghai,39,119,594803,1299418,289702,858906
2026-01-25,CNSZX,port1414,Yantian,14,16,7991,10862,119326,119326
2026-01-25,DEHAM,port446,Hamburg,5,18,107226,188961,0,14715
2026-01-25,EGALY,port23,Alexandria,2,2,31137,31137,7258,7258
2026-01-25,GBFXT,port343,Felixstowe,2,3,0,1771,139283,140006
2026-01-25,INNSA,port776,Mumbai-Jawaharlal Nehru (Nhava Sheva),7,8,230698,234484,274700,274700
2026-01-25,KRPUS,port1065,Busan,33,64,103812,151017,116564,162956
2026-01-25,NLRTM,port1114,Rotterdam,16,64,251779,554766,90066,161326
2026-01-25,PLGDN,port380,Gdansk,2,9,28810,69502,13492,22948
2026-01-25,SGSIN,port1201,Singapore,39,116,402939,870827,756371,1011634
2026-01-25,TRMER,port735,Mersin,3,10,45387,60427,0,4786
2026-01-25,UAODS,port843,Odessa,0,0,0,0,0,0
2026-01-25,USLGB,port664,Los Angeles-Long Beach,5,7,433063,539509,30024,30024
2026-01-25,USNYC,port815,New York-New Jersey,0,1,0,92762,0,0
2026-01-26,AEJEA,port744,Jebel Ali,15,34,196396,329506,186710,259072
2026-01-26,BRSSZ,port1160,Santos,4,14,71902,77101,13944,262590
2026-01-26,CNSHA,port1188,Shanghai,36,121,191383,579247,393568,874547
2026-01-26,CNSZX,port1414,Yantian,10,11,15114,15114,134030,134030
2026-01-26,DEHAM,port446,Hamburg,8,14,44972,136117,175366,185454
2026-01-26,EGALY,port23,Alexandria,5,21,30991,143537,32980,53660
2026-01-26,GBFXT,port343,Felixstowe,1,4,0,1699,99523,99523
2026-01-26,INNSA,port776,Mumbai-Jawaharlal Nehru (Nhava Sheva),2,8,78671,253865,57031,122319
2026-01-26,KRPUS,port1065,Busan,30,49,247019,273024,128738,146972
2026-01-26,NLRTM,port1114,Rotterdam,14,80,25607,433253,174203,254964
2026-01-26,PLGDN,port380,Gdansk,5,14,44192,323593,49751,86943
2026-01-26,SGSIN,port1201,Singapore,45,138,558590,1553762,866707,1191505
2026-01-26,TRMER,port735,Mersin,4,10,21615,30379,117628,121968
2026-01-26,UAODS,port843,Odessa,0,0,0,0,0,0
2026-01-26,USLGB,port664,Los Angeles-Long Beach,4,10,239963,286513,0,10380
2026-01-26,USNYC,port815,New York-New Jersey,0,1,0,19897,0,0
2026-01-27,AEJEA,port744,Jebel Ali,12,23,285889,424870,404109,409608
2026-01-27,BRSSZ,port1160,Santos,9,18,110373,184183,58166,271476
2026-01-27,CNSHA,port1188,Shanghai,35,118,306102,1067352,325984,549136
2026-01-27,CNSZX,port1414,Yantian,10,12,36688,37593,114085,114989
2026-01-27,DEHAM,port446,Hamburg,10,21,163301,272240,43802,90145
2026-01-27,EGALY,port23,Alexandria,1,5,10398,20522,7258,13203
2026-01-27,GBFXT,port343,Felixstowe,1,4,1394,6255,0,58
2026-01-27,INNSA,port776,Mumbai-Jawaharlal Nehru (Nhava Sheva),3,5,70194,84991,49515,55137
2026-01-27,KRPUS,port1065,Busan,27,43,192309,221875,72691,79104
2026-01-27,NLRTM,port1114,Rotterdam,14,81,174596,554829,94201,241949
2026-01-27,PLGDN,port380,Gdansk,4,14,105276,222019,123841,195695
2026-01-27,SGSIN,port1201,Singapore,46,138,467021,1133825,1079872,1622564
2026-01-27,TRMER,port735,Mersin,7,14,151176,197726,34575,42586
2026-01-27,UAODS,port843,Odessa,0,0,0,0,0,0
2026-01-27,USLGB,port664,Los Angeles-Long Beach,6,13,304941,349381,25162,118253
2026-01-27,USNYC,port815,New York-New Jersey,8,13,203115,334257,67197,160805
2026-01-28,AEJEA,port744,Jebel Ali,15,25,379645,397040,329384,341102
2026-01-28,BRSSZ,port1160,Santos,9,19,59898,66456,18146,456391
2026-01-28,CNSHA,port1188,Shanghai,36,116,322652,759450,385364,1081497
2026-01-28,CNSZX,port1414,Yantian,9,9,9927,9927,84270,84270
2026-01-28,DEHAM,port446,Hamburg,7,18,124613,293860,45901,85589
2026-01-28,EGALY,port23,Alexandria,2,4,18551,42825,18556,22344
2026-01-28,GBFXT,port343,Felixstowe,3,4,26130,26478,7196,7196
2026-01-28,INNSA,port776,Mumbai-Jawaharlal Nehru (Nhava Sheva),4,7,157343,185079,114062,116955
2026-01-28,KRPUS,port1065,Busan,31,50,108721,146922,142291,151727
2026-01-28,NLRTM,port1114,Rotterdam,16,75,105139,315711,131804,250698
2026-01-28,PLGDN,port380,Gdansk,1,5,0,30324,46523,57077
2026-01-28,SGSIN,port1201,Singapore,38,117,725018,1442510,779639,1080914
2026-01-28,TRMER,port735,Mersin,2,4,53551,54115,15402,15850
2026-01-28,UAODS,port843,Odessa,0,1,0,0,0,1010
2026-01-28,USLGB,port664,Los Angeles-Long Beach,7,9,523635,584305,25162,25162
2026-01-28,USNYC,port815,New York-New Jersey,5,5,150931,150931,9200,9200
2026-01-29,AEJEA,port744,Jebel Ali,12,21,363168,490941,94059,95239
2026-01-29,BRSSZ,port1160,Santos,4,15,4519,143779,109936,323927
2026-01-29,CNSHA,port1188,Shanghai,34,94,179319,563785,380413,654869
2026-01-29,CNSZX,port1414,Yantian,6,9,2936,13186,54259,55163
2026-01-29,DEHAM,port446,Hamburg,11,16,205520,207138,221514,226535
2026-01-29,EGALY,port23,Alexandria,7,15,20797,67124,58343,138303
2026-01-29,GBFXT,port343,Felixstowe,3,3,21003,21003,0,0
2026-01-29,INNSA,port776,Mumbai-Jawaharlal Nehru (Nhava Sheva),3,12,78671,264072,78104,118834
2026-01-29,KRPUS,port1065,Busan,29,55,248301,286552,141333,154426
2026-01-29,NLRTM,port1114,Rotterdam,14,87,270929,588944,55162,237222
2026-01-29,PLGDN,port380,Gdansk,1,9,8649,24594,0,1600
2026-01-29,SGSIN,port1201,Singapore,42,124,1053429,1304471,620922,1223628
2026-01-29,TRMER,port735,Mersin,4,8,6290,23726,36790,39032
2026-01-29,UAODS,port843,Odessa,0,0,0,0,0,0
2026-01-29,USLGB,port664,Los Angeles-Long Beach,4,7,195525,255603,0,7391
2026-01-29,USNYC,port815,New York-New Jersey,11,16,246906,296063,26221,26221
2026-01-30,AEJEA,port744,Jebel Ali,14,27,211476,346289,338022,341991
2026-01-30,BRSSZ,port1160,Santos,6,22,11224,150152,65276,393931
2026-01-30,CNSHA,port1188,Shanghai,34,106,250341,522795,282160,621172
2026-01-30,CNSZX,port1414,Yantian,9,9,26055,26055,57276,57276
2026-01-30,DEHAM,port446,Hamburg,5,14,27976,31811,96500,103525
2026-01-30,EGALY,port23,Alexandria,5,10,52860,132178,169319,176117
2026-01-30,GBFXT,port343,Felixstowe,3,4,68917,71684,4040,4040
2026-01-30,INNSA,port776,Mumbai-Jawaharlal Nehru (Nhava Sheva),4,6,144353,284264,85547,86471
2026-01-30,KRPUS,port1065,Busan,34,59,166363,199766,178814,205393
2026-01-30,NLRTM,port1114,Rotterdam,13,67,67516,582525,95509,383774
2026-01-30,PLGDN,port380,Gdansk,3,6,5875,7557,117188,122762
2026-01-30,SGSIN,port1201,Singapore,46,153,620906,1280663,1000267,1353482
2026-01-30,TRMER,port735,Mersin,4,8,25426,27730,56478,58224
2026-01-30,UAODS,port843,Odessa,0,0,0,0,0,0
2026-01-30,USLGB,port664,Los Angeles-Long Beach,6,10,331635,583736,50324,52490
2026-01-30,USNYC,port815,New York-New Jersey,2,5,130932,231617,2398,2398
2026-01-31,AEJEA,port744,Jebel Ali,17,25,352768,402476,288763,298412
2026-01-31,BRSSZ,port1160,Santos,5,9,32412,32412,78217,128804
2026-01-31,CNSHA,port1188,Shanghai,36,119,85311,808719,426634,1037256
2026-01-31,CNSZX,port1414,Yantian,10,14,29218,34794,115871,116775
2026-01-31,DEHAM,port446,Hamburg,8,13,142242,156545,93206,96162
2026-01-31,EGALY,port23,Alexandria,4,8,27712,61993,18602,30156
2026-01-31,GBFXT,port343,Felixstowe,1,1,2399,2399,0,0
2026-01-31,INNSA,port776,Mumbai-Jawaharlal Nehru (Nhava Sheva),5,7,159236,198248,377769,379121
2026-01-31,KRPUS,port1065,Busan,38,63,295550,337595,152710,164384
2026-01-31,NLRTM,port1114,Rotterdam,7,60,25269,653759,91243,187111
2026-01-31,PLGDN,port380,Gdansk,2,5,13995,16490,37906,69059
2026-01-31,SGSIN,port1201,Singapore,44,127,1003788,1752418,663210,956620
2026-01-31,TRMER,port735,Mersin,1,1,18831,18831,0,0
2026-01-31,UAODS,port843,Odessa,0,0,0,0,0,0
2026-01-31,USLGB,port664,Los Angeles-Long Beach,2,6,0,133723,97397,103050
2026-01-31,USNYC,port815,New York-New Jersey,8,15,218677,279836,5030,13189
2026-02-01,AEJEA,port744,Jebel Ali,12,30,150924,484443,243192,263794
2026-02-01,BRSSZ,port1160,Santos,7,13,68557,104639,46534,53800
2026-02-01,CNSHA,port1188,Shanghai,30,111,616809,1100612,276541,660959
2026-02-01,CNSZX,port1414,Yantian,10,10,7676,7676,83125,83125
2026-02-01,DEHAM,port446,Hamburg,11,15,66035,151176,171605,175661
2026-02-01,EGALY,port23,Alexandria,2,9,16297,72547,67200,78087
2026-02-01,GBFXT,port343,Felixstowe,2,2,12878,12878,148264,148264
2026-02-01,INNSA,port776,Mumbai-Jawaharlal Nehru (Nhava Sheva),3,8,133342,176072,85958,123870
2026-02-01,KRPUS,port1065,Busan,29,57,140634,177929,131656,147056
2026-02-01,NLRTM,port1114,Rotterdam,14,67,141296,361672,76782,149170
2026-02-01,PLGDN,port380,Gdansk,2,6,28231,206504,0,0
2026-02-01,SGSIN,port1201,Singapore,43,129,567377,1298613,723769,1030576
2026-02-01,TRMER,port735,Mersin,2,9,27828,32506,123116,134793
2026-02-01,UAODS,port843,Odessa,0,0,0,0,0,0
2026-02-01,USLGB,port664,Los Angeles-Long Beach,7,12,551847,589558,9656,306020
2026-02-01,USNYC,port815,New York-New Jersey,7,11,119491,174031,59834,59834
2026-02-02,AEJEA,port744,Jebel Ali,10,17,310423,351426,318534,324517
2026-02-02,BRSSZ,port1160,Santos,4,12,10220,56217,66085,323558
2026-02-02,CNSHA,port1188,Shanghai,33,112,218755,529102,260167,1101061
2026-02-02,CNSZX,port1414,Yantian,10,12,2194,3098,117099,118003
2026-02-02,DEHAM,port446,Hamburg,6,9,18842,47043,90125,96164
2026-02-02,EGALY,port23,Alexandria,3,10,180368,243315,17217,22952
2026-02-02,GBFXT,port343,Felixstowe,2,4,39413,39805,0,0
2026-02-02,INNSA,port776,Mumbai-Jawaharlal Nehru (Nhava Sheva),3,8,133342,257374,85958,104654
2026-02-02,KRPUS,port1065,Busan,35,59,133085,167000,150918,165549
2026-02-02,NLRTM,port1114,Rotterdam,20,74,155549,456094,213221,264526
2026-02-02,PLGDN,port380,Gdansk,2,12,5108,15201,21223,45895
2026-02-02,SGSIN,port1201,Singapore,38,140,683165,1144508,448786,942657
2026-02-02,TRMER,port735,Mersin,4,10,49622,106076,11000,15006
2026-02-02,UAODS,port843,Odessa,0,0,0,0,0,0
2026-02-02,USLGB,port664,Los Angeles-Long Beach,3,5,129837,196477,16408,16408
2026-02-02,USNYC,port815,New York-New Jersey,5,7,132458,221452,36530,36530
2026-02-03,AEJEA,port744,Jebel Ali,13,24,466721,611659,330975,389765
2026-02-03,BRSSZ,port1160,Santos,8,13,44431,44431,107993,252616
2026-02-03,CNSHA,port1188,Shanghai,41,135,225086,1156359,393299,752909
2026-02-03,CNSZX,port1414,Yantian,14,14,9574,9574,136022,136022
2026-02-03,DEHAM,port446,Hamburg,8,17,35983,167175,75476,83880
2026-02-03,EGALY,port23,Alexandria,2,11,52702,168884,0,10572
2026-02-03,GBFXT,port343,Felixstowe,2,4,25756,25756,31582,31582
2026-02-03,INNSA,port776,Mumbai-Jawaharlal Nehru (Nhava Sheva),2,8,44447,214433,30861,34409
2026-02-03,KRPUS,port1065,Busan,29,51,199858,234472,136260,149051
2026-02-03,NLRTM,port1114,Rotterdam,18,93,248602,707208,35641,162675
2026-02-03,PLGDN,port380,Gdansk,3,8,1633,4932,95094,98074
2026-02-03,SGSIN,port1201,Singapore,36,134,704444,1143780,544961,912803
2026-02-03,TRMER,port735,Mersin,4,8,24762,27637,10490,13560
2026-02-03,UAODS,port843,Odessa,0,0,0,0,0,0
2026-02-03,USLGB,port664,Los Angeles-Long Beach,5,5,340810,340810,32817,32817
2026-02-03,USNYC,port815,New York-New Jersey,3,7,83526,121577,56062,56726
2026-02-04,AEJEA,port744,Jebel Ali,15,26,174614,372799,561247,562292
2026-02-04,BRSSZ,port1160,Santos,6,16,31749,166302,47243,223002
2026-02-04,CNSHA,port1188,Shanghai,37,139,651778,1256633,359773,740617
2026-02-04,CNSZX,port1414,Yantian,9,9,10157,10157,123113,123113
2026-02-04,DEHAM,port446,Hamburg,6,12,54616,61502,10446,23394
2026-02-04,EGALY,port23,Alexandria,4,12,29877,100549,28447,37808
2026-02-04,GBFXT,port343,Felixstowe,4,6,66371,67907,42784,43874
2026-02-04,INNSA,port776,Mumbai-Jawaharlal Nehru (Nhava Sheva),5,9,139922,346248,183846,192685
2026-02-04,KRPUS,port1065,Busan,35,62,161248,207651,148327,160875
2026-02-04,NLRTM,port1114,Rotterdam,17,80,352627,802458,39306,177749
2026-02-04,PLGDN,port380,Gdansk,3,10,54161,166268,0,14980
2026-02-04,SGSIN,port1201,Singapore,41,125,564685,1447080,886944,1216820
2026-02-04,TRMER,port735,Mersin,5,10,24044,85418,40708,47853
2026-02-04,UAODS,port843,Odessa,0,0,0,0,0,0
2026-02-04,USLGB,port664,Los Angeles-Long Beach,5,11,376779,465614,16408,73839
2026-02-04,USNYC,port815,New York-New Jersey,6,10,124151,291952,60270,60270
2026-02-05,AEJEA,port744,Jebel Ali,13,27,338384,524875,169496,178360
2026-02-05,BRSSZ,port1160,Santos,5,15,49928,82157,14585,306806
2026-02-05,CNSHA,port1188,Shanghai,39,127,238427,636904,347246,1013697
2026-02-05,CNSZX,port1414,Yantian,6,8,6572,7476,61728,62633
2026-02-05,DEHAM,port446,Hamburg,11,15,303384,303384,183354,187170
2026-02-05,EGALY,port23,Alexandria,3,9,80134,109846,49848,56412
2026-02-05,GBFXT,port343,Felixstowe,2,2,67478,67478,0,0
2026-02-05,INNSA,port776,Mumbai-Jawaharlal Nehru (Nhava Sheva),6,7,402389,410496,149821,150745
2026-02-05,KRPUS,port1065,Busan,31,55,203638,245270,179901,198638
2026-02-05,NLRTM,port1114,Rotterdam,21,78,125704,696731,109439,424833
2026-02-05,PLGDN,port380,Gdansk,2,8,142167,153303,94392,95939
2026-02-05,SGSIN,port1201,Singapore,39,135,697071,1151990,728611,1305304
2026-02-05,TRMER,port735,Mersin,5,10,64529,116031,55888,57711
2026-02-05,UAODS,port843,Odessa,0,0,0,0,0,0
2026-02-05,USLGB,port664,Los Angeles-Long Beach,3,8,0,0,440855,495647
2026-02-05,USNYC,port815,New York-New Jersey,8,12,179644,237387,6372,6372
2026-02-06,AEJEA,port744,Jebel Ali,16,26,486687,580814,334813,338629
2026-02-06,BRSSZ,port1160,Santos,7,15,74476,102152,61984,197991
2026-02-06,CNSHA,port1188,Shanghai,39,94,197614,602922,342776,552278
2026-02-06,CNSZX,port1414,Yantian,9,9,0,0,128345,128345
2026-02-06,DEHAM,port446,Hamburg,6,21,43411,179771,71514,149516
2026-02-06,EGALY,port23,Alexandria,4,9,23575,54683,45168,54551
2026-02-06,GBFXT,port343,Felixstowe,3,3,20645,20645,0,0
2026-02-06,INNSA,port776,Mumbai-Jawaharlal Nehru (Nhava Sheva),6,9,88895,97656,380002,382812
2026-02-06,KRPUS,port1065,Busan,29,51,187884,234040,159600,172004
2026-02-06,NLRTM,port1114,Rotterdam,14,76,16444,370989,115989,265321
2026-02-06,PLGDN,port380,Gdansk,4,13,23614,242676,22312,28844
2026-02-06,SGSIN,port1201,Singapore,32,127,525950,1151619,591983,972338
2026-02-06,TRMER,port735,Mersin,5,5,0,0,80170,80170
2026-02-06,UAODS,port843,Odessa,0,0,0,0,0,0
2026-02-06,USLGB,port664,Los Angeles-Long Beach,5,10,222132,233979,112892,120282
2026-02-06,USNYC,port815,New York-New Jersey,8,14,133785,345751,101774,102034
2026-02-07,AEJEA,port744,Jebel Ali,15,27,605637,700079,172058,198169
2026-02-07,BRSSZ,port1160,Santos,4,10,42223,56907,39598,119507
2026-02-07,CNSHA,port1188,Shanghai,39,80,308489,586331,380980,503721
2026-02-07,CNSZX,port1414,Yantian,8,8,16534,16534,25292,25292
2026-02-07,DEHAM,port446,Hamburg,10,20,129099,172132,86606,91594
2026-02-07,EGALY,port23,Alexandria,5,12,17643,66643,63145,95461
2026-02-07,GBFXT,port343,Felixstowe,2,2,6141,6141,0,0
2026-02-07,INNSA,port776,Mumbai-Jawaharlal Nehru (Nhava Sheva),2,5,52493,168319,46366,73092
2026-02-07,KRPUS,port1065,Busan,30,47,113397,133108,68586,78515
2026-02-07,NLRTM,port1114,Rotterdam,17,74,141820,520494,143793,234119
2026-02-07,PLGDN,port380,Gdansk,1,4,14270,36103,0,0
2026-02-07,SGSIN,port1201,Singapore,42,128,492867,1247884,598989,908217
2026-02-07,TRMER,port735,Mersin,5,7,7485,8049,76969,77417
2026-02-07,UAODS,port843,Odessa,0,0,0,0,0,0
2026-02-07,USLGB,port664,Los Angeles-Long Beach,6,9,522150,556881,60834,165861
2026-02-07,USNYC,port815,New York-New Jersey,4,10,20222,50792,71402,73142
2026-02-08,AEJEA,port744,Jebel Ali,15,28,405959,553298,178974,226608
2026-02-08,BRSSZ,port1160,Santos,7,14,120688,159966,111035,132545
2026-02-08,CNSHA,port1188,Shanghai,38,127,310050,1024566,500161,962686
2026-02-08,CNSZX,port1414,Yantian,12,13,57265,57265,97013,97013
2026-02-08,DEHAM,port446,Hamburg,13,18,514956,520857,113069,143306
2026-02-08,EGALY,port23,Alexandria,2,8,7199,25720,0,32709
2026-02-08,GBFXT,port343,Felixstowe,2,2,12203,12203,119315,119315
2026-02-08,INNSA,port776,Mumbai-Jawaharlal Nehru (Nhava Sheva),2,6,88895,117217,57305,171069
2026-02-08,KRPUS,port1065,Busan,24,38,148517,179748,90039,94728
2026-02-08,NLRTM,port1114,Rotterdam,18,90,66944,899979,110802,188522
2026-02-08,PLGDN,port380,Gdansk,4,10,20082,60733,12042,20899
2026-02-08,SGSIN,port1201,Singapore,39,131,677918,1464920,441889,762632
2026-02-08,TRMER,port735,Mersin,3,6,0,16250,54977,55425
2026-02-08,UAODS,port843,Odessa,0,0,0,0,0,0
2026-02-08,USLGB,port664,Los Angeles-Long Beach,6,8,204072,338522,424879,433043
2026-02-08,USNYC,port815,New York-New Jersey,7,9,129565,148823,11850,13466
2026-02-09,AEJEA,port744,Jebel Ali,12,26,173824,197603,621754,665213
2026-02-09,BRSSZ,port1160,Santos,4,15,11902,31647,80937,473728
2026-02-09,CNSHA,port1188,Shanghai,30,115,147267,410248,273909,854404
2026-02-09,CNSZX,port1414,Yantian,8,10,25953,26857,103278,104182
2026-02-09,DEHAM,port446,Hamburg,10,19,86543,98442,185767,230379
2026-02-09,EGALY,port23,Alexandria,3,11,16297,70087,63081,99732
2026-02-09,GBFXT,port343,Felixstowe,3,5,44759,46695,0,0
2026-02-09,INNSA,port776,Mumbai-Jawaharlal Nehru (Nhava Sheva),3,9,88895,160612,134052,160651
2026-02-09,KRPUS,port1065,Busan,31,59,233760,283207,109350,126971
2026-02-09,NLRTM,port1114,Rotterdam,19,77,73980,740042,202275,266069
2026-02-09,PLGDN,port380,Gdansk,3,12,184840,293231,22048,61195
2026-02-09,SGSIN,port1201,Singapore,46,164,684452,1315193,753757,1195485
2026-02-09,TRMER,port735,Mersin,4,6,73636,90438,11000,12299
2026-02-09,UAODS,port843,Odessa,0,0,0,0,0,0
2026-02-09,USLGB,port664,Los Angeles-Long Beach,5,9,422827,492324,158952,159532
2026-02-09,USNYC,port815,New York-New Jersey,4,9,97611,274379,6372,6372
2026-02-10,AEJEA,port744,Jebel Ali,16,24,357610,476773,297240,298701
2026-02-10,BRSSZ,port1160,Santos,7,17,0,71898,87834,585233
2026-02-10,CNSHA,port1188,Shanghai,28,97,102422,552796,306437,513287
2026-02-10,CNSZX,port1414,Yantian,9,9,0,0,159571,159571
2026-02-10,DEHAM,port446,Hamburg,11,18,236235,328430,144595,162687
2026-02-10,EGALY,port23,Alexandria,3,6,77655,149495,0,635
2026-02-10,GBFXT,port343,Felixstowe,2,6,36257,38940,0,4939
2026-02-10,INNSA,port776,Mumbai-Jawaharlal Nehru (Nhava Sheva),3,3,38440,38440,76096,76096
2026-02-10,KRPUS,port1065,Busan,26,53,209646,273080,220025,269871
2026-02-10,NLRTM,port1114,Rotterdam,24,97,298521,792192,133747,250684
2026-02-10,PLGDN,port380,Gdansk,2,12,14136,165614,37610,38458
2026-02-10,SGSIN,port1201,Singapore,45,130,662842,1002458,647495,992661
2026-02-10,TRMER,port735,Mersin,3,8,70940,76961,0,1818
2026-02-10,UAODS,port843,Odessa,0,0,0,0,0,0
2026-02-10,USLGB,port664,Los Angeles-Long Beach,8,14,461319,492959,0,7166
2026-02-10,USNYC,port815,New York-New Jersey,5,7,50147,50595,73071,73071
2026-02-11,AEJEA,port744,Jebel Ali,12,24,220310,435009,297840,299541
2026-02-11,BRSSZ,port1160,Santos,8,12,21857,21857,20696,32257
2026-02-11,CNSHA,port1188,Shanghai,31,105,193472,769277,400770,888717
2026-02-11,CNSZX,port1414,Yantian,6,7,0,0,54604,54604
2026-02-11,DEHAM,port446,Hamburg,4,14,20294,170141,59615,62985
2026-02-11,EGALY,port23,Alexandria,6,11,72535,123232,184130,192706
2026-02-11,GBFXT,port343,Felixstowe,4,6,73858,73858,59472,93943
2026-02-11,INNSA,port776,Mumbai-Jawaharlal Nehru (Nhava Sheva),3,11,133342,246073,85958,127210
2026-02-11,KRPUS,port1065,Busan,41,62,159074,263914,258337,274322
2026-02-11,NLRTM,port1114,Rotterdam,17,89,516855,1191385,81507,294551
2026-02-11,PLGDN,port380,Gdansk,2,8,71968,187424,0,7579
2026-02-11,SGSIN,port1201,Singapore,37,120,583426,1065750,904955,1243847
2026-02-11,TRMER,port735,Mersin,2,5,9686,27022,11000,11000
2026-02-11,UAODS,port843,Odessa,0,0,0,0,0,0
2026-02-11,USLGB,port664,Los Angeles-Long Beach,4,7,292702,381040,0,0
2026-02-11,USNYC,port815,New York-New Jersey,9,14,340338,491343,2636,2636
2026-02-12,AEJEA,port744,Jebel Ali,12,23,221480,334466,198479,243004
2026-02-12,BRSSZ,port1160,Santos,4,14,52699,163974,0,175456
2026-02-12,CNSHA,port1188,Shanghai,32,112,190087,358673,344607,948339
2026-02-12,CNSZX,port1414,Yantian,9,10,17109,18045,89336,89336
2026-02-12,DEHAM,port446,Hamburg,11,16,315285,315778,78853,84208
2026-02-12,EGALY,port23,Alexandria,3,7,36330,38189,17217,27524
2026-02-12,GBFXT,port343,Felixstowe,3,3,71487,71487,0,0
2026-02-12,INNSA,port776,Mumbai-Jawaharlal Nehru (Nhava Sheva),3,6,115321,130462,76526,79765
2026-02-12,KRPUS,port1065,Busan,25,45,153530,179356,142875,167197
2026-02-12,NLRTM,port1114,Rotterdam,18,80,27462,315409,115224,333061
2026-02-12,PLGDN,port380,Gdansk,4,17,47245,403164,18469,72236
2026-02-12,SGSIN,port1201,Singapore,36,107,589587,1072800,495198,715425
2026-02-12,TRMER,port735,Mersin,4,6,17901,18599,42311,42758
2026-02-12,UAODS,port843,Odessa,0,0,0,0,0,0
2026-02-12,USLGB,port664,Los Angeles-Long Beach,5,9,308838,462286,198567,219322
2026-02-12,USNYC,port815,New York-New Jersey,7,9,324447,362183,49600,49600
2026-02-13,AEJEA,port744,Jebel Ali,13,28,569035,666824,104248,158458
2026-02-13,BRSSZ,port1160,Santos,5,13,79780,79780,43207,309378
2026-02-13,CNSHA,port1188,Shanghai,28,94,269335,583614,178689,455191
2026-02-13,CNSZX,port1414,Yantian,9,10,4389,5293,168531,169435
2026-02-13,DEHAM,port446,Hamburg,9,15,60497,97796,323920,337934
2026-02-13,EGALY,port23,Alexandria,1,7,22508,79638,0,5587
2026-02-13,GBFXT,port343,Felixstowe,0,2,0,2295,0,0
2026-02-13,INNSA,port776,Mumbai-Jawaharlal Nehru (Nhava Sheva),4,9,127335,160468,262553,305266
2026-02-13,KRPUS,port1065,Busan,37,58,269957,299062,197112,255972
2026-02-13,NLRTM,port1114,Rotterdam,16,76,98978,551373,122720,276072
2026-02-13,PLGDN,port380,Gdansk,2,7,17770,62063,27341,27472
2026-02-13,SGSIN,port1201,Singapore,34,130,437858,1039918,851017,1279680
2026-02-13,TRMER,port735,Mersin,6,14,28658,115503,40954,68209
2026-02-13,UAODS,port843,Odessa,0,0,0,0,0,0
2026-02-13,USLGB,port664,Los Angeles-Long Beach,7,10,343789,424034,261428,281342
2026-02-13,USNYC,port815,New York-New Jersey,5,9,110565,183395,40453,56689
2026-02-14,AEJEA,port744,Jebel Ali,14,28,310770,471384,363455,370855
2026-02-14,BRSSZ,port1160,Santos,6,12,61159,93276,61752,193537
2026-02-14,CNSHA,port1188,Shanghai,41,122,157878,1005863,467596,708458
2026-02-14,CNSZX,port1414,Yantian,5,7,8970,8970,42333,43269
2026-02-14,DEHAM,port446,Hamburg,10,16,155724,290877,126042,127593
2026-02-14,EGALY,port23,Alexandria,3,5,139035,142598,58260,58895
2026-02-14,GBFXT,port343,Felixstowe,3,3,29987,29987,40470,40470
2026-02-14,INNSA,port776,Mumbai-Jawaharlal Nehru (Nhava Sheva),5,7,222238,222238,143264,144466
2026-02-14,KRPUS,port1065,Busan,33,55,142246,189751,160164,168709
2026-02-14,NLRTM,port1114,Rotterdam,18,79,136858,192111,209188,391195
2026-02-14,PLGDN,port380,Gdansk,3,10,229952,343311,0,1463
2026-02-14,SGSIN,port1201,Singapore,40,132,953489,1642671,487503,835085
2026-02-14,TRMER,port735,Mersin,2,3,76794,95914,57639,57639
2026-02-14,UAODS,port843,Odessa,0,0,0,0,0,0
2026-02-14,USLGB,port664,Los Angeles-Long Beach,5,8,413640,452036,5316,5316
2026-02-14,USNYC,port815,New York-New Jersey,5,11,28656,162123,103756,103756
2026-02-15,AEJEA,port744,Jebel Ali,15,24,293494,393602,357811,362929
2026-02-15,BRSSZ,port1160,Santos,2,11,18838,29785,19297,219105
2026-02-15,CNSHA,port1188,Shanghai,25,79,335065,600666,284245,544445
2026-02-15,CNSZX,port1414,Yantian,12,12,3942,3942,203380,203380
2026-02-15,DEHAM,port446,Hamburg,11,21,156748,303486,131420,144785
2026-02-15,EGALY,port23,Alexandria,3,9,36771,178586,34435,41798
2026-02-15,GBFXT,port343,Felixstowe,2,3,20030,22603,15791,15791
2026-02-15,INNSA,port776,Mumbai-Jawaharlal Nehru (Nhava Sheva),3,8,156958,214349,146921,172448
2026-02-15,KRPUS,port1065,Busan,41,59,160600,192817,154359,162418
2026-02-15,NLRTM,port1114,Rotterdam,14,75,197551,583956,159606,266557
2026-02-15,PLGDN,port380,Gdansk,1,7,8920,257050,0,1442
2026-02-15,SGSIN,port1201,Singapore,39,116,845809,1302608,307095,580802
2026-02-15,TRMER,port735,Mersin,5,10,28742,43333,36753,38779
2026-02-15,UAODS,port843,Odessa,0,0,0,0,0,0
2026-02-15,USLGB,port664,Los Angeles-Long Beach,6,10,251949,473398,140934,140968
2026-02-15,USNYC,port815,New York-New Jersey,4,8,52675,140378,38271,38271
2026-02-16,AEJEA,port744,Jebel Ali,13,27,182359,451983,206798,221907
2026-02-16,BRSSZ,port1160,Santos,7,18,1636,80392,147071,345674
2026-02-16,CNSHA,port1188,Shanghai,41,102,282109,542973,382938,563855
2026-02-16,CNSZX,port1414,Yantian,5,6,4757,8733,41978,41978
2026-02-16,DEHAM,port446,Hamburg,7,12,293177,335061,221962,236164
2026-02-16,EGALY,port23,Alexandria,4,17,35355,192524,22878,34119
2026-02-16,GBFXT,port343,Felixstowe,3,5,33090,33090,0,1281
2026-02-16,INNSA,port776,Mumbai-Jawaharlal Nehru (Nhava Sheva),7,11,266685,450560,389523,409429
2026-02-16,KRPUS,port1065,Busan,22,35,51408,64538,91422,99672
2026-02-16,NLRTM,port1114,Rotterdam,16,86,30708,961644,48870,166557
2026-02-16,PLGDN,port380,Gdansk,2,10,29650,156040,0,24765
2026-02-16,SGSIN,port1201,Singapore,41,137,1004996,1415791,487260,827286
2026-02-16,TRMER,port735,Mersin,3,9,13901,55366,42186,42186
2026-02-16,UAODS,port843,Odessa,0,0,0,0,0,0
2026-02-16,USLGB,port664,Los Angeles-Long Beach,3,7,93081,94720,0,85014
2026-02-16,USNYC,port815,New York-New Jersey,6,9,157858,182676,86291,94774
2026-02-17,AEJEA,port744,Jebel Ali,16,31,323825,468222,283490,301296
2026-02-17,BRSSZ,port1160,Santos,6,15,92445,182496,25535,266536
2026-02-17,CNSHA,port1188,Shanghai,40,122,391784,1047541,508076,696039
2026-02-17,CNSZX,port1414,Yantian,9,9,35523,35523,122004,122004
2026-02-17,DEHAM,port446,Hamburg,8,14,19990,114990,154905,196401
2026-02-17,EGALY,port23,Alexandria,1,7,0,58083,29500,69821
2026-02-17,GBFXT,port343,Felixstowe,4,8,76666,81752,0,376
2026-02-17,INNSA,port776,Mumbai-Jawaharlal Nehru (Nhava Sheva),3,8,121328,129735,79670,90046
2026-02-17,KRPUS,port1065,Busan,20,31,253584,277606,49763,56359
2026-02-17,NLRTM,port1114,Rotterdam,17,73,213911,551307,34101,135246
2026-02-17,PLGDN,port380,Gdansk,3,12,2649,164453,131517,134453
2026-02-17,SGSIN,port1201,Singapore,38,107,1032507,1196428,521508,831632
2026-02-17,TRMER,port735,Mersin,6,10,128271,128902,24268,30038
2026-02-17,UAODS,port843,Odessa,0,0,0,0,0,0
2026-02-17,USLGB,port664,Los Angeles-Long Beach,4,11,501509,650132,16408,57288
2026-02-17,USNYC,port815,New York-New Jersey,6,12,169212,263231,20906,20906
2026-02-18,AEJEA,port744,Jebel Ali,17,35,394862,496383,315798,368868
2026-02-18,BRSSZ,port1160,Santos,8,21,133025,240409,41628,351473
2026-02-18,CNSHA,port1188,Shanghai,30,100,280317,768640,434200,807240
2026-02-18,CNSZX,port1414,Yantian,10,10,22866,22866,88667,88667
2026-02-18,DEHAM,port446,Hamburg,13,17,94276,140181,194996,198890
2026-02-18,EGALY,port23,Alexandria,0,0,0,0,0,0
2026-02-18,GBFXT,port343,Felixstowe,2,2,11603,11603,0,0
2026-02-18,INNSA,port776,Mumbai-Jawaharlal Nehru (Nhava Sheva),4,9,88895,128256,74683,79444
2026-02-18,KRPUS,port1065,Busan,27,43,127548,146832,128673,136394
2026-02-18,NLRTM,port1114,Rotterdam,21,96,283482,808069,71528,318692
2026-02-18,PLGDN,port380,Gdansk,3,10,3634,133159,424860,458344
2026-02-18,SGSIN,port1201,Singapore,44,136,658762,1061845,761865,1104105
2026-02-18,TRMER,port735,Mersin,0,0,0,0,0,0
2026-02-18,UAODS,port843,Odessa,0,0,0,0,0,0
2026-02-18,USLGB,port664,Los Angeles-Long Beach,4,9,209484,350035,170107,204830
2026-02-18,USNYC,port815,New York-New Jersey,5,9,154362,185905,62946,64737
2026-02-19,AEJEA,port744,Jebel Ali,10,25,121158,199324,187919,193290
2026-02-19,BRSSZ,port1160,Santos,7,15,32669,49029,24285,356650
2026-02-19,CNSHA,port1188,Shanghai,37,113,236153,668769,444815,981885
2026-02-19,CNSZX,port1414,Yantian,7,10,3728,54592,98155,98155
2026-02-19,DEHAM,port446,Hamburg,8,17,102613,226316,68280,73726
2026-02-19,EGALY,port23,Alexandria,3,4,20635,44304,73152,76833
2026-02-19,GBFXT,port343,Felixstowe,1,2,0,3286,246055,246055
2026-02-19,INNSA,port776,Mumbai-Jawaharlal Nehru (Nhava Sheva),1,4,44447,57953,28652,68756
2026-02-19,KRPUS,port1065,Busan,27,50,309361,341572,85438,98718
2026-02-19,NLRTM,port1114,Rotterdam,17,87,73753,773293,50496,184346
2026-02-19,PLGDN,port380,Gdansk,2,12,27970,284768,0,39728
2026-02-19,SGSIN,port1201,Singapore,46,134,679754,1107933,845060,1343999
2026-02-19,TRMER,port735,Mersin,3,11,110260,176294,14905,20101
2026-02-19,UAODS,port843,Odessa,0,0,0,0,0,0
2026-02-19,USLGB,port664,Los Angeles-Long Beach,7,9,457112,645391,103201,103201
2026-02-19,USNYC,port815,New York-New Jersey,5,8,215671,246408,0,38087
2026-02-20,AEJEA,port744,Jebel Ali,13,24,521652,592208,115951,128953
2026-02-20,BRSSZ,port1160,Santos,6,13,78783,126360,42200,213392
2026-02-20,CNSHA,port1188,Shanghai,30,113,205633,409205,332222,900168
2026-02-20,CNSZX,port1414,Yantian,8,9,14301,16125,110472,111367
2026-02-20,DEHAM,port446,Hamburg,13,23,291398,317035,330139,388214
2026-02-20,EGALY,port23,Alexandria,4,14,51359,190487,58118,70712
2026-02-20,GBFXT,port343,Felixstowe,5,6,96837,97423,108998,108998
2026-02-20,INNSA,port776,Mumbai-Jawaharlal Nehru (Nhava Sheva),3,8,133342,185766,85958,109770
2026-02-20,KRPUS,port1065,Busan,31,56,113049,145261,171669,197274
2026-02-20,NLRTM,port1114,Rotterdam,16,98,126339,646543,190942,387779
2026-02-20,PLGDN,port380,Gdansk,6,10,204266,249796,99451,132148
2026-02-20,SGSIN,port1201,Singapore,35,139,362373,1507377,639140,1072557
2026-02-20,TRMER,port735,Mersin,4,6,71156,77180,14990,16762
2026-02-20,UAODS,port843,Odessa,0,0,0,0,0,0
2026-02-20,USLGB,port664,Los Angeles-Long Beach,6,10,503020,581558,187164,230158
2026-02-20,USNYC,port815,New York-New Jersey,3,6,54099,85644,7817,8077
2026-02-21,AEJEA,port744,Jebel Ali,13,28,226517,426166,114468,126512
2026-02-21,BRSSZ,port1160,Santos,5,13,94177,94177,53536,446734
2026-02-21,CNSHA,port1188,Shanghai,35,95,413920,734378,267397,631673
2026-02-21,CNSZX,port1414,Yantian,10,11,18539,19443,86205,87109
2026-02-21,DEHAM,port446,Hamburg,3,11,19400,99774,75781,82284
2026-02-21,EGALY,port23,Alexandria,5,12,107456,167087,43798,57141
2026-02-21,GBFXT,port343,Felixstowe,1,2,1245,5815,0,0
2026-02-21,INNSA,port776,Mumbai-Jawaharlal Nehru (Nhava Sheva),3,13,38440,137878,172359,256401
2026-02-21,KRPUS,port1065,Busan,38,56,131015,203759,186985,199857
2026-02-21,NLRTM,port1114,Rotterdam,16,74,141350,566741,158573,313468
2026-02-21,PLGDN,port380,Gdansk,2,11,90583,226597,0,12039
2026-02-21,SGSIN,port1201,Singapore,41,132,610273,1583559,654514,1054371
2026-02-21,TRMER,port735,Mersin,6,11,17901,20454,97018,101612
2026-02-21,UAODS,port843,Odessa,0,0,0,0,0,0
2026-02-21,USLGB,port664,Los Angeles-Long Beach,6,10,138167,228086,77306,77306
2026-02-21,USNYC,port815,New York-New Jersey,9,15,44875,283849,126347,127750
2026-02-22,AEJEA,port744,Jebel Ali,16,25,369977,402597,202457,209029
2026-02-22,BRSSZ,port1160,Santos,5,15,18312,154369,179282,244869
2026-02-22,CNSHA,port1188,Shanghai,36,93,237020,401697,280033,350418
2026-02-22,CNSZX,port1414,Yantian,10,10,10164,10164,57413,57413
2026-02-22,DEHAM,port446,Hamburg,14,20,272996,314073,152195,158781
2026-02-22,EGALY,port23,Alexandria,3,7,32595,105799,50582,61626
2026-02-22,GBFXT,port343,Felixstowe,2,2,32995,32995,0,0
2026-02-22,INNSA,port776,Mumbai-Jawaharlal Nehru (Nhava Sheva),5,11,127335,205945,169734,175349
2026-02-22,KRPUS,port1065,Busan,37,61,245728,282956,150563,159488
2026-02-22,NLRTM,port1114,Rotterdam,20,74,165747,933909,149042,240243
2026-02-22,PLGDN,port380,Gdansk,3,7,36283,39964,19094,41596
2026-02-22,SGSIN,port1201,Singapore,37,114,772513,1049866,765578,1150827
2026-02-22,TRMER,port735,Mersin,7,8,103868,103868,39880,39880
2026-02-22,UAODS,port843,Odessa,0,0,0,0,0,0
2026-02-22,USLGB,port664,Los Angeles-Long Beach,7,10,666875,677480,16408,16408
2026-02-22,USNYC,port815,New York-New Jersey,3,5,69188,86569,6372,7987
2026-02-23,AEJEA,port744,Jebel Ali,13,24,170336,258662,202104,247887
2026-02-23,BRSSZ,port1160,Santos,7,19,71632,80695,85633,456296
2026-02-23,CNSHA,port1188,Shanghai,39,100,358139,629607,324046,520886
2026-02-23,CNSZX,port1414,Yantian,13,15,28282,28282,109203,109203
2026-02-23,DEHAM,port446,Hamburg,10,16,132200,132398,88836,93397
2026-02-23,EGALY,port23,Alexandria,5,17,58618,122844,23592,33001
2026-02-23,GBFXT,port343,Felixstowe,3,7,37896,45920,15791,21840
2026-02-23,INNSA,port776,Mumbai-Jawaharlal Nehru (Nhava Sheva),5,10,157924,225207,257648,260458
2026-02-23,KRPUS,port1065,Busan,26,49,115918,154113,145765,152455
2026-02-23,NLRTM,port1114,Rotterdam,27,97,371338,1211237,249463,314081
2026-02-23,PLGDN,port380,Gdansk,1,6,92026,206734,0,1318
2026-02-23,SGSIN,port1201,Singapore,42,124,642991,1029319,620049,1077267
2026-02-23,TRMER,port735,Mersin,1,7,2324,51350,0,2505
2026-02-23,UAODS,port843,Odessa,0,0,0,0,0,0
2026-02-23,USLGB,port664,Los Angeles-Long Beach,5,12,390668,482750,0,22198
2026-02-23,USNYC,port815,New York-New Jersey,0,0,0,0,0,0
2026-02-24,AEJEA,port744,Jebel Ali,11,24,223427,285604,138672,178377
2026-02-24,BRSSZ,port1160,Santos,9,14,110863,139919,79137,234172
2026-02-24,CNSHA,port1188,Shanghai,38,101,519882,1011017,271463,550763
2026-02-24,CNSZX,port1414,Yantian,13,13,7315,7315,147863,147863
2026-02-24,DEHAM,port446,Hamburg,8,12,83527,90746,65490,77920
2026-02-24,EGALY,port23,Alexandria,4,8,16297,45307,162816,166497
2026-02-24,GBFXT,port343,Felixstowe,1,4,2510,5494,0,317
2026-02-24,INNSA,port776,Mumbai-Jawaharlal Nehru (Nhava Sheva),2,7,88895,173232,57305,87322
2026-02-24,KRPUS,port1065,Busan,28,44,85962,108735,210956,221288
2026-02-24,NLRTM,port1114,Rotterdam,14,87,55046,598610,24143,141614
2026-02-24,PLGDN,port380,Gdansk,4,12,109306,332804,34990,36945
2026-02-24,SGSIN,port1201,Singapore,44,124,857075,1502095,628641,1165616
2026-02-24,TRMER,port735,Mersin,6,9,44185,51655,84529,84529
2026-02-24,UAODS,port843,Odessa,0,0,0,0,0,0
2026-02-24,USLGB,port664,Los Angeles-Long Beach,6,11,400814,402048,0,69125
2026-02-24,USNYC,port815,New York-New Jersey,1,7,0,148747,5413,64018
2026-02-25,AEJEA,port744,Jebel Ali,12,21,216707,367517,218067,229644
2026-02-25,BRSSZ,port1160,Santos,6,18,0,54347,123887,456960
2026-02-25,CNSHA,port1188,Shanghai,31,126,531000,1449761,222547,482395
2026-02-25,CNSZX,port1414,Yantian,8,10,22383,23287,54369,55273
2026-02-25,DEHAM,port446,Hamburg,13,23,230150,339532,285215,291559
2026-02-25,EGALY,port23,Alexandria,1,6,14890,23644,0,5728
2026-02-25,GBFXT,port343,Felixstowe,5,7,98164,99988,0,502
2026-02-25,INNSA,port776,Mumbai-Jawaharlal Nehru (Nhava Sheva),5,10,177790,209907,185351,238139
2026-02-25,KRPUS,port1065,Busan,34,48,99922,124164,236172,248602
2026-02-25,NLRTM,port1114,Rotterdam,21,84,229396,1133706,108592,248711
2026-02-25,PLGDN,port380,Gdansk,0,11,0,88426,0,8659
2026-02-25,SGSIN,port1201,Singapore,41,120,720218,1113877,1015580,1224220
2026-02-25,TRMER,port735,Mersin,5,10,8950,12477,18388,33216
2026-02-25,UAODS,port843,Odessa,0,0,0,0,0,0
2026-02-25,USLGB,port664,Los Angeles-Long Beach,5,7,261652,302851,34819,34819
2026-02-25,USNYC,port815,New York-New Jersey,2,6,22147,100487,11499,11499
2026-02-26,AEJEA,port744,Jebel Ali,16,23,164333,224294,329807,374570
2026-02-26,BRSSZ,port1160,Santos,4,14,85049,108191,0,114186
2026-02-26,CNSHA,port1188,Shanghai,43,98,318635,739478,343748,643512
2026-02-26,CNSZX,port1414,Yantian,14,14,51670,51670,66595,66595
2026-02-26,DEHAM,port446,Hamburg,8,19,122432,130964,131627,172294
2026-02-26,EGALY,port23,Alexandria,1,6,16297,99363,17217,24580
2026-02-26,GBFXT,port343,Felixstowe,4,5,89286,91251,39689,39689
2026-02-26,INNSA,port776,Mumbai-Jawaharlal Nehru (Nhava Sheva),5,9,185848,236967,122741,122741
2026-02-26,KRPUS,port1065,Busan,33,66,244861,355105,282427,344819
2026-02-26,NLRTM,port1114,Rotterdam,19,79,40096,211169,126919,438823
2026-02-26,PLGDN,port380,Gdansk,2,11,17892,242507,19094,33093
2026-02-26,SGSIN,port1201,Singapore,38,121,483061,982576,660904,1013122
2026-02-26,TRMER,port735,Mersin,6,9,90116,90116,11000,14411
2026-02-26,UAODS,port843,Odessa,0,0,0,0,0,0
2026-02-26,USLGB,port664,Los Angeles-Long Beach,4,10,293447,318939,0,64653
2026-02-26,USNYC,port815,New York-New Jersey,9,17,194792,356250,120886,123379
2026-02-27,AEJEA,port744,Jebel Ali,7,21,244711,393561,80239,100533
2026-02-27,BRSSZ,port1160,Santos,9,13,53381,59017,71738,160781
2026-02-27,CNSHA,port1188,Shanghai,27,99,274206,737222,198856,377967
2026-02-27,CNSZX,port1414,Yantian,8,9,14726,15630,43252,44157
2026-02-27,DEHAM,port446,Hamburg,7,14,103161,103280,132276,191507
2026-02-27,EGALY,port23,Alexandria,2,9,0,8211,26452,62254
2026-02-27,GBFXT,port343,Felixstowe,2,2,31296,31296,129641,129641
2026-02-27,INNSA,port776,Mumbai-Jawaharlal Nehru (Nhava Sheva),2,4,88895,109800,57305,78128
2026-02-27,KRPUS,port1065,Busan,31,58,88162,132048,209888,228218
2026-02-27,NLRTM,port1114,Rotterdam,19,89,161317,888832,98082,272594
2026-02-27,PLGDN,port380,Gdansk,2,7,28273,142280,38188,41293
2026-02-27,SGSIN,port1201,Singapore,32,115,695445,1207720,841009,1273316
2026-02-27,TRMER,port735,Mersin,4,7,121855,145738,15965,17711
2026-02-27,UAODS,port843,Odessa,0,0,0,0,0,0
2026-02-27,USLGB,port664,Los Angeles-Long Beach,5,11,380919,400712,50478,148095
2026-02-27,USNYC,port815,New York-New Jersey,12,20,427552,534265,8621,17104
2026-02-28,AEJEA,port744,Jebel Ali,11,18,338222,381303,122188,139818
2026-02-28,BRSSZ,port1160,Santos,6,13,72514,85358,78256,385230
2026-02-28,CNSHA,port1188,Shanghai,32,120,504979,1005331,296336,893506
2026-02-28,CNSZX,port1414,Yantian,8,8,14732,14732,63931,63931
2026-02-28,DEHAM,port446,Hamburg,11,20,136979,186862,47120,57672
2026-02-28,EGALY,port23,Alexandria,5,13,66717,136062,72893,86950
2026-02-28,GBFXT,port343,Felixstowe,3,4,36066,36194,0,0
2026-02-28,INNSA,port776,Mumbai-Jawaharlal Nehru (Nhava Sheva),6,15,222238,337608,241235,260561
2026-02-28,KRPUS,port1065,Busan,38,61,160884,204459,389112,395709
2026-02-28,NLRTM,port1114,Rotterdam,15,80,168536,620557,89686,241207
2026-02-28,PLGDN,port380,Gdansk,6,9,132364,274701,98622,103775
2026-02-28,SGSIN,port1201,Singapore,45,136,564880,890443,1198997,1603203
2026-02-28,TRMER,port735,Mersin,5,5,55568,55568,56668,56668
2026-02-28,UAODS,port843,Odessa,0,0,0,0,0,0
2026-02-28,USLGB,port664,Los Angeles-Long Beach,8,14,421243,461001,16408,160428
2026-02-28,USNYC,port815,New York-New Jersey,7,10,172777,286632,64033,64033
2026-03-01,AEJEA,port744,Jebel Ali,8,11,308486,344555,173964,186911
2026-03-01,BRSSZ,port1160,Santos,3,14,86645,152096,12543,284242
2026-03-01,CNSHA,port1188,Shanghai,29,120,392522,869058,259378,765650
2026-03-01,CNSZX,port1414,Yantian,8,9,6352,7257,83812,84717
2026-03-01,DEHAM,port446,Hamburg,14,15,312880,313168,189878,190277
2026-03-01,EGALY,port23,Alexandria,3,9,32458,40568,30368,56934
2026-03-01,GBFXT,port343,Felixstowe,2,3,10204,10204,58327,59291
2026-03-01,INNSA,port776,Mumbai-Jawaharlal Nehru (Nhava Sheva),3,6,89522,263022,101939,102567
2026-03-01,KRPUS,port1065,Busan,31,52,183333,223859,236268,257777
2026-03-01,NLRTM,port1114,Rotterdam,17,81,90736,507345,128385,213634
2026-03-01,PLGDN,port380,Gdansk,1,8,18755,139120,26032,28562
2026-03-01,SGSIN,port1201,Singapore,34,115,751749,1169470,643658,914112
2026-03-01,TRMER,port735,Mersin,2,5,10402,13666,5895,7194
2026-03-01,UAODS,port843,Odessa,0,0,0,0,0,0
2026-03-01,USLGB,port664,Los Angeles-Long Beach,5,11,436356,694627,114468,117294
2026-03-01,USNYC,port815,New York-New Jersey,8,12,149760,252276,46497,46497
2026-03-02,AEJEA,port744,Jebel Ali,1,2,2683,39524,0,0
2026-03-02,BRSSZ,port1160,Santos,6,18,9855,53827,115306,389488
2026-03-02,CNSHA,port1188,Shanghai,32,80,651649,806647,162007,346693
2026-03-02,CNSZX,port1414,Yantian,9,9,54355,54355,35958,35958
2026-03-02,DEHAM,port446,Hamburg,11,18,51076,99774,99268,116469
2026-03-02,EGALY,port23,Alexandria,5,16,75244,159777,16796,25274
2026-03-02,GBFXT,port343,Felixstowe,6,9,65963,68256,77690,77690
2026-03-02,INNSA,port776,Mumbai-Jawaharlal Nehru (Nhava Sheva),3,6,93746,144956,105810,109150
2026-03-02,KRPUS,port1065,Busan,18,29,34062,46271,133744,140528
2026-03-02,NLRTM,port1114,Rotterdam,23,96,329142,717812,79198,237458
2026-03-02,PLGDN,port380,Gdansk,2,12,14385,149841,0,37082
2026-03-02,SGSIN,port1201,Singapore,36,153,567082,1237218,596088,1119655
2026-03-02,TRMER,port735,Mersin,2,4,37905,37905,0,5769
2026-03-02,UAODS,port843,Odessa,0,0,0,0,0,0
2026-03-02,USLGB,port664,Los Angeles-Long Beach,6,10,392550,462738,0,47250
2026-03-02,USNYC,port815,New York-New Jersey,6,9,200316,244262,54887,54887
2026-03-03,AEJEA,port744,Jebel Ali,1,2,22391,29726,34696,34696
2026-03-03,BRSSZ,port1160,Santos,8,22,103082,118017,113332,507642
2026-03-03,CNSHA,port1188,Shanghai,40,122,385653,842153,340782,751964
2026-03-03,CNSZX,port1414,Yantian,10,12,22903,23807,48845,49749
2026-03-03,DEHAM,port446,Hamburg,9,17,343335,351326,141736,157663
2026-03-03,EGALY,port23,Alexandria,5,14,22913,98616,57788,75187
2026-03-03,GBFXT,port343,Felixstowe,2,5,12640,13112,57158,57217
2026-03-03,INNSA,port776,Mumbai-Jawaharlal Nehru (Nhava Sheva),2,7,31248,90698,266730,274864
2026-03-03,KRPUS,port1065,Busan,33,55,68752,106018,282936,297740
2026-03-03,NLRTM,port1114,Rotterdam,21,86,224314,489917,118202,228308
2026-03-03,PLGDN,port380,Gdansk,1,8,0,161367,17361,18259
2026-03-03,SGSIN,port1201,Singapore,43,131,420649,1300814,996331,1406430
2026-03-03,TRMER,port735,Mersin,3,14,0,20938,63502,70465
2026-03-03,UAODS,port843,Odessa,0,0,0,0,0,0
2026-03-03,USLGB,port664,Los Angeles-Long Beach,4,5,246184,249939,32148,32148
2026-03-03,USNYC,port815,New York-New Jersey,6,13,213864,259664,13738,13998
2026-03-04,AEJEA,port744,Jebel Ali,0,2,0,81556,0,2232
2026-03-04,BRSSZ,port1160,Santos,5,10,13514,71593,22246,201956
2026-03-04,CNSHA,port1188,Shanghai,33,135,221126,1184836,257902,648217
2026-03-04,CNSZX,port1414,Yantian,6,7,36270,36270,35418,35418
2026-03-04,DEHAM,port446,Hamburg,14,27,212974,317752,213467,223802
2026-03-04,EGALY,port23,Alexandria,3,8,25564,76618,53039,64960
2026-03-04,GBFXT,port343,Felixstowe,3,3,37754,37754,13925,13925
2026-03-04,INNSA,port776,Mumbai-Jawaharlal Nehru (Nhava Sheva),2,10,31248,235610,151622,177013
2026-03-04,KRPUS,port1065,Busan,44,69,146943,194899,345292,362348
2026-03-04,NLRTM,port1114,Rotterdam,18,86,102877,921779,77898,230220
2026-03-04,PLGDN,port380,Gdansk,3,13,6513,211401,210418,215488
2026-03-04,SGSIN,port1201,Singapore,38,139,487766,1059759,717004,1262771
2026-03-04,TRMER,port735,Mersin,1,6,0,82473,7050,8349
2026-03-04,UAODS,port843,Odessa,0,0,0,0,0,0
2026-03-04,USLGB,port664,Los Angeles-Long Beach,7,12,734999,928495,0,2826
2026-03-04,USNYC,port815,New York-New Jersey,11,16,564482,671955,32559,32559
2026-03-05,AEJEA,port744,Jebel Ali,0,1,0,0,0,392
2026-03-05,BRSSZ,port1160,Santos,7,15,50228,91320,110674,346908
2026-03-05,CNSHA,port1188,Shanghai,34,114,195321,597036,322213,637471
2026-03-05,CNSZX,port1414,Yantian,7,8,7839,8743,60693,61598
2026-03-05,DEHAM,port446,Hamburg,7,22,86850,332689,125712,150200
2026-03-05,EGALY,port23,Alexandria,3,9,299306,445988,12927,79087
2026-03-05,GBFXT,port343,Felixstowe,4,6,87268,96012,27850,31310
2026-03-05,INNSA,port776,Mumbai-Jawaharlal Nehru (Nhava Sheva),3,4,89101,96984,70540,70984
2026-03-05,KRPUS,port1065,Busan,33,58,184076,248812,270694,282177
2026-03-05,NLRTM,port1114,Rotterdam,16,83,58894,636706,85147,238452
2026-03-05,PLGDN,port380,Gdansk,3,9,172613,287306,0,14932
2026-03-05,SGSIN,port1201,Singapore,45,139,1146300,1832864,637086,905885
2026-03-05,TRMER,port735,Mersin,5,6,8465,8465,37143,39677
2026-03-05,UAODS,port843,Odessa,0,0,0,0,0,0
2026-03-05,USLGB,port664,Los Angeles-Long Beach,7,10,338674,407758,144196,144196
2026-03-05,USNYC,port815,New York-New Jersey,3,8,69318,156783,2294,2294
2026-03-06,AEJEA,port744,Jebel Ali,0,1,0,1642,0,98
2026-03-06,BRSSZ,port1160,Santos,6,21,74259,77657,34538,332267
2026-03-06,CNSHA,port1188,Shanghai,33,106,1265153,1795394,175493,344253
2026-03-06,CNSZX,port1414,Yantian,9,9,48419,48419,26439,26439
2026-03-06,DEHAM,port446,Hamburg,10,19,155399,162235,168415,209416
2026-03-06,EGALY,port23,Alexandria,0,3,0,47877,0,7453
2026-03-06,GBFXT,port343,Felixstowe,2,3,31805,34640,9801,9801
2026-03-06,INNSA,port776,Mumbai-Jawaharlal Nehru (Nhava Sheva),2,4,118293,263931,31399,31828
2026-03-06,KRPUS,port1065,Busan,28,42,98033,119914,231734,236196
2026-03-06,NLRTM,port1114,Rotterdam,22,85,195653,673821,203348,355097
2026-03-06,PLGDN,port380,Gdansk,1,4,0,95028,20098,21845
2026-03-06,SGSIN,port1201,Singapore,43,118,956578,1310975,811181,1174598
2026-03-06,TRMER,port735,Mersin,4,7,40668,47783,8857,12562
2026-03-06,UAODS,port843,Odessa,0,0,0,0,0,0
2026-03-06,USLGB,port664,Los Angeles-Long Beach,2,7,105664,157644,190740,234050
2026-03-06,USNYC,port815,New York-New Jersey,10,15,339653,428856,144642,153708
2026-03-07,AEJEA,port744,Jebel Ali,0,1,0,1116,0,1180
2026-03-07,BRSSZ,port1160,Santos,8,16,100794,119409,49580,292291
2026-03-07,CNSHA,port1188,Shanghai,37,120,539513,1007520,315968,649952
2026-03-07,CNSZX,port1414,Yantian,8,9,19388,21213,45387,46282
2026-03-07,DEHAM,port446,Hamburg,8,13,121845,122022,26802,35843
2026-03-07,EGALY,port23,Alexandria,3,13,11456,21127,30205,33859
2026-03-07,GBFXT,port343,Felixstowe,1,2,29607,33780,0,0
2026-03-07,INNSA,port776,Mumbai-Jawaharlal Nehru (Nhava Sheva),2,7,270218,293121,35270,67248
2026-03-07,KRPUS,port1065,Busan,34,57,223884,261726,116974,130639
2026-03-07,NLRTM,port1114,Rotterdam,13,70,78925,297414,95199,375011
2026-03-07,PLGDN,port380,Gdansk,4,12,43616,106075,85190,89256
2026-03-07,SGSIN,port1201,Singapore,37,115,1186666,1711565,504598,812989
2026-03-07,TRMER,port735,Mersin,0,2,0,2730,0,0
2026-03-07,UAODS,port843,Odessa,0,0,0,0,0,0
2026-03-07,USLGB,port664,Los Angeles-Long Beach,4,8,386305,718555,0,17800
2026-03-07,USNYC,port815,New York-New Jersey,4,8,58616,139097,13592,23690
2026-03-08,AEJEA,port744,Jebel Ali,1,1,22391,22391,34696,34696
2026-03-08,BRSSZ,port1160,Santos,5,13,84758,87555,35617,271597
2026-03-08,CNSHA,port1188,Shanghai,35,102,209436,601870,246545,557124
2026-03-08,CNSZX,port1414,Yantian,8,9,14696,15600,55143,56048
2026-03-08,DEHAM,port446,Hamburg,10,16,231252,382796,194756,197812
2026-03-08,EGALY,port23,Alexandria,3,10,17056,170093,0,37985
2026-03-08,GBFXT,port343,Felixstowe,2,2,45693,45693,0,0
2026-03-08,INNSA,port776,Mumbai-Jawaharlal Nehru (Nhava Sheva),2,4,58274,65672,66669,107675
2026-03-08,KRPUS,port1065,Busan,32,53,135910,169790,337331,352234
2026-03-08,NLRTM,port1114,Rotterdam,7,61,8287,150456,16268,69091
2026-03-08,PLGDN,port380,Gdansk,6,8,59656,59838,74405,89204
2026-03-08,SGSIN,port1201,Singapore,44,123,728202,1433708,566118,907547
2026-03-08,TRMER,port735,Mersin,1,2,35073,35073,0,1734
2026-03-08,UAODS,port843,Odessa,0,0,0,0,0,0
2026-03-08,USLGB,port664,Los Angeles-Long Beach,3,6,181896,182422,97531,97531
2026-03-08,USNYC,port815,New York-New Jersey,7,11,73079,76796,85203,86240
2026-03-09,AEJEA,port744,Jebel Ali,0,0,0,0,0,0
2026-03-09,BRSSZ,port1160,Santos,4,12,46430,68249,15146,150799
2026-03-09,CNSHA,port1188,Shanghai,38,129,227468,541506,291569,640461
2026-03-09,CNSZX,port1414,Yantian,10,11,11676,11676,77281,77281
2026-03-09,DEHAM,port446,Hamburg,12,19,57047,140443,260015,261955
2026-03-09,EGALY,port23,Alexandria,5,19,87283,251649,37748,60028
2026-03-09,GBFXT,port343,Felixstowe,2,4,16339,16339,108308,108308
2026-03-09,INNSA,port776,Mumbai-Jawaharlal Nehru (Nhava Sheva),2,5,31248,126376,35270,40020
2026-03-09,KRPUS,port1065,Busan,26,52,181554,244757,122077,145333
2026-03-09,NLRTM,port1114,Rotterdam,22,112,103565,455055,94062,335297
2026-03-09,PLGDN,port380,Gdansk,3,11,89754,323192,26032,27430
2026-03-09,SGSIN,port1201,Singapore,39,150,581936,1181749,988533,1298185
2026-03-09,TRMER,port735,Mersin,3,12,26360,76583,27634,34073
2026-03-09,UAODS,port843,Odessa,0,0,0,0,0,0
2026-03-09,USLGB,port664,Los Angeles-Long Beach,4,13,243585,338480,0,120128
2026-03-09,USNYC,port815,New York-New Jersey,9,16,253205,465744,19084,20003
2026-03-10,AEJEA,port744,Jebel Ali,0,0,0,0,0,0
2026-03-10,BRSSZ,port1160,Santos,6,7,46980,46980,133111,135433
2026-03-10,CNSHA,port1188,Shanghai,37,130,347811,817292,258710,681633
2026-03-10,CNSZX,port1414,Yantian,9,11,2909,2909,65817,65817
2026-03-10,DEHAM,port446,Hamburg,5,12,42026,91930,107496,146004
2026-03-10,EGALY,port23,Alexandria,4,12,16580,84855,142709,151294
2026-03-10,GBFXT,port343,Felixstowe,2,5,5593,9444,113189,113507
2026-03-10,INNSA,port776,Mumbai-Jawaharlal Nehru (Nhava Sheva),7,13,156243,179579,388453,410355
2026-03-10,KRPUS,port1065,Busan,35,59,253094,285301,212123,223482
2026-03-10,NLRTM,port1114,Rotterdam,22,76,150504,567741,271415,415973
2026-03-10,PLGDN,port380,Gdansk,3,18,160714,426148,50099,66792
2026-03-10,SGSIN,port1201,Singapore,49,132,1403557,1796136,853751,1401635
2026-03-10,TRMER,port735,Mersin,3,6,3630,3630,60565,63970
2026-03-10,UAODS,port843,Odessa,0,0,0,0,0,0
2026-03-10,USLGB,port664,Los Angeles-Long Beach,6,13,403100,457521,16074,130442
2026-03-10,USNYC,port815,New York-New Jersey,7,9,359337,362414,0,0
2026-03-11,AEJEA,port744,Jebel Ali,0,0,0,0,0,0
2026-03-11,BRSSZ,port1160,Santos,4,13,5709,81451,0,141835
2026-03-11,CNSHA,port1188,Shanghai,43,114,526429,850241,335552,734403
2026-03-11,CNSZX,port1414,Yantian,9,10,5761,10164,115464,115484
2026-03-11,DEHAM,port446,Hamburg,8,13,81470,82006,92564,100777
2026-03-11,EGALY,port23,Alexandria,4,13,27725,106586,66014,78125
2026-03-11,GBFXT,port343,Felixstowe,3,3,25999,25999,0,0
2026-03-11,INNSA,port776,Mumbai-Jawaharlal Nehru (Nhava Sheva),4,7,124994,139605,141080,217859
2026-03-11,KRPUS,port1065,Busan,40,59,211740,239893,239874,257039
2026-03-11,NLRTM,port1114,Rotterdam,15,91,435704,1179700,36145,216719
2026-03-11,PLGDN,port380,Gdansk,1,8,1451,43218,0,6220
2026-03-11,SGSIN,port1201,Singapore,39,121,812215,1338097,876986,1230048
2026-03-11,TRMER,port735,Mersin,4,9,16540,22196,45507,50418
2026-03-11,UAODS,port843,Odessa,0,0,0,0,0,0
2026-03-11,USLGB,port664,Los Angeles-Long Beach,3,9,79065,331160,16074,32211
2026-03-11,USNYC,port815,New York-New Jersey,8,14,97486,274852,42912,43935
2026-03-12,AEJEA,port744,Jebel Ali,0,0,0,0,0,0
2026-03-12,BRSSZ,port1160,Santos,9,17,37513,84406,151444,304383
2026-03-12,CNSHA,port1188,Shanghai,36,123,344902,960292,269805,660277
2026-03-12,CNSZX,port1414,Yantian,9,10,6169,7074,36638,37542
2026-03-12,DEHAM,port446,Hamburg,9,17,99623,124403,269906,277784
2026-03-12,EGALY,port23,Alexandria,2,10,11456,122347,53827,72268
2026-03-12,GBFXT,port343,Felixstowe,1,1,23187,23187,0,0
2026-03-12,INNSA,port776,Mumbai-Jawaharlal Nehru (Nhava Sheva),3,3,89359,89359,70540,70540
2026-03-12,KRPUS,port1065,Busan,34,56,249570,300304,118405,126189
2026-03-12,NLRTM,port1114,Rotterdam,19,82,23832,731741,278537,379248
2026-03-12,PLGDN,port380,Gdansk,2,9,34638,233452,0,8089
2026-03-12,SGSIN,port1201,Singapore,48,141,773412,1329797,485085,822142
2026-03-12,TRMER,port735,Mersin,4,8,0,18095,48147,48488
2026-03-12,UAODS,port843,Odessa,0,0,0,0,0,0
2026-03-12,USLGB,port664,Los Angeles-Long Beach,4,10,113955,318907,348470,355524
2026-03-12,USNYC,port815,New York-New Jersey,6,9,107462,163414,11245,29524
2026-03-13,AEJEA,port744,Jebel Ali,0,1,0,13778,0,5003
2026-03-13,BRSSZ,port1160,Santos,6,16,29418,49133,76548,313093
2026-03-13,CNSHA,port1188,Shanghai,33,98,392219,710234,273413,411439
2026-03-13,CNSZX,port1414,Yantian,9,10,76094,76094,69170,69170
2026-03-13,DEHAM,port446,Hamburg,7,17,126775,136185,66143,101551
2026-03-13,EGALY,port23,Alexandria,4,12,17977,58208,23964,58616
2026-03-13,GBFXT,port343,Felixstowe,2,2,27289,27289,0,0
2026-03-13,INNSA,port776,Mumbai-Jawaharlal Nehru (Nhava Sheva),2,7,62832,254984,31399,32966
2026-03-13,KRPUS,port1065,Busan,35,58,138869,226134,174900,184648
2026-03-13,NLRTM,port1114,Rotterdam,15,78,237469,704538,73429,180638
2026-03-13,PLGDN,port380,Gdansk,2,11,35969,296132,108872,142513
2026-03-13,SGSIN,port1201,Singapore,43,126,851924,1413794,718629,1091470
2026-03-13,TRMER,port735,Mersin,5,10,55011,67574,17715,22070
2026-03-13,UAODS,port843,Odessa,0,0,0,0,0,0
2026-03-13,USLGB,port664,Los Angeles-Long Beach,3,5,65525,108928,203225,203225
2026-03-13,USNYC,port815,New York-New Jersey,5,10,86145,188110,17560,31102
2026-03-14,AEJEA,port744,Jebel Ali,0,0,0,0,0,0
2026-03-14,BRSSZ,port1160,Santos,6,15,174198,185833,0,320459
2026-03-14,CNSHA,port1188,Shanghai,39,114,224860,712405,362633,624585
2026-03-14,CNSZX,port1414,Yantian,9,10,29164,40073,65094,65094
2026-03-14,DEHAM,port446,Hamburg,6,13,57670,122071,105945,110931
2026-03-14,EGALY,port23,Alexandria,0,0,0,0,0,0
2026-03-14,GBFXT,port343,Felixstowe,0,1,0,430,0,0
2026-03-14,INNSA,port776,Mumbai-Jawaharlal Nehru (Nhava Sheva),5,8,550214,628600,137209,165175
2026-03-14,KRPUS,port1065,Busan,39,61,327301,387529,189024,199149
2026-03-14,NLRTM,port1114,Rotterdam,12,83,34566,793772,163382,315531
2026-03-14,PLGDN,port380,Gdansk,2,6,56641,133118,0,1074
2026-03-14,SGSIN,port1201,Singapore,37,115,360269,583327,1109183,1518710
2026-03-14,TRMER,port735,Mersin,5,11,11404,20558,86640,90258
2026-03-14,UAODS,port843,Odessa,0,0,0,0,0,0
2026-03-14,USLGB,port664,Los Angeles-Long Beach,3,6,280758,399822,16074,16074
2026-03-14,USNYC,port815,New York-New Jersey,6,8,67511,84892,96455,98071
2026-03-15,AEJEA,port744,Jebel Ali,0,0,0,0,0,0
2026-03-15,BRSSZ,port1160,Santos,6,16,111946,147135,151507,622524
2026-03-15,CNSHA,port1188,Shanghai,38,101,247655,651698,344444,663280
2026-03-15,CNSZX,port1414,Yantian,11,12,13971,14875,66547,67451
2026-03-15,DEHAM,port446,Hamburg,12,16,264107,267597,84379,85331
2026-03-15,EGALY,port23,Alexandria,0,0,0,0,0,0
2026-03-15,GBFXT,port343,Felixstowe,3,4,30993,31579,0,0
2026-03-15,INNSA,port776,Mumbai-Jawaharlal Nehru (Nhava Sheva),4,7,93746,116619,130586,151938
2026-03-15,KRPUS,port1065,Busan,32,49,161755,179266,157450,172501
2026-03-15,NLRTM,port1114,Rotterdam,20,73,297690,932656,40228,106590
2026-03-15,PLGDN,port380,Gdansk,4,11,155560,415291,73765,73765
2026-03-15,SGSIN,port1201,Singapore,38,113,491485,1012875,880845,1187062
2026-03-15,TRMER,port735,Mersin,1,2,6200,6200,0,1421
2026-03-15,UAODS,port843,Odessa,0,0,0,0,0,0
2026-03-15,USLGB,port664,Los Angeles-Long Beach,4,9,190422,350897,66557,75821
2026-03-15,USNYC,port815,New York-New Jersey,7,13,223338,384749,59860,63073
2026-03-16,AEJEA,port744,Jebel Ali,0,1,0,903,0,588
2026-03-16,BRSSZ,port1160,Santos,5,17,67879,129233,58384,317914
2026-03-16,CNSHA,port1188,Shanghai,37,128,703305,1212907,196827,509671
2026-03-16,CNSZX,port1414,Yantian,11,12,6787,6787,144836,144836
2026-03-16,DEHAM,port446,Hamburg,12,21,194711,276378,234154,263561
2026-03-16,EGALY,port23,Alexandria,7,30,82539,220000,93480,112328
2026-03-16,GBFXT,port343,Felixstowe,2,4,50417,50417,13925,13925
2026-03-16,INNSA,port776,Mumbai-Jawaharlal Nehru (Nhava Sheva),3,10,62497,152942,179447,189063
2026-03-16,KRPUS,port1065,Busan,25,46,133584,160703,110057,122652
2026-03-16,NLRTM,port1114,Rotterdam,18,81,153277,498493,121065,325062
2026-03-16,PLGDN,port380,Gdansk,3,12,171150,289214,23134,39516
2026-03-16,SGSIN,port1201,Singapore,38,150,619268,1117231,851774,1212118
2026-03-16,TRMER,port735,Mersin,2,3,42769,43350,0,1698
2026-03-16,UAODS,port843,Odessa,0,0,0,0,0,0
2026-03-16,USLGB,port664,Los Angeles-Long Beach,7,14,504773,650394,0,57587
2026-03-16,USNYC,port815,New York-New Jersey,3,6,162627,248002,0,0
2026-03-17,AEJEA,port744,Jebel Ali,0,0,0,0,0,0
2026-03-17,BRSSZ,port1160,Santos,8,22,127276,234273,11647,353559
2026-03-17,CNSHA,port1188,Shanghai,31,99,151078,652930,334888,606706
2026-03-17,CNSZX,port1414,Yantian,12,15,4389,7163,112639,113544
2026-03-17,DEHAM,port446,Hamburg,7,14,281717,287892,11978,15861
2026-03-17,EGALY,port23,Alexandria,4,15,6064,149307,100778,153109
2026-03-17,GBFXT,port343,Felixstowe,4,6,9610,9610,92594,92594
2026-03-17,INNSA,port776,Mumbai-Jawaharlal Nehru (Nhava Sheva),5,8,279118,343387,105810,110995
2026-03-17,KRPUS,port1065,Busan,28,47,121790,155887,131696,141730
2026-03-17,NLRTM,port1114,Rotterdam,22,103,165593,695507,117694,265017
2026-03-17,PLGDN,port380,Gdansk,2,5,18755,124012,153129,154103
2026-03-17,SGSIN,port1201,Singapore,39,136,987400,1560103,568629,1049281
2026-03-17,TRMER,port735,Mersin,4,5,51050,51888,8857,10156
2026-03-17,UAODS,port843,Odessa,0,0,0,0,0,0
2026-03-17,USLGB,port664,Los Angeles-Long Beach,5,13,308409,337289,558490,562364
2026-03-17,USNYC,port815,New York-New Jersey,4,9,82670,194408,23388,26717
2026-03-18,AEJEA,port744,Jebel Ali,0,0,0,0,0,0
2026-03-18,BRSSZ,port1160,Santos,9,17,43455,78491,86983,328407
2026-03-18,CNSHA,port1188,Shanghai,35,98,159244,318293,365457,744448
2026-03-18,CNSZX,port1414,Yantian,10,10,36128,36128,59362,59362
2026-03-18,DEHAM,port446,Hamburg,12,18,285004,285495,216280,254680
2026-03-18,EGALY,port23,Alexandria,4,8,55188,84473,42892,47784
2026-03-18,GBFXT,port343,Felixstowe,5,5,94695,94695,13925,13925
2026-03-18,INNSA,port776,Mumbai-Jawaharlal Nehru (Nhava Sheva),3,6,62497,69896,320078,322889
2026-03-18,KRPUS,port1065,Busan,26,45,214024,271089,153662,162401
2026-03-18,NLRTM,port1114,Rotterdam,16,95,66789,633569,146067,382424
2026-03-18,PLGDN,port380,Gdansk,0,10,0,93982,0,6355
2026-03-18,SGSIN,port1201,Singapore,34,117,820032,1360649,477918,797021
2026-03-18,TRMER,port735,Mersin,3,3,12016,12016,21249,21249
2026-03-18,UAODS,port843,Odessa,0,0,0,0,0,0
2026-03-18,USLGB,port664,Los Angeles-Long Beach,5,10,259643,389080,76331,76817
2026-03-18,USNYC,port815,New York-New Jersey,7,10,85138,88017,146376,177601
2026-03-19,AEJEA,port744,Jebel Ali,0,0,0,0,0,0
2026-03-19,BRSSZ,port1160,Santos,6,15,22784,22784,70320,418345
2026-03-19,CNSHA,port1188,Shanghai,38,100,523527,943171,351663,1094763
2026-03-19,CNSZX,port1414,Yantian,7,9,32518,33423,27981,28885
2026-03-19,DEHAM,port446,Hamburg,5,12,34736,39522,145613,152896
2026-03-19,EGALY,port23,Alexandria,1,2,11456,13315,12927,13562
2026-03-19,GBFXT,port343,Felixstowe,2,2,12616,12616,0,0
2026-03-19,INNSA,port776,Mumbai-Jawaharlal Nehru (Nhava Sheva),3,11,83802,128865,66669,106361
2026-03-19,KRPUS,port1065,Busan,33,53,145268,172138,159212,171473
2026-03-19,NLRTM,port1114,Rotterdam,21,76,186571,817731,44078,206767
2026-03-19,PLGDN,port380,Gdansk,2,10,60192,97440,0,8294
2026-03-19,SGSIN,port1201,Singapore,42,135,975290,1637429,1052335,1351454
2026-03-19,TRMER,port735,Mersin,4,6,6169,6169,5300,7954
2026-03-19,UAODS,port843,Odessa,0,0,0,0,0,0
2026-03-19,USLGB,port664,Los Angeles-Long Beach,5,8,435457,438640,120515,135295
2026-03-19,USNYC,port815,New York-New Jersey,8,13,208189,281218,4732,7963
2026-03-20,AEJEA,port744,Jebel Ali,0,0,0,0,0,0
2026-03-20,BRSSZ,port1160,Santos,7,23,40805,75147,61974,578370
2026-03-20,CNSHA,port1188,Shanghai,41,120,314282,850440,279681,528236
2026-03-20,CNSZX,port1414,Yantian,8,8,32858,32858,92002,92002
2026-03-20,DEHAM,port446,Hamburg,4,14,124093,177059,154130,190507
2026-03-20,EGALY,port23,Alexandria,1,4,11456,44777,12927,12927
2026-03-20,GBFXT,port343,Felixstowe,2,5,37200,42666,0,0
2026-03-20,INNSA,port776,Mumbai-Jawaharlal Nehru (Nhava Sheva),4,7,120771,173038,137209,139585
2026-03-20,KRPUS,port1065,Busan,41,59,160160,185107,334923,345253
2026-03-20,NLRTM,port1114,Rotterdam,16,88,41438,443574,182542,321050
2026-03-20,PLGDN,port380,Gdansk,3,10,44545,121325,58417,73355
2026-03-20,SGSIN,port1201,Singapore,42,120,383946,729774,1001275,1291770
2026-03-20,TRMER,port735,Mersin,2,3,6008,11268,29197,29197
2026-03-20,UAODS,port843,Odessa,0,0,0,0,0,0
2026-03-20,USLGB,port664,Los Angeles-Long Beach,5,7,53295,87565,204262,204262
2026-03-20,USNYC,port815,New York-New Jersey,9,16,312953,485993,71779,71779
2026-03-21,AEJEA,port744,Jebel Ali,0,1,0,0,0,4920
2026-03-21,BRSSZ,port1160,Santos,6,9,208862,221329,12543,106421
2026-03-21,CNSHA,port1188,Shanghai,38,131,232820,805812,311221,767836
2026-03-21,CNSZX,port1414,Yantian,12,14,5437,6342,113942,114847
2026-03-21,DEHAM,port446,Hamburg,9,14,110911,111267,124735,169260
2026-03-21,EGALY,port23,Alexandria,0,4,0,62089,0,7362
2026-03-21,GBFXT,port343,Felixstowe,2,3,27974,35998,12989,16450
2026-03-21,INNSA,port776,Mumbai-Jawaharlal Nehru (Nhava Sheva),4,13,340461,563813,105810,122519
2026-03-21,KRPUS,port1065,Busan,34,57,60212,101509,204615,214071
2026-03-21,NLRTM,port1114,Rotterdam,12,72,214160,705339,23688,139208
2026-03-21,PLGDN,port380,Gdansk,1,8,17669,279460,0,4502
2026-03-21,SGSIN,port1201,Singapore,36,118,590483,1155435,759149,1055858
2026-03-21,TRMER,port735,Mersin,2,2,6008,6008,18202,18202
2026-03-21,UAODS,port843,Odessa,0,0,0,0,0,0
2026-03-21,USLGB,port664,Los Angeles-Long Beach,1,6,0,41693,44760,44760
2026-03-21,USNYC,port815,New York-New Jersey,4,9,18865,101500,25033,25033
2026-03-22,AEJEA,port744,Jebel Ali,2,2,9860,9860,62136,62136
2026-03-22,BRSSZ,port1160,Santos,6,20,9215,62923,145185,523148
2026-03-22,CNSHA,port1188,Shanghai,26,90,286146,592769,228756,434760
2026-03-22,CNSZX,port1414,Yantian,11,11,1471,1471,184459,184459
2026-03-22,DEHAM,port446,Hamburg,13,23,245622,300276,208555,230261
2026-03-22,EGALY,port23,Alexandria,2,9,8981,102089,30372,35738
2026-03-22,GBFXT,port343,Felixstowe,5,6,141293,142358,172059,172059
2026-03-22,INNSA,port776,Mumbai-Jawaharlal Nehru (Nhava Sheva),3,8,75351,131002,70540,79946
2026-03-22,KRPUS,port1065,Busan,35,62,177747,216618,212515,274192
2026-03-22,NLRTM,port1114,Rotterdam,22,88,337331,967024,287083,556530
2026-03-22,PLGDN,port380,Gdansk,6,11,105535,122525,73633,111751
2026-03-22,SGSIN,port1201,Singapore,37,96,747262,1102564,798157,1029539
2026-03-22,TRMER,port735,Mersin,1,3,0,1633,6225,9165
2026-03-22,UAODS,port843,Odessa,0,0,0,0,0,0
2026-03-22,USLGB,port664,Los Angeles-Long Beach,3,4,90099,121182,66689,66689
2026-03-22,USNYC,port815,New York-New Jersey,5,9,149246,162710,139843,196686
2026-03-23,AEJEA,port744,Jebel Ali,0,0,0,0,0,0
2026-03-23,BRSSZ,port1160,Santos,7,15,27317,65862,52478,348478
2026-03-23,CNSHA,port1188,Shanghai,49,150,677081,1387176,469135,772563
2026-03-23,CNSZX,port1414,Yantian,11,15,33469,45455,89362,90266
2026-03-23,DEHAM,port446,Hamburg,9,17,174839,186575,45174,62255
2026-03-23,EGALY,port23,Alexandria,6,14,45827,160949,172786,175772
2026-03-23,GBFXT,port343,Felixstowe,1,5,1874,9731,0,0
2026-03-23,INNSA,port776,Mumbai-Jawaharlal Nehru (Nhava Sheva),5,15,150055,198180,104892,113626
2026-03-23,KRPUS,port1065,Busan,34,59,173656,220560,222876,246390
2026-03-23,NLRTM,port1114,Rotterdam,19,104,74145,905499,100455,293887
2026-03-23,PLGDN,port380,Gdansk,3,12,13577,178461,42690,52595
2026-03-23,SGSIN,port1201,Singapore,40,136,524101,884985,1013065,1420726
2026-03-23,TRMER,port735,Mersin,1,3,6008,7130,8857,10555
2026-03-23,UAODS,port843,Odessa,0,0,0,0,0,0
2026-03-23,USLGB,port664,Los Angeles-Long Beach,2,4,25808,94085,0,4098
2026-03-23,USNYC,port815,New York-New Jersey,9,9,147856,147856,68524,68524
2026-03-24,AEJEA,port744,Jebel Ali,1,4,978,174076,0,0
2026-03-24,BRSSZ,port1160,Santos,8,28,47276,182263,169715,726386
2026-03-24,CNSHA,port1188,Shanghai,40,121,192228,948652,477795,680113
2026-03-24,CNSZX,port1414,Yantian,11,11,13338,13338,96925,96925
2026-03-24,DEHAM,port446,Hamburg,13,23,120653,123194,197078,384348
2026-03-24,EGALY,port23,Alexandria,6,19,101551,219950,90654,165657
2026-03-24,GBFXT,port343,Felixstowe,2,4,21979,23792,0,0
2026-03-24,INNSA,port776,Mumbai-Jawaharlal Nehru (Nhava Sheva),6,9,152020,169958,226564,230728
2026-03-24,KRPUS,port1065,Busan,30,49,257106,284241,160352,172571
2026-03-24,NLRTM,port1114,Rotterdam,16,94,245477,999065,90871,231821
2026-03-24,PLGDN,port380,Gdansk,3,10,66925,167212,26032,64089
2026-03-24,SGSIN,port1201,Singapore,41,140,1229780,1947793,630987,956924
2026-03-24,TRMER,port735,Mersin,2,4,124326,195281,0,0
2026-03-24,UAODS,port843,Odessa,0,0,0,0,0,0
2026-03-24,USLGB,port664,Los Angeles-Long Beach,10,17,829144,966870,68182,278080
2026-03-24,USNYC,port815,New York-New Jersey,5,8,124612,136121,42771,42771
2026-03-25,AEJEA,port744,Jebel Ali,2,4,34842,115550,34696,36158
2026-03-25,BRSSZ,port1160,Santos,6,10,7730,12179,33799,104025
2026-03-25,CNSHA,port1188,Shanghai,35,112,216098,543774,345843,546459
2026-03-25,CNSZX,port1414,Yantian,7,10,3414,4318,49502,50406
2026-03-25,DEHAM,port446,Hamburg,6,15,168943,386931,37265,42421
2026-03-25,EGALY,port23,Alexandria,7,13,34370,87584,192538,200914
2026-03-25,GBFXT,port343,Felixstowe,2,2,12640,12640,160450,160450
2026-03-25,INNSA,port776,Mumbai-Jawaharlal Nehru (Nhava Sheva),5,12,104369,461531,358356,415928
2026-03-25,KRPUS,port1065,Busan,30,50,122402,153337,169971,181065
2026-03-25,NLRTM,port1114,Rotterdam,15,81,35146,657206,58756,353657
2026-03-25,PLGDN,port380,Gdansk,4,11,117206,233975,49119,55299
2026-03-25,SGSIN,port1201,Singapore,39,118,624379,1079293,976476,1331147
2026-03-25,TRMER,port735,Mersin,4,9,17930,85187,24124,24124
2026-03-25,UAODS,port843,Odessa,0,0,0,0,0,0
2026-03-25,USLGB,port664,Los Angeles-Long Beach,7,11,731989,745140,0,78694
2026-03-25,USNYC,port815,New York-New Jersey,4,11,109922,276380,37998,41308
2026-03-26,AEJEA,port744,Jebel Ali,0,2,0,6256,0,13030
2026-03-26,BRSSZ,port1160,Santos,6,16,90967,139538,37967,336163
2026-03-26,CNSHA,port1188,Shanghai,43,125,417079,1273861,383833,760835
2026-03-26,CNSZX,port1414,Yantian,13,15,45548,49981,118730,118730
2026-03-26,DEHAM,port446,Hamburg,10,18,76815,84290,395128,418776
2026-03-26,EGALY,port23,Alexandria,4,10,34370,62073,38781,51505
2026-03-26,GBFXT,port343,Felixstowe,1,1,35511,35511,0,0
2026-03-26,INNSA,port776,Mumbai-Jawaharlal Nehru (Nhava Sheva),4,11,139239,164081,128428,150310
2026-03-26,KRPUS,port1065,Busan,35,60,291148,334439,253694,273071
2026-03-26,NLRTM,port1114,Rotterdam,18,71,233380,413312,116312,371300
2026-03-26,PLGDN,port380,Gdansk,1,5,1199,7509,0,12792
2026-03-26,SGSIN,port1201,Singapore,43,121,514184,935138,908460,1159380
2026-03-26,TRMER,port735,Mersin,6,10,91465,121687,13191,16341
2026-03-26,UAODS,port843,Odessa,0,0,0,0,0,0
2026-03-26,USLGB,port664,Los Angeles-Long Beach,5,9,288377,372158,37961,37961
2026-03-26,USNYC,port815,New York-New Jersey,9,13,129067,223384,22164,103194
2026-03-27,AEJEA,port744,Jebel Ali,1,4,0,41005,72332,72332
2026-03-27,BRSSZ,port1160,Santos,5,20,72841,92193,12570,385703
2026-03-27,CNSHA,port1188,Shanghai,34,109,242032,655879,352067,542938
2026-03-27,CNSZX,port1414,Yantian,6,9,7218,17663,73030,73050
2026-03-27,DEHAM,port446,Hamburg,9,24,194039,267834,33914,47166
2026-03-27,EGALY,port23,Alexandria,6,10,231164,304145,29212,32266
2026-03-27,GBFXT,port343,Felixstowe,5,8,71229,74536,13925,16899
2026-03-27,INNSA,port776,Mumbai-Jawaharlal Nehru (Nhava Sheva),2,6,57441,115652,161554,170141
2026-03-27,KRPUS,port1065,Busan,29,50,108245,132561,105659,119607
2026-03-27,NLRTM,port1114,Rotterdam,16,76,89135,1036860,153140,221165
2026-03-27,PLGDN,port380,Gdansk,5,10,89900,295251,0,0
2026-03-27,SGSIN,port1201,Singapore,44,123,477456,791847,929087,1305501
2026-03-27,TRMER,port735,Mersin,4,11,19477,47323,11569,18524
2026-03-27,UAODS,port843,Odessa,0,0,0,0,0,0
2026-03-27,USLGB,port664,Los Angeles-Long Beach,4,8,140423,151239,337067,438092
2026-03-27,USNYC,port815,New York-New Jersey,9,13,196292,235154,147766,149382
2026-03-28,AEJEA,port744,Jebel Ali,1,3,23803,33807,0,5908
2026-03-28,BRSSZ,port1160,Santos,8,21,87983,165646,67506,410667
2026-03-28,CNSHA,port1188,Shanghai,37,105,473071,776448,195433,417828
2026-03-28,CNSZX,port1414,Yantian,12,13,3243,4147,195409,196313
2026-03-28,DEHAM,port446,Hamburg,8,14,67781,74902,104085,106538
2026-03-28,EGALY,port23,Alexandria,1,5,11456,42121,12927,21564
2026-03-28,GBFXT,port343,Felixstowe,1,2,0,5442,58078,58078
2026-03-28,INNSA,port776,Mumbai-Jawaharlal Nehru (Nhava Sheva),5,10,181439,247950,105810,107399
2026-03-28,KRPUS,port1065,Busan,32,42,225347,235353,140336,149870
2026-03-28,NLRTM,port1114,Rotterdam,16,85,257858,816613,76771,263305
2026-03-28,PLGDN,port380,Gdansk,3,10,90691,158392,39669,50499
2026-03-28,SGSIN,port1201,Singapore,39,115,792954,1393678,1000710,1261841
2026-03-28,TRMER,port735,Mersin,7,13,51700,66121,13888,17594
2026-03-28,UAODS,port843,Odessa,0,0,0,0,0,0
2026-03-28,USLGB,port664,Los Angeles-Long Beach,3,8,124496,179587,16074,17132
2026-03-28,USNYC,port815,New York-New Jersey,5,10,98211,214644,127221,169810
2026-03-29,AEJEA,port744,Jebel Ali,0,1,0,0,0,0
2026-03-29,BRSSZ,port1160,Santos,7,13,111683,155298,53567,120877
2026-03-29,CNSHA,port1188,Shanghai,39,98,353424,672771,288846,561908
2026-03-29,CNSZX,port1414,Yantian,9,11,32772,32772,116889,116889
2026-03-29,DEHAM,port446,Hamburg,5,12,86483,176622,76247,96963
2026-03-29,EGALY,port23,Alexandria,2,4,69827,93496,12964,19742
2026-03-29,GBFXT,port343,Felixstowe,3,4,63749,63749,21377,21377
2026-03-29,INNSA,port776,Mumbai-Jawaharlal Nehru (Nhava Sheva),2,5,62497,99581,70540,76255
2026-03-29,KRPUS,port1065,Busan,36,58,201633,234216,171806,183859
2026-03-29,NLRTM,port1114,Rotterdam,19,88,194508,502972,183200,251129
2026-03-29,PLGDN,port380,Gdansk,3,12,43577,189509,89971,96817
2026-03-29,SGSIN,port1201,Singapore,42,119,699009,1046755,1195673,1508249
2026-03-29,TRMER,port735,Mersin,1,10,16514,33930,0,3364
2026-03-29,UAODS,port843,Odessa,0,0,0,0,0,0
2026-03-29,USLGB,port664,Los Angeles-Long Beach,4,9,273245,379754,16074,97795
2026-03-29,USNYC,port815,New York-New Jersey,6,11,183118,298070,6869,86229
2026-03-30,AEJEA,port744,Jebel Ali,1,3,0,24917,0,448
2026-03-30,BRSSZ,port1160,Santos,3,16,36940,74293,73650,440651
2026-03-30,CNSHA,port1188,Shanghai,36,97,306988,728130,394574,542924
2026-03-30,CNSZX,port1414,Yantian,6,7,17190,18094,50055,50959
2026-03-30,DEHAM,port446,Hamburg,13,21,176800,189909,137968,146347
2026-03-30,EGALY,port23,Alexandria,6,15,90038,225304,51708,98300
2026-03-30,GBFXT,port343,Felixstowe,2,5,73654,74724,0,0
2026-03-30,INNSA,port776,Mumbai-Jawaharlal Nehru (Nhava Sheva),3,13,417959,481582,70540,265033
2026-03-30,KRPUS,port1065,Busan,30,55,165516,204715,110016,127976
2026-03-30,NLRTM,port1114,Rotterdam,20,93,352685,759572,64498,248306
2026-03-30,PLGDN,port380,Gdansk,3,12,244588,328306,0,3166
2026-03-30,SGSIN,port1201,Singapore,41,126,1378983,1652893,558043,966284
2026-03-30,TRMER,port735,Mersin,4,9,65244,94439,10593,10593
2026-03-30,UAODS,port843,Odessa,0,0,0,0,0,0
2026-03-30,USLGB,port664,Los Angeles-Long Beach,6,8,191757,194448,16074,16074
2026-03-30,USNYC,port815,New York-New Jersey,4,9,159085,191151,49727,51450
2026-03-31,AEJEA,port744,Jebel Ali,1,3,0,10003,8653,81211
2026-03-31,BRSSZ,port1160,Santos,8,17,4546,49077,160196,418705
2026-03-31,CNSHA,port1188,Shanghai,39,138,212170,852051,329664,713282
2026-03-31,CNSZX,port1414,Yantian,10,12,6339,10742,126323,126343
2026-03-31,DEHAM,port446,Hamburg,13,21,115293,119793,133826,136816
2026-03-31,EGALY,port23,Alexandria,5,13,25224,86469,9217,54069
2026-03-31,GBFXT,port343,Felixstowe,0,4,0,3486,0,0
2026-03-31,INNSA,port776,Mumbai-Jawaharlal Nehru (Nhava Sheva),5,11,147797,232774,168609,180113
2026-03-31,KRPUS,port1065,Busan,25,45,364038,390440,115836,122136
2026-03-31,NLRTM,port1114,Rotterdam,21,96,77879,444154,50775,268577
2026-03-31,PLGDN,port380,Gdansk,3,8,4821,4821,314534,327789
2026-03-31,SGSIN,port1201,Singapore,44,127,737883,1403412,727867,1012360
2026-03-31,TRMER,port735,Mersin,1,8,0,25748,3230,7070
2026-03-31,UAODS,port843,Odessa,0,0,0,0,0,0
2026-03-31,USLGB,port664,Los Angeles-Long Beach,7,15,605766,735319,32148,97276
2026-03-31,USNYC,port815,New York-New Jersey,4,7,73998,119296,106920,106920
2026-04-01,AEJEA,port744,Jebel Ali,3,5,69939,71056,14512,16656
2026-04-01,BRSSZ,port1160,Santos,6,13,0,28569,48855,266890
2026-04-01,CNSHA,port1188,Shanghai,42,121,367510,729654,430391,683240
2026-04-01,CNSZX,port1414,Yantian,8,10,20510,21414,91590,92495
2026-04-01,DEHAM,port446,Hamburg,11,18,49138,64001,237766,248089
2026-04-01,EGALY,port23,Alexandria,1,8,9130,34516,12423,14919
2026-04-01,GBFXT,port343,Felixstowe,1,1,14110,14110,0,0
2026-04-01,INNSA,port776,Mumbai-Jawaharlal Nehru (Nhava Sheva),2,10,50620,122686,26610,80055
2026-04-01,KRPUS,port1065,Busan,35,51,111581,143632,120204,126091
2026-04-01,NLRTM,port1114,Rotterdam,17,78,155358,618069,171665,269608
2026-04-01,PLGDN,port380,Gdansk,3,9,6988,64544,110379,112815
2026-04-01,SGSIN,port1201,Singapore,45,125,552020,856718,756896,1230165
2026-04-01,TRMER,port735,Mersin,4,10,20264,38274,25354,39890
2026-04-01,UAODS,port843,Odessa,0,0,0,0,0,0
2026-04-01,USLGB,port664,Los Angeles-Long Beach,11,21,891117,1261966,180273,257443
2026-04-01,USNYC,port815,New York-New Jersey,5,9,118516,286806,29908,33440
2026-04-02,AEJEA,port744,Jebel Ali,0,1,0,0,0,0
2026-04-02,BRSSZ,port1160,Santos,6,15,65478,103413,62267,209429
2026-04-02,CNSHA,port1188,Shanghai,32,119,175143,603197,355756,747423
2026-04-02,CNSZX,port1414,Yantian,9,9,4068,4068,69917,69917
2026-04-02,DEHAM,port446,Hamburg,10,18,133680,139924,58518,78177
2026-04-02,EGALY,port23,Alexandria,2,9,11647,85357,33914,46062
2026-04-02,GBFXT,port343,Felixstowe,4,5,17361,20335,251854,251854
2026-04-02,INNSA,port776,Mumbai-Jawaharlal Nehru (Nhava Sheva),4,14,64915,320248,79830,117374
2026-04-02,KRPUS,port1065,Busan,35,58,209173,248423,162148,172063
2026-04-02,NLRTM,port1114,Rotterdam,18,86,199447,850002,144571,299472
2026-04-02,PLGDN,port380,Gdansk,2,11,30570,317160,177902,190446
2026-04-02,SGSIN,port1201,Singapore,40,112,447842,868441,859088,1104482
2026-04-02,TRMER,port735,Mersin,3,6,24029,54462,17750,17793
2026-04-02,UAODS,port843,Odessa,0,0,0,0,0,0
2026-04-02,USLGB,port664,Los Angeles-Long Beach,3,7,24515,171004,139728,141239
2026-04-02,USNYC,port815,New York-New Jersey,4,5,129809,132657,4071,4071
2026-04-03,AEJEA,port744,Jebel Ali,0,1,0,0,0,0
2026-04-03,BRSSZ,port1160,Santos,6,12,22032,22032,27471,303138
2026-04-03,CNSHA,port1188,Shanghai,32,115,311151,768283,248962,709137
2026-04-03,CNSZX,port1414,Yantian,9,9,12637,12637,36110,36110
2026-04-03,DEHAM,port446,Hamburg,7,12,31626,31626,69978,72992
2026-04-03,EGALY,port23,Alexandria,5,11,20778,71832,43423,58838
2026-04-03,GBFXT,port343,Felixstowe,3,3,22524,22524,40005,40005
2026-04-03,INNSA,port776,Mumbai-Jawaharlal Nehru (Nhava Sheva),1,9,0,71894,11917,14262
2026-04-03,KRPUS,port1065,Busan,30,48,125478,190591,159489,175381
2026-04-03,NLRTM,port1114,Rotterdam,17,90,68731,957846,131175,258236
2026-04-03,PLGDN,port380,Gdansk,3,8,13253,119532,141570,142586
2026-04-03,SGSIN,port1201,Singapore,39,144,779719,1430189,813069,1512109
2026-04-03,TRMER,port735,Mersin,4,9,33188,39775,5462,5909
2026-04-03,UAODS,port843,Odessa,0,0,0,0,0,0
2026-04-03,USLGB,port664,Los Angeles-Long Beach,6,11,290206,531821,309542,334734
2026-04-03,USNYC,port815,New York-New Jersey,4,9,154927,201290,8706,49637
2026-04-04,AEJEA,port744,Jebel Ali,2,4,0,90482,31365,41952
2026-04-04,BRSSZ,port1160,Santos,7,21,125695,161862,85517,592830
2026-04-04,CNSHA,port1188,Shanghai,38,122,433717,922987,253945,633087
2026-04-04,CNSZX,port1414,Yantian,12,12,41005,41005,65159,65159
2026-04-04,DEHAM,port446,Hamburg,6,12,14019,15633,24374,30100
2026-04-04,EGALY,port23,Alexandria,3,7,39264,116824,38551,42232
2026-04-04,GBFXT,port343,Felixstowe,3,3,22864,22864,0,0
2026-04-04,INNSA,port776,Mumbai-Jawaharlal Nehru (Nhava Sheva),3,3,61321,61321,79830,79830
2026-04-04,KRPUS,port1065,Busan,32,50,125718,152008,127671,148417
2026-04-04,NLRTM,port1114,Rotterdam,20,79,250841,911070,175125,336180
2026-04-04,PLGDN,port380,Gdansk,4,5,62849,165322,58805,58805
2026-04-04,SGSIN,port1201,Singapore,43,113,919482,1254028,952297,1226267
2026-04-04,TRMER,port735,Mersin,5,8,69070,113399,26266,33411
2026-04-04,UAODS,port843,Odessa,0,0,0,0,0,0
2026-04-04,USLGB,port664,Los Angeles-Long Beach,3,8,265411,365534,0,0
2026-04-04,USNYC,port815,New York-New Jersey,7,11,141240,204406,43543,114773
2026-04-05,AEJEA,port744,Jebel Ali,1,3,0,10003,0,5669
2026-04-05,BRSSZ,port1160,Santos,7,14,131466,167813,105611,343085
2026-04-05,CNSHA,port1188,Shanghai,39,114,347611,562761,198916,566468
2026-04-05,CNSZX,port1414,Yantian,10,11,16216,17120,109491,110395
2026-04-05,DEHAM,port446,Hamburg,5,14,308643,347224,10336,22829
2026-04-05,EGALY,port23,Alexandria,5,9,49287,157163,24089,28525
2026-04-05,GBFXT,port343,Felixstowe,1,1,42396,42396,0,0
2026-04-05,INNSA,port776,Mumbai-Jawaharlal Nehru (Nhava Sheva),4,7,40881,56818,138043,189497
2026-04-05,KRPUS,port1065,Busan,31,56,198085,240523,125314,135960
2026-04-05,NLRTM,port1114,Rotterdam,14,61,238962,640744,31370,154466
2026-04-05,PLGDN,port380,Gdansk,2,2,3548,3548,127819,127819
2026-04-05,SGSIN,port1201,Singapore,41,118,984640,1482157,495415,852979
2026-04-05,TRMER,port735,Mersin,3,9,77728,149594,10798,15186
2026-04-05,UAODS,port843,Odessa,0,0,0,0,0,0
2026-04-05,USLGB,port664,Los Angeles-Long Beach,3,7,118649,157155,55840,110030
2026-04-05,USNYC,port815,New York-New Jersey,0,4,0,49024,0,0
2026-04-06,AEJEA,port744,Jebel Ali,2,2,0,0,18984,18984
2026-04-06,BRSSZ,port1160,Santos,5,16,43388,141155,101410,397872
2026-04-06,CNSHA,port1188,Shanghai,37,123,249008,863656,422883,1120895
2026-04-06,CNSZX,port1414,Yantian,11,13,14712,17222,144280,144280
2026-04-06,DEHAM,port446,Hamburg,14,24,437126,758076,35461,50172
2026-04-06,EGALY,port23,Alexandria,3,20,27028,172260,69364,115254
2026-04-06,GBFXT,port343,Felixstowe,2,2,72710,72710,12463,12463
2026-04-06,INNSA,port776,Mumbai-Jawaharlal Nehru (Nhava Sheva),4,12,78999,203600,103520,131746
2026-04-06,KRPUS,port1065,Busan,28,46,221261,241442,153818,168889
2026-04-06,NLRTM,port1114,Rotterdam,13,63,95658,1004071,10538,61866
2026-04-06,PLGDN,port380,Gdansk,1,4,2184,31256,0,9638
2026-04-06,SGSIN,port1201,Singapore,35,133,602410,1047644,566560,963308
2026-04-06,TRMER,port735,Mersin,5,8,33029,33879,72963,72963
2026-04-06,UAODS,port843,Odessa,0,0,0,0,0,0
2026-04-06,USLGB,port664,Los Angeles-Long Beach,3,8,111703,137080,0,35247
2026-04-06,USNYC,port815,New York-New Jersey,10,13,144440,186546,70810,70810
2026-04-07,AEJEA,port744,Jebel Ali,1,1,0,0,93216,93216
2026-04-07,BRSSZ,port1160,Santos,9,17,72910,149932,53928,264253
2026-04-07,CNSHA,port1188,Shanghai,37,132,241099,852848,393064,644848
2026-04-07,CNSZX,port1414,Yantian,11,13,25048,29860,109136,109136
2026-04-07,DEHAM,port446,Hamburg,9,20,189260,200362,168521,184225
2026-04-07,EGALY,port23,Alexandria,2,8,17305,74239,7982,16615
2026-04-07,GBFXT,port343,Felixstowe,3,6,14109,16086,38369,38369
2026-04-07,INNSA,port776,Mumbai-Jawaharlal Nehru (Nhava Sheva),10,15,201643,357835,263180,271283
2026-04-07,KRPUS,port1065,Busan,36,52,85908,105507,195818,203293
2026-04-07,NLRTM,port1114,Rotterdam,14,66,200567,612357,46185,135212
2026-04-07,PLGDN,port380,Gdansk,6,16,224811,506507,45993,66896
2026-04-07,SGSIN,port1201,Singapore,41,134,447331,1059667,758323,1038996
2026-04-07,TRMER,port735,Mersin,4,7,47164,52245,25342,25815
2026-04-07,UAODS,port843,Odessa,0,0,0,0,0,0
2026-04-07,USLGB,port664,Los Angeles-Long Beach,6,12,275638,278645,38204,43281
2026-04-07,USNYC,port815,New York-New Jersey,3,9,78738,112106,18351,22216
2026-04-08,AEJEA,port744,Jebel Ali,0,1,0,0,0,0
2026-04-08,BRSSZ,port1160,Santos,4,13,21906,66502,79155,328922
2026-04-08,CNSHA,port1188,Shanghai,37,106,152489,537002,431607,857603
2026-04-08,CNSZX,port1414,Yantian,11,12,17894,18799,129752,130657
2026-04-08,DEHAM,port446,Hamburg,7,14,94313,197380,51062,53661
2026-04-08,EGALY,port23,Alexandria,3,13,161625,372251,22911,28499
2026-04-08,GBFXT,port343,Felixstowe,2,3,30941,31413,6390,6448
2026-04-08,INNSA,port776,Mumbai-Jawaharlal Nehru (Nhava Sheva),5,13,76532,147132,178551,199113
2026-04-08,KRPUS,port1065,Busan,31,51,137502,174626,154093,164167
2026-04-08,NLRTM,port1114,Rotterdam,22,97,161908,478176,107173,280686
2026-04-08,PLGDN,port380,Gdansk,2,8,15044,31942,0,1175
2026-04-08,SGSIN,port1201,Singapore,40,122,1003999,1493351,675717,1015630
2026-04-08,TRMER,port735,Mersin,5,7,39306,82604,29785,29785
2026-04-08,UAODS,port843,Odessa,0,0,0,0,0,0
2026-04-08,USLGB,port664,Los Angeles-Long Beach,9,13,872265,949680,0,114950
2026-04-08,USNYC,port815,New York-New Jersey,7,11,219291,324282,30887,72254
2026-04-09,AEJEA,port744,Jebel Ali,2,2,150628,150628,26655,26655
2026-04-09,BRSSZ,port1160,Santos,8,16,16816,74112,30146,285414
2026-04-09,CNSHA,port1188,Shanghai,41,116,490886,799905,316331,426723
2026-04-09,CNSZX,port1414,Yantian,6,6,4716,4716,57276,57276
2026-04-09,DEHAM,port446,Hamburg,12,19,272973,276740,222618,232090
2026-04-09,EGALY,port23,Alexandria,3,9,5378,49142,15515,20977
2026-04-09,GBFXT,port343,Felixstowe,2,4,14888,17955,35822,35822
2026-04-09,INNSA,port776,Mumbai-Jawaharlal Nehru (Nhava Sheva),3,14,388166,646705,53220,63317
2026-04-09,KRPUS,port1065,Busan,25,39,168282,212986,120155,124785
2026-04-09,NLRTM,port1114,Rotterdam,21,93,123924,518012,105874,291957
2026-04-09,PLGDN,port380,Gdansk,1,8,7472,227036,0,6301
2026-04-09,SGSIN,port1201,Singapore,41,126,744713,1358223,637381,876642
2026-04-09,TRMER,port735,Mersin,2,10,43008,84250,10798,12268
2026-04-09,UAODS,port843,Odessa,0,0,0,0,0,0
2026-04-09,USLGB,port664,Los Angeles-Long Beach,9,18,817754,1109615,23447,30355
2026-04-09,USNYC,port815,New York-New Jersey,4,8,128299,168946,64657,64657
2026-04-10,AEJEA,port744,Jebel Ali,0,0,0,0,0,0
2026-04-10,BRSSZ,port1160,Santos,5,13,105099,136498,6478,215895
2026-04-10,CNSHA,port1188,Shanghai,42,130,548013,992624,330278,692988
2026-04-10,CNSZX,port1414,Yantian,6,6,0,0,86865,86865
2026-04-10,DEHAM,port446,Hamburg,10,18,150139,267389,143713,150771
2026-04-10,EGALY,port23,Alexandria,3,8,67910,102355,98805,106178
2026-04-10,GBFXT,port343,Felixstowe,3,5,16243,19150,43580,43687
2026-04-10,INNSA,port776,Mumbai-Jawaharlal Nehru (Nhava Sheva),6,9,118683,122348,255068,255068
2026-04-10,KRPUS,port1065,Busan,38,60,140255,173004,232201,248782
2026-04-10,NLRTM,port1114,Rotterdam,20,88,236949,679894,147014,310317
2026-04-10,PLGDN,port380,Gdansk,1,11,7108,135333,0,44623
2026-04-10,SGSIN,port1201,Singapore,40,127,761204,1570134,844823,1258350
2026-04-10,TRMER,port735,Mersin,6,12,66290,66854,30192,37126
2026-04-10,UAODS,port843,Odessa,0,0,0,0,0,0
2026-04-10,USLGB,port664,Los Angeles-Long Beach,4,9,64185,92153,318247,333362
2026-04-10,USNYC,port815,New York-New Jersey,8,14,288158,359877,17412,104067
2026-04-11,AEJEA,port744,Jebel Ali,0,0,0,0,0,0
2026-04-11,BRSSZ,port1160,Santos,2,11,37670,70706,19246,244695
2026-04-11,CNSHA,port1188,Shanghai,34,99,303846,726856,325607,422721
2026-04-11,CNSZX,port1414,Yantian,12,15,52153,57460,83557,87056
2026-04-11,DEHAM,port446,Hamburg,9,17,231803,249020,124571,149296
2026-04-11,EGALY,port23,Alexandria,4,11,23295,75427,46395,53111
2026-04-11,GBFXT,port343,Felixstowe,4,5,51721,55950,0,0
2026-04-11,INNSA,port776,Mumbai-Jawaharlal Nehru (Nhava Sheva),3,10,38118,110493,50300,66651
2026-04-11,KRPUS,port1065,Busan,36,51,225216,251852,116033,120130
2026-04-11,NLRTM,port1114,Rotterdam,15,73,96724,547143,195636,302647
2026-04-11,PLGDN,port380,Gdansk,1,4,0,113092,64763,67156
2026-04-11,SGSIN,port1201,Singapore,35,126,611225,1010965,675455,1093308
2026-04-11,TRMER,port735,Mersin,2,12,16749,44208,10798,24765
2026-04-11,UAODS,port843,Odessa,0,0,0,0,0,0
2026-04-11,USLGB,port664,Los Angeles-Long Beach,1,5,0,7134,184989,456485
2026-04-11,USNYC,port815,New York-New Jersey,2,2,29931,29931,40990,40990
2026-04-12,AEJEA,port744,Jebel Ali,7,8,411979,411979,84495,114346
2026-04-12,BRSSZ,port1160,Santos,7,18,157721,172853,22329,352046
2026-04-12,CNSHA,port1188,Shanghai,34,92,273629,596591,372081,441584
2026-04-12,CNSZX,port1414,Yantian,9,10,7639,11515,102918,102918
2026-04-12,DEHAM,port446,Hamburg,8,16,116803,220618,81381,96664
2026-04-12,EGALY,port23,Alexandria,1,6,248458,294252,0,3681
2026-04-12,GBFXT,port343,Felixstowe,3,5,71102,74362,0,747
2026-04-12,INNSA,port776,Mumbai-Jawaharlal Nehru (Nhava Sheva),4,6,46377,49760,73490,74020
2026-04-12,KRPUS,port1065,Busan,34,51,164388,194069,177103,198407
2026-04-12,NLRTM,port1114,Rotterdam,19,75,148289,673864,117626,248249
2026-04-12,PLGDN,port380,Gdansk,4,11,199865,239534,88452,91747
2026-04-12,SGSIN,port1201,Singapore,43,119,834807,1109528,567999,928975
2026-04-12,TRMER,port735,Mersin,5,9,14833,93121,74066,76568
2026-04-12,UAODS,port843,Odessa,0,0,0,0,0,0
2026-04-12,USLGB,port664,Los Angeles-Long Beach,4,7,193811,230635,0,36936
2026-04-12,USNYC,port815,New York-New Jersey,9,11,144318,144801,313170,358773
2026-04-13,AEJEA,port744,Jebel Ali,0,4,0,25136,0,180
2026-04-13,BRSSZ,port1160,Santos,8,16,96732,140316,240259,467294
2026-04-13,CNSHA,port1188,Shanghai,31,104,405740,901089,300705,564436
2026-04-13,CNSZX,port1414,Yantian,8,9,4513,4513,72326,72326
2026-04-13,DEHAM,port446,Hamburg,9,13,76259,115527,388263,388938
2026-04-13,EGALY,port23,Alexandria,6,20,29529,182198,47278,89347
2026-04-13,GBFXT,port343,Felixstowe,2,5,7104,10001,87436,87436
2026-04-13,INNSA,port776,Mumbai-Jawaharlal Nehru (Nhava Sheva),6,12,143042,255848,106440,110638
2026-04-13,KRPUS,port1065,Busan,27,53,109420,141659,316218,332739
2026-04-13,NLRTM,port1114,Rotterdam,13,82,76462,491407,41823,191534
2026-04-13,PLGDN,port380,Gdansk,3,13,154391,274511,0,1781
2026-04-13,SGSIN,port1201,Singapore,39,144,749669,1426757,510120,987401
2026-04-13,TRMER,port735,Mersin,1,4,0,59827,1862,3560
2026-04-13,UAODS,port843,Odessa,0,0,0,0,0,0
2026-04-13,USLGB,port664,Los Angeles-Long Beach,5,16,166787,320267,0,96137
2026-04-13,USNYC,port815,New York-New Jersey,8,16,151430,361648,68723,105991
2026-04-14,AEJEA,port744,Jebel Ali,0,4,0,21886,0,1906
2026-04-14,BRSSZ,port1160,Santos,6,16,43166,96098,69258,338453
2026-04-14,CNSHA,port1188,Shanghai,35,113,341512,830636,288533,462913
2026-04-14,CNSZX,port1414,Yantian,9,11,2194,3098,168384,169289
2026-04-14,DEHAM,port446,Hamburg,8,17,47053,58608,149397,156650
2026-04-14,EGALY,port23,Alexandria,3,10,57121,114622,17689,58937
2026-04-14,GBFXT,port343,Felixstowe,2,5,14888,22506,25273,25273
2026-04-14,INNSA,port776,Mumbai-Jawaharlal Nehru (Nhava Sheva),5,17,122481,220742,100915,124740
2026-04-14,KRPUS,port1065,Busan,32,45,148851,173456,183822,195811
2026-04-14,NLRTM,port1114,Rotterdam,17,107,127476,604393,57626,259172
2026-04-14,PLGDN,port380,Gdansk,2,10,43919,286984,14866,25189
2026-04-14,SGSIN,port1201,Singapore,37,117,491107,1094213,526281,805207
2026-04-14,TRMER,port735,Mersin,4,9,24246,27576,78005,83774
2026-04-14,UAODS,port843,Odessa,0,0,0,0,0,0
2026-04-14,USLGB,port664,Los Angeles-Long Beach,4,13,160175,398612,19345,121634
2026-04-14,USNYC,port815,New York-New Jersey,3,5,111843,119488,8706,8706
2026-04-15,AEJEA,port744,Jebel Ali,2,5,0,15143,14036,15043
2026-04-15,BRSSZ,port1160,Santos,8,19,64375,130750,210222,570767
2026-04-15,CNSHA,port1188,Shanghai,38,127,443459,739478,467523,992036
2026-04-15,CNSZX,port1414,Yantian,11,11,6781,6781,148552,148552
2026-04-15,DEHAM,port446,Hamburg,14,21,206489,323620,348782,385344
2026-04-15,EGALY,port23,Alexandria,4,12,23539,31679,49401,59891
2026-04-15,GBFXT,port343,Felixstowe,4,6,57513,58495,55378,55378
2026-04-15,INNSA,port776,Mumbai-Jawaharlal Nehru (Nhava Sheva),6,13,81762,208200,139968,141457
2026-04-15,KRPUS,port1065,Busan,39,58,120852,157189,280120,288817
2026-04-15,NLRTM,port1114,Rotterdam,21,88,433266,1225381,308962,394935
2026-04-15,PLGDN,port380,Gdansk,1,8,6490,116263,0,8068
2026-04-15,SGSIN,port1201,Singapore,41,116,493783,970780,872931,1145671
2026-04-15,TRMER,port735,Mersin,3,7,0,17089,41482,43229
2026-04-15,UAODS,port843,Odessa,0,0,0,0,0,0
2026-04-15,USLGB,port664,Los Angeles-Long Beach,9,14,510654,648012,442401,443421
2026-04-15,USNYC,port815,New York-New Jersey,2,5,69749,113679,0,9058
2026-04-16,AEJEA,port744,Jebel Ali,2,6,97645,117416,22730,72178
2026-04-16,BRSSZ,port1160,Santos,5,12,77907,127909,55372,243429
2026-04-16,CNSHA,port1188,Shanghai,35,99,246836,515263,407171,529695
2026-04-16,CNSZX,port1414,Yantian,9,11,16616,21019,85138,85158
2026-04-16,DEHAM,port446,Hamburg,8,15,102124,181430,66201,103586
2026-04-16,EGALY,port23,Alexandria,2,8,26597,92235,7982,19865
2026-04-16,GBFXT,port343,Felixstowe,3,7,28844,33269,72916,78743
2026-04-16,INNSA,port776,Mumbai-Jawaharlal Nehru (Nhava Sheva),5,14,76400,263974,76910,93589
2026-04-16,KRPUS,port1065,Busan,34,58,203701,233251,208009,223132
2026-04-16,NLRTM,port1114,Rotterdam,11,71,14630,792807,87397,173648
2026-04-16,PLGDN,port380,Gdansk,3,15,236276,357397,34418,67624
2026-04-16,SGSIN,port1201,Singapore,45,124,1054091,1364384,1067927,1534664
2026-04-16,TRMER,port735,Mersin,7,10,30918,62620,87981,95127
2026-04-16,UAODS,port843,Odessa,0,0,0,0,0,0
2026-04-16,USLGB,port664,Los Angeles-Long Beach,8,12,492023,496449,176278,365257
2026-04-16,USNYC,port815,New York-New Jersey,5,8,64185,254197,3920,3920
2026-04-17,AEJEA,port744,Jebel Ali,1,2,0,0,20112,20112
2026-04-17,BRSSZ,port1160,Santos,7,18,43569,72662,59070,346863
2026-04-17,CNSHA,port1188,Shanghai,38,123,385698,1047035,381172,561268
2026-04-17,CNSZX,port1414,Yantian,8,10,18725,18725,60210,60210
2026-04-17,DEHAM,port446,Hamburg,6,13,31531,65675,52752,60607
2026-04-17,EGALY,port23,Alexandria,0,0,0,0,0,0
2026-04-17,GBFXT,port343,Felixstowe,1,2,14062,16968,0,0
2026-04-17,INNSA,port776,Mumbai-Jawaharlal Nehru (Nhava Sheva),5,12,56143,149968,235437,247026
2026-04-17,KRPUS,port1065,Busan,29,52,346123,367876,183858,204141
2026-04-17,NLRTM,port1114,Rotterdam,27,89,152667,320730,188875,351375
2026-04-17,PLGDN,port380,Gdansk,4,13,48703,351017,99075,99075
2026-04-17,SGSIN,port1201,Singapore,34,113,827924,1141568,533727,903353
2026-04-17,TRMER,port735,Mersin,3,7,58396,64784,7741,12041
2026-04-17,UAODS,port843,Odessa,0,0,0,0,0,0
2026-04-17,USLGB,port664,Los Angeles-Long Beach,3,10,105358,186732,139234,148929
2026-04-17,USNYC,port815,New York-New Jersey,8,12,68549,117004,93722,95146
2026-04-18,AEJEA,port744,Jebel Ali,1,6,0,26717,70201,108859
2026-04-18,BRSSZ,port1160,Santos,7,16,126008,211555,9756,343934
2026-04-18,CNSHA,port1188,Shanghai,30,94,361666,864539,211831,827690
2026-04-18,CNSZX,port1414,Yantian,8,8,4534,4534,69167,69167
2026-04-18,DEHAM,port446,Hamburg,10,14,87783,177498,49156,50211
2026-04-18,EGALY,port23,Alexandria,5,16,32793,149273,53870,95364
2026-04-18,GBFXT,port343,Felixstowe,2,2,15955,15955,47140,47140
2026-04-18,INNSA,port776,Mumbai-Jawaharlal Nehru (Nhava Sheva),8,17,684306,814138,79830,86164
2026-04-18,KRPUS,port1065,Busan,35,53,221755,243266,213299,235537
2026-04-18,NLRTM,port1114,Rotterdam,18,69,110757,622044,86978,162060
2026-04-18,PLGDN,port380,Gdansk,3,7,187682,212993,34418,44945
2026-04-18,SGSIN,port1201,Singapore,40,126,1038070,1340488,747139,1523832
2026-04-18,TRMER,port735,Mersin,3,5,19760,48302,10798,10798
2026-04-18,UAODS,port843,Odessa,0,0,0,0,0,0
2026-04-18,USLGB,port664,Los Angeles-Long Beach,4,11,291003,295749,0,118084
2026-04-18,USNYC,port815,New York-New Jersey,4,9,84299,131268,8120,11350
2026-04-19,AEJEA,port744,Jebel Ali,1,2,0,0,31682,32573
2026-04-19,BRSSZ,port1160,Santos,7,15,39863,176111,134598,290411
2026-04-19,CNSHA,port1188,Shanghai,39,116,549707,851815,374495,575009
2026-04-19,CNSZX,port1414,Yantian,10,10,15689,15689,98190,98190
2026-04-19,DEHAM,port446,Hamburg,15,24,127302,144885,248419,309691
2026-04-19,EGALY,port23,Alexandria,4,11,0,122862,157157,221911
2026-04-19,GBFXT,port343,Felixstowe,4,4,67687,67687,0,0
2026-04-19,INNSA,port776,Mumbai-Jawaharlal Nehru (Nhava Sheva),3,7,291290,330392,53220,89850
2026-04-19,KRPUS,port1065,Busan,32,54,150468,187945,87207,95076
2026-04-19,NLRTM,port1114,Rotterdam,14,79,91587,676744,153231,274340
2026-04-19,PLGDN,port380,Gdansk,2,8,21996,128458,0,18055
2026-04-19,SGSIN,port1201,Singapore,39,109,614967,817343,775496,1063446
2026-04-19,TRMER,port735,Mersin,2,4,42653,46064,31393,31393
2026-04-19,UAODS,port843,Odessa,0,0,0,0,0,0
2026-04-19,USLGB,port664,Los Angeles-Long Beach,7,10,361978,464276,32432,34128
2026-04-19,USNYC,port815,New York-New Jersey,6,11,280637,299133,42900,63063
2026-04-20,AEJEA,port744,Jebel Ali,1,4,69939,69939,14512,45941
2026-04-20,BRSSZ,port1160,Santos,5,16,0,17815,65202,404154
2026-04-20,CNSHA,port1188,Shanghai,33,104,260881,597599,321922,538495
2026-04-20,CNSZX,port1414,Yantian,9,11,10822,14441,88649,88828
2026-04-20,DEHAM,port446,Hamburg,11,20,477583,588949,179926,226986
2026-04-20,EGALY,port23,Alexandria,3,16,23295,186608,34112,50047
2026-04-20,GBFXT,port343,Felixstowe,1,4,30877,32033,0,0
2026-04-20,INNSA,port776,Mumbai-Jawaharlal Nehru (Nhava Sheva),4,15,11645,152646,72589,109173
2026-04-20,KRPUS,port1065,Busan,33,61,260727,311505,192451,205449
2026-04-20,NLRTM,port1114,Rotterdam,22,88,62607,1045519,221097,314652
2026-04-20,PLGDN,port380,Gdansk,3,10,145704,210838,0,1631
2026-04-20,SGSIN,port1201,Singapore,37,117,794978,1210131,754405,925799
2026-04-20,TRMER,port735,Mersin,2,3,22822,22822,0,3539
2026-04-20,UAODS,port843,Odessa,0,0,0,0,0,0
2026-04-20,USLGB,port664,Los Angeles-Long Beach,3,8,187289,256626,23447,98456
2026-04-20,USNYC,port815,New York-New Jersey,8,12,47035,135741,187440,229432
2026-04-21,AEJEA,port744,Jebel Ali,1,3,0,0,0,4914
2026-04-21,BRSSZ,port1160,Santos,7,14,80998,134900,116006,240070
2026-04-21,CNSHA,port1188,Shanghai,37,107,452781,922177,314246,482845
2026-04-21,CNSZX,port1414,Yantian,11,11,4389,4389,143200,143200
2026-04-21,DEHAM,port446,Hamburg,8,19,45631,196454,172317,179487
2026-04-21,EGALY,port23,Alexandria,4,9,24037,36278,19757,46358
2026-04-21,GBFXT,port343,Felixstowe,1,4,16456,18060,0,317
2026-04-21,INNSA,port776,Mumbai-Jawaharlal Nehru (Nhava Sheva),6,14,415509,562124,252085,256245
2026-04-21,KRPUS,port1065,Busan,29,46,195353,230545,231796,241288
2026-04-21,NLRTM,port1114,Rotterdam,18,77,439205,780166,114379,315332
2026-04-21,PLGDN,port380,Gdansk,1,7,17261,29323,34418,40742
2026-04-21,SGSIN,port1201,Singapore,40,122,936269,1405056,476724,828911
2026-04-21,TRMER,port735,Mersin,1,5,0,838,0,3592
2026-04-21,UAODS,port843,Odessa,0,0,0,0,0,0
2026-04-21,USLGB,port664,Los Angeles-Long Beach,2,10,150106,217874,0,18666
2026-04-21,USNYC,port815,New York-New Jersey,3,8,62321,117550,0,56775
2026-04-22,AEJEA,port744,Jebel Ali,2,3,0,85586,48726,48726
2026-04-22,BRSSZ,port1160,Santos,6,20,14190,86010,43069,442153
2026-04-22,CNSHA,port1188,Shanghai,37,109,202017,726766,397537,767275
2026-04-22,CNSZX,port1414,Yantian,7,8,1246,3723,136094,136094
2026-04-22,DEHAM,port446,Hamburg,15,26,246040,284725,194231,241692
2026-04-22,EGALY,port23,Alexandria,5,13,51046,145324,25545,44754
2026-04-22,GBFXT,port343,Felixstowe,3,4,69790,70956,0,0
2026-04-22,INNSA,port776,Mumbai-Jawaharlal Nehru (Nhava Sheva),6,12,135336,255012,61966,105236
2026-04-22,KRPUS,port1065,Busan,28,49,198569,239881,137429,143235
2026-04-22,NLRTM,port1114,Rotterdam,12,68,166528,494747,57158,253329
2026-04-22,PLGDN,port380,Gdansk,3,11,12719,136901,36065,43083
2026-04-22,SGSIN,port1201,Singapore,45,133,778528,1101641,1408765,1812108
2026-04-22,TRMER,port735,Mersin,1,6,9907,27719,10798,62930
2026-04-22,UAODS,port843,Odessa,0,0,0,0,0,0
2026-04-22,USLGB,port664,Los Angeles-Long Beach,8,13,560087,721328,155778,170561
2026-04-22,USNYC,port815,New York-New Jersey,6,9,188997,189782,45648,76928
2026-04-23,AEJEA,port744,Jebel Ali,1,1,0,0,69553,69553
2026-04-23,BRSSZ,port1160,Santos,8,15,31760,61840,166732,293764
2026-04-23,CNSHA,port1188,Shanghai,38,120,639943,994243,266836,408068
2026-04-23,CNSZX,port1414,Yantian,8,9,3710,3710,60405,60405
2026-04-23,DEHAM,port446,Hamburg,11,24,159842,217501,158805,198888
2026-04-23,EGALY,port23,Alexandria,3,12,0,86844,125381,135974
2026-04-23,GBFXT,port343,Felixstowe,3,5,38650,39446,37022,37022
2026-04-23,INNSA,port776,Mumbai-Jawaharlal Nehru (Nhava Sheva),4,8,56107,120974,61137,68281
2026-04-23,KRPUS,port1065,Busan,35,57,136261,170153,188793,201849
2026-04-23,NLRTM,port1114,Rotterdam,21,95,174479,735824,201523,340779
2026-04-23,PLGDN,port380,Gdansk,1,11,0,282039,44620,60943
2026-04-23,SGSIN,port1201,Singapore,39,115,524860,939393,898492,1188999
2026-04-23,TRMER,port735,Mersin,5,6,79227,79227,48048,48048
2026-04-23,UAODS,port843,Odessa,0,0,0,0,0,0
2026-04-23,USLGB,port664,Los Angeles-Long Beach,5,9,480149,679530,0,84981
2026-04-23,USNYC,port815,New York-New Jersey,5,7,136040,144933,15406,17305
2026-04-24,AEJEA,port744,Jebel Ali,1,4,80689,81806,12142,27551
2026-04-24,BRSSZ,port1160,Santos,6,20,39439,99483,59734,493237
2026-04-24,CNSHA,port1188,Shanghai,35,113,399934,845687,309306,616388
2026-04-24,CNSZX,port1414,Yantian,12,15,22268,23383,117498,118402
2026-04-24,DEHAM,port446,Hamburg,6,14,28462,74990,93837,131011
2026-04-24,EGALY,port23,Alexandria,2,10,14548,50361,7982,124534
2026-04-24,GBFXT,port343,Felixstowe,1,3,48832,58128,0,0
2026-04-24,INNSA,port776,Mumbai-Jawaharlal Nehru (Nhava Sheva),6,13,244955,383991,188418,190581
2026-04-24,KRPUS,port1065,Busan,36,60,286248,318388,195626,221948
2026-04-24,NLRTM,port1114,Rotterdam,20,78,193370,726287,52291,209523
2026-04-24,PLGDN,port380,Gdansk,2,9,78622,111657,0,26060
2026-04-24,SGSIN,port1201,Singapore,45,117,496378,922881,856246,1121137
2026-04-24,TRMER,port735,Mersin,4,6,49905,50073,33468,36048
2026-04-24,UAODS,port843,Odessa,0,0,0,0,0,0
2026-04-24,USLGB,port664,Los Angeles-Long Beach,5,8,448860,506247,46894,51513
2026-04-24,USNYC,port815,New York-New Jersey,3,8,71407,113046,22348,23964
2026-04-25,AEJEA,port744,Jebel Ali,1,1,0,0,27056,27056
2026-04-25,BRSSZ,port1160,Santos,8,17,85705,133809,60723,363971
2026-04-25,CNSHA,port1188,Shanghai,36,97,147575,497784,314881,562939
2026-04-25,CNSZX,port1414,Yantian,9,11,2194,6597,121087,121107
2026-04-25,DEHAM,port446,Hamburg,8,17,94198,223227,190739,203911
2026-04-25,EGALY,port23,Alexandria,3,10,66019,110900,44399,49351
2026-04-25,GBFXT,port343,Felixstowe,2,2,19244,19244,134193,134193
2026-04-25,INNSA,port776,Mumbai-Jawaharlal Nehru (Nhava Sheva),4,10,88349,153116,29741,56736
2026-04-25,KRPUS,port1065,Busan,38,63,139448,174119,263125,301567
2026-04-25,NLRTM,port1114,Rotterdam,16,77,302967,1175028,71861,227323
2026-04-25,PLGDN,port380,Gdansk,1,5,23814,26328,0,5274
2026-04-25,SGSIN,port1201,Singapore,45,124,729667,1196034,951059,1264330
2026-04-25,TRMER,port735,Mersin,2,8,59425,74846,0,0
2026-04-25,UAODS,port843,Odessa,0,0,0,0,0,0
2026-04-25,USLGB,port664,Los Angeles-Long Beach,2,9,22771,71426,43255,49677
2026-04-25,USNYC,port815,New York-New Jersey,5,9,172612,216726,102749,103075
2026-04-26,AEJEA,port744,Jebel Ali,4,4,76413,76413,60144,60144
2026-04-26,BRSSZ,port1160,Santos,7,17,118940,141645,112150,368843
2026-04-26,CNSHA,port1188,Shanghai,34,100,248900,508506,329788,573479
2026-04-26,CNSZX,port1414,Yantian,10,12,7323,8228,113769,114674
2026-04-26,DEHAM,port446,Hamburg,10,15,95288,100791,80840,80840
2026-04-26,EGALY,port23,Alexandria,3,6,0,19739,17942,24811
2026-04-26,GBFXT,port343,Felixstowe,3,4,113290,115061,0,722
2026-04-26,INNSA,port776,Mumbai-Jawaharlal Nehru (Nhava Sheva),6,16,60874,121399,159587,232535
2026-04-26,KRPUS,port1065,Busan,38,56,290760,341286,233660,240363
2026-04-26,NLRTM,port1114,Rotterdam,17,84,90996,762986,60968,177529
2026-04-26,PLGDN,port380,Gdansk,2,5,14562,233183,14866,16150
2026-04-26,SGSIN,port1201,Singapore,39,127,491604,890615,1373088,1758048
2026-04-26,TRMER,port735,Mersin,3,4,57621,58459,0,1299
2026-04-26,UAODS,port843,Odessa,0,0,0,0,0,0
2026-04-26,USLGB,port664,Los Angeles-Long Beach,6,12,550408,620005,23447,25653
2026-04-26,USNYC,port815,New York-New Jersey,6,7,59961,59961,104037,143005
2026-04-27,AEJEA,port744,Jebel Ali,2,3,0,425,104783,104783
2026-04-27,BRSSZ,port1160,Santos,5,13,43441,84315,26058,268458
2026-04-27,CNSHA,port1188,Shanghai,32,111,329150,1144056,307821,719380
2026-04-27,CNSZX,port1414,Yantian,10,11,0,0,136482,136482
2026-04-27,DEHAM,port446,Hamburg,11,22,164627,170445,100372,188015
2026-04-27,EGALY,port23,Alexandria,5,26,34908,351688,32607,140233
2026-04-27,GBFXT,port343,Felixstowe,3,6,37743,39978,0,0
2026-04-27,INNSA,port776,Mumbai-Jawaharlal Nehru (Nhava Sheva),11,56,444929,681468,114166,160782
2026-04-27,KRPUS,port1065,Busan,26,50,154545,190508,193201,203383
2026-04-27,NLRTM,port1114,Rotterdam,21,97,240854,934059,191028,335805
2026-04-27,PLGDN,port380,Gdansk,4,17,33758,232236,161519,175371
2026-04-27,SGSIN,port1201,Singapore,33,127,573135,1057926,681578,1040780
2026-04-27,TRMER,port735,Mersin,2,13,15671,47418,0,18517
2026-04-27,UAODS,port843,Odessa,0,0,0,0,0,0
2026-04-27,USLGB,port664,Los Angeles-Long Beach,5,12,159958,225923,0,94237
2026-04-27,USNYC,port815,New York-New Jersey,9,16,258284,418732,74803,110832
2026-04-28,AEJEA,port744,Jebel Ali,3,5,0,1116,29267,33623
2026-04-28,BRSSZ,port1160,Santos,9,17,78369,100416,129462,351098
2026-04-28,CNSHA,port1188,Shanghai,35,79,169547,465536,327161,490359
2026-04-28,CNSZX,port1414,Yantian,10,12,8094,8999,109198,114329
2026-04-28,DEHAM,port446,Hamburg,13,24,261855,407596,125077,133613
2026-04-28,EGALY,port23,Alexandria,4,8,10480,94663,25086,26357
2026-04-28,GBFXT,port343,Felixstowe,1,3,41780,42252,0,58
2026-04-28,INNSA,port776,Mumbai-Jawaharlal Nehru (Nhava Sheva),11,36,473999,780814,352512,409124
2026-04-28,KRPUS,port1065,Busan,28,49,85122,114023,172253,179517
2026-04-28,NLRTM,port1114,Rotterdam,19,74,56137,241280,46804,161825
2026-04-28,PLGDN,port380,Gdansk,3,6,98375,118675,26746,26746
2026-04-28,SGSIN,port1201,Singapore,37,120,565248,1344326,552608,941715
2026-04-28,TRMER,port735,Mersin,4,11,6688,33377,112053,116179
2026-04-28,UAODS,port843,Odessa,0,0,0,0,0,0
2026-04-28,USLGB,port664,Los Angeles-Long Beach,5,11,345589,593599,0,17800
2026-04-28,USNYC,port815,New York-New Jersey,4,9,205291,277290,30455,36278
2026-04-29,AEJEA,port744,Jebel Ali,3,6,0,1768,78406,79766
2026-04-29,BRSSZ,port1160,Santos,6,13,15802,24064,61894,129218
2026-04-29,CNSHA,port1188,Shanghai,41,105,743650,1031849,479590,681853
2026-04-29,CNSZX,port1414,Yantian,8,9,3972,14357,82823,82823
2026-04-29,DEHAM,port446,Hamburg,7,18,98907,107616,66581,74266
2026-04-29,EGALY,port23,Alexandria,5,14,119130,206509,220272,234341
2026-04-29,GBFXT,port343,Felixstowe,4,4,13792,13792,111133,111133
2026-04-29,INNSA,port776,Mumbai-Jawaharlal Nehru (Nhava Sheva),8,31,161393,423609,314584,320275
2026-04-29,KRPUS,port1065,Busan,35,57,102345,169839,214119,230886
2026-04-29,NLRTM,port1114,Rotterdam,18,86,39090,514864,51833,259333
2026-04-29,PLGDN,port380,Gdansk,3,9,5668,237736,21980,24337
2026-04-29,SGSIN,port1201,Singapore,42,128,1309811,1522133,647623,982695
2026-04-29,TRMER,port735,Mersin,3,6,41369,42783,13095,13542
2026-04-29,UAODS,port843,Odessa,0,0,0,0,0,0
2026-04-29,USLGB,port664,Los Angeles-Long Beach,8,12,432504,470721,443554,448337
2026-04-29,USNYC,port815,New York-New Jersey,4,12,121611,224751,0,158364
2026-04-30,AEJEA,port744,Jebel Ali,1,5,0,2233,43360,133465
2026-04-30,BRSSZ,port1160,Santos,6,14,83358,96349,65765,285403
2026-04-30,CNSHA,port1188,Shanghai,38,115,165429,594392,481415,752656
2026-04-30,CNSZX,port1414,Yantian,10,12,61528,62433,54796,55700
2026-04-30,DEHAM,port446,Hamburg,3,7,0,23928,190303,193871
2026-04-30,EGALY,port23,Alexandria,2,7,11647,27438,9352,36380
2026-04-30,GBFXT,port343,Felixstowe,3,4,64635,68518,0,0
2026-04-30,INNSA,port776,Mumbai-Jawaharlal Nehru (Nhava Sheva),7,28,21290,323229,481843,511992
2026-04-30,KRPUS,port1065,Busan,28,48,225229,249375,69748,117001
2026-04-30,NLRTM,port1114,Rotterdam,21,92,226490,608671,115263,194439
2026-04-30,PLGDN,port380,Gdansk,2,6,61084,92226,34418,36369
2026-04-30,SGSIN,port1201,Singapore,43,133,1297924,1661065,582487,1015847
2026-04-30,TRMER,port735,Mersin,4,9,9907,12585,17471,17471
2026-04-30,UAODS,port843,Odessa,0,0,0,0,0,0
2026-04-30,USLGB,port664,Los Angeles-Long Beach,10,14,789249,869340,139728,139728
2026-04-30,USNYC,port815,New York-New Jersey,8,10,352448,352448,3601,3601
2026-05-01,AEJEA,port744,Jebel Ali,1,4,0,34151,39738,45132
2026-05-01,BRSSZ,port1160,Santos,6,17,35857,35857,27058,412276
2026-05-01,CNSHA,port1188,Shanghai,35,95,219522,536888,276635,434877
2026-05-01,CNSZX,port1414,Yantian,11,12,10292,20911,118896,118896
2026-05-01,DEHAM,port446,Hamburg,8,14,38958,41426,33799,43612
2026-05-01,EGALY,port23,Alexandria,3,10,44125,152340,0,6047
2026-05-01,GBFXT,port343,Felixstowe,2,2,0,0,60171,60171
2026-05-01,INNSA,port776,Mumbai-Jawaharlal Nehru (Nhava Sheva),6,17,114236,178236,142277,160289
2026-05-01,KRPUS,port1065,Busan,36,57,271336,294435,204463,212745
2026-05-01,NLRTM,port1114,Rotterdam,20,86,36281,633352,181704,306215
2026-05-01,PLGDN,port380,Gdansk,3,8,44339,174671,0,8077
2026-05-01,SGSIN,port1201,Singapore,48,117,1038580,1433770,1030198,1282529
2026-05-01,TRMER,port735,Mersin,5,9,22639,24223,166676,167076
2026-05-01,UAODS,port843,Odessa,0,0,0,0,0,0
2026-05-01,USLGB,port664,Los Angeles-Long Beach,6,13,157885,330480,229647,237501
2026-05-01,USNYC,port815,New York-New Jersey,8,10,104775,151015,11582,11582
2026-05-02,AEJEA,port744,Jebel Ali,1,2,0,41121,17720,17720
2026-05-02,BRSSZ,port1160,Santos,6,13,167303,239846,0,118214
2026-05-02,CNSHA,port1188,Shanghai,39,94,326099,696327,390177,921672
2026-05-02,CNSZX,port1414,Yantian,7,8,9824,9824,63975,63975
2026-05-02,DEHAM,port446,Hamburg,7,8,141700,141700,21310,22382
2026-05-02,EGALY,port23,Alexandria,3,8,82982,86386,17578,51552
2026-05-02,GBFXT,port343,Felixstowe,2,2,28433,28433,0,0
2026-05-02,INNSA,port776,Mumbai-Jawaharlal Nehru (Nhava Sheva),9,28,143789,427487,123763,124637
2026-05-02,KRPUS,port1065,Busan,38,62,340200,374957,127384,139901
2026-05-02,NLRTM,port1114,Rotterdam,10,83,228419,902888,27940,198778
2026-05-02,PLGDN,port380,Gdansk,3,9,168767,309560,131496,131904
2026-05-02,SGSIN,port1201,Singapore,38,111,1081114,1337814,956948,1274233
2026-05-02,TRMER,port735,Mersin,4,11,15361,40932,40424,42487
2026-05-02,UAODS,port843,Odessa,0,0,0,0,0,0
2026-05-02,USLGB,port664,Los Angeles-Long Beach,3,6,212976,278183,0,0
2026-05-02,USNYC,port815,New York-New Jersey,7,11,115268,206185,123555,126572
2026-05-03,AEJEA,port744,Jebel Ali,2,5,0,26315,36867,70131
2026-05-03,BRSSZ,port1160,Santos,7,10,25664,34148,117504,226528
2026-05-03,CNSHA,port1188,Shanghai,36,99,274629,558790,429359,929167
2026-05-03,CNSZX,port1414,Yantian,13,15,6624,7529,138008,138912
2026-05-03,DEHAM,port446,Hamburg,11,20,145709,171867,114224,119507
2026-05-03,EGALY,port23,Alexandria,2,5,31884,33090,0,21364
2026-05-03,GBFXT,port343,Felixstowe,2,2,5923,5923,0,0
2026-05-03,INNSA,port776,Mumbai-Jawaharlal Nehru (Nhava Sheva),12,28,121978,288255,152520,190010
2026-05-03,KRPUS,port1065,Busan,40,52,166441,180229,219063,224555
2026-05-03,NLRTM,port1114,Rotterdam,17,74,234256,524831,70423,226599
2026-05-03,PLGDN,port380,Gdansk,1,6,46259,226345,0,1587
2026-05-03,SGSIN,port1201,Singapore,41,127,895459,1475335,710668,997928
2026-05-03,TRMER,port735,Mersin,3,8,109492,114570,3666,4843
2026-05-03,UAODS,port843,Odessa,0,0,0,0,0,0
2026-05-03,USLGB,port664,Los Angeles-Long Beach,6,9,399031,540404,0,68414
2026-05-03,USNYC,port815,New York-New Jersey,6,11,149729,178314,69525,69525
2026-05-04,AEJEA,port744,Jebel Ali,1,4,0,82728,2643,7687
2026-05-04,BRSSZ,port1160,Santos,7,16,110162,195280,55123,221010
2026-05-04,CNSHA,port1188,Shanghai,42,117,336851,640125,471243,855485
2026-05-04,CNSZX,port1414,Yantian,11,13,0,904,148849,152328
2026-05-04,DEHAM,port446,Hamburg,9,17,54259,125088,162886,169302
2026-05-04,EGALY,port23,Alexandria,1,4,0,11486,26840,34344
2026-05-04,GBFXT,port343,Felixstowe,4,5,34070,34543,46183,46242
2026-05-04,INNSA,port776,Mumbai-Jawaharlal Nehru (Nhava Sheva),9,31,272002,477430,36881,60507
2026-05-04,KRPUS,port1065,Busan,30,52,133830,215161,311464,326212
2026-05-04,NLRTM,port1114,Rotterdam,18,83,15200,323645,103418,250780
2026-05-04,PLGDN,port380,Gdansk,3,15,30758,134092,12196,68644
2026-05-04,SGSIN,port1201,Singapore,41,157,673667,1100448,1245912,1730352
2026-05-04,TRMER,port735,Mersin,3,5,36080,44500,5544,6488
2026-05-04,UAODS,port843,Odessa,0,0,0,0,0,0
2026-05-04,USLGB,port664,Los Angeles-Long Beach,1,4,74624,87169,0,0
2026-05-04,USNYC,port815,New York-New Jersey,5,7,191962,209477,18644,48887
2026-05-05,AEJEA,port744,Jebel Ali,2,3,163084,163084,59153,60809
2026-05-05,BRSSZ,port1160,Santos,4,18,47560,123057,45809,590275
2026-05-05,CNSHA,port1188,Shanghai,30,78,135960,464770,331423,478623
2026-05-05,CNSZX,port1414,Yantian,9,11,4389,4389,139025,139025
2026-05-05,DEHAM,port446,Hamburg,11,19,282784,365540,181546,216103
2026-05-05,EGALY,port23,Alexandria,4,15,91241,178038,22740,58315
2026-05-05,GBFXT,port343,Felixstowe,2,5,36454,38793,0,58
2026-05-05,INNSA,port776,Mumbai-Jawaharlal Nehru (Nhava Sheva),5,19,121874,310733,218256,218466
2026-05-05,KRPUS,port1065,Busan,25,51,211002,251413,75439,91902
2026-05-05,NLRTM,port1114,Rotterdam,23,100,269113,1051457,51301,195683
2026-05-05,PLGDN,port380,Gdansk,1,14,52906,215630,0,15993
2026-05-05,SGSIN,port1201,Singapore,41,124,781155,1863166,889802,1139321
2026-05-05,TRMER,port735,Mersin,3,9,17155,35045,12843,22095
2026-05-05,UAODS,port843,Odessa,0,0,0,0,0,0
2026-05-05,USLGB,port664,Los Angeles-Long Beach,6,14,478866,621260,39018,85266
2026-05-05,USNYC,port815,New York-New Jersey,5,10,228090,279842,0,34790
2026-05-06,AEJEA,port744,Jebel Ali,0,0,0,0,0,0
2026-05-06,BRSSZ,port1160,Santos,10,20,104328,173959,89243,478097
2026-05-06,CNSHA,port1188,Shanghai,33,86,488604,678883,319894,407146
2026-05-06,CNSZX,port1414,Yantian,6,7,0,0,95350,95350
2026-05-06,DEHAM,port446,Hamburg,17,26,255686,454655,125668,207980
2026-05-06,EGALY,port23,Alexandria,6,14,24523,144173,182239,211194
2026-05-06,GBFXT,port343,Felixstowe,3,4,31871,33475,97602,97920
2026-05-06,INNSA,port776,Mumbai-Jawaharlal Nehru (Nhava Sheva),11,29,62333,223039,248556,335297
2026-05-06,KRPUS,port1065,Busan,26,53,134485,201103,76161,100762
2026-05-06,NLRTM,port1114,Rotterdam,19,87,225311,929735,116330,218710
2026-05-06,PLGDN,port380,Gdansk,1,5,0,1071,13916,17494
2026-05-06,SGSIN,port1201,Singapore,34,121,861799,1424368,582412,863439
2026-05-06,TRMER,port735,Mersin,2,6,27193,32069,53818,53818
2026-05-06,UAODS,port843,Odessa,0,0,0,0,0,0
2026-05-06,USLGB,port664,Los Angeles-Long Beach,10,15,806823,891292,7963,113688
2026-05-06,USNYC,port815,New York-New Jersey,5,7,170145,245458,59576,59576
2026-05-07,AEJEA,port744,Jebel Ali,1,1,0,0,0,0
2026-05-07,BRSSZ,port1160,Santos,4,10,13970,20988,51030,252814
2026-05-07,CNSHA,port1188,Shanghai,35,84,317434,632787,228890,522515
2026-05-07,CNSZX,port1414,Yantian,10,11,22253,22253,95635,95635
2026-05-07,DEHAM,port446,Hamburg,12,17,154331,159454,139537,158009
2026-05-07,EGALY,port23,Alexandria,3,9,26161,82321,80684,83272
2026-05-07,GBFXT,port343,Felixstowe,2,4,1988,4012,109247,109247
2026-05-07,INNSA,port776,Mumbai-Jawaharlal Nehru (Nhava Sheva),10,22,203002,207907,157263,159031
2026-05-07,KRPUS,port1065,Busan,30,46,139517,159707,199040,202678
2026-05-07,NLRTM,port1114,Rotterdam,18,87,122862,480765,173395,288663
2026-05-07,PLGDN,port380,Gdansk,1,8,15853,222724,28236,40684
2026-05-07,SGSIN,port1201,Singapore,40,137,849078,1332822,818194,1318375
2026-05-07,TRMER,port735,Mersin,3,6,7371,17167,8832,10477
2026-05-07,UAODS,port843,Odessa,0,0,0,0,0,0
2026-05-07,USLGB,port664,Los Angeles-Long Beach,2,10,188394,380399,0,6166
2026-05-07,USNYC,port815,New York-New Jersey,6,14,170967,329061,12964,46321
2026-05-08,AEJEA,port744,Jebel Ali,0,1,0,0,0,3175
2026-05-08,BRSSZ,port1160,Santos,5,23,7645,232329,35192,465024
2026-05-08,CNSHA,port1188,Shanghai,38,100,453900,741429,339921,563789
2026-05-08,CNSZX,port1414,Yantian,10,11,43183,44087,104280,105184
2026-05-08,DEHAM,port446,Hamburg,12,21,241775,374350,158651,169032
2026-05-08,EGALY,port23,Alexandria,4,7,65953,78323,39238,39238
2026-05-08,GBFXT,port343,Felixstowe,1,2,4024,4024,0,0
2026-05-08,INNSA,port776,Mumbai-Jawaharlal Nehru (Nhava Sheva),6,22,153455,228365,56698,57924
2026-05-08,KRPUS,port1065,Busan,35,52,120319,145000,183685,191352
2026-05-08,NLRTM,port1114,Rotterdam,19,77,220738,746264,151813,214284
2026-05-08,PLGDN,port380,Gdansk,1,7,33297,160377,0,2546
2026-05-08,SGSIN,port1201,Singapore,48,137,709610,1061474,870254,1288303
2026-05-08,TRMER,port735,Mersin,3,5,17694,17694,5887,7086
2026-05-08,UAODS,port843,Odessa,0,0,0,0,0,0
2026-05-08,USLGB,port664,Los Angeles-Long Beach,8,14,452232,499817,185109,258910
2026-05-08,USNYC,port815,New York-New Jersey,6,10,109138,211234,26328,28538
2026-05-09,AEJEA,port744,Jebel Ali,0,4,0,1116,0,8977
2026-05-09,BRSSZ,port1160,Santos,7,15,71685,115335,41928,343972
2026-05-09,CNSHA,port1188,Shanghai,35,91,150897,495998,312165,533943
2026-05-09,CNSZX,port1414,Yantian,10,12,3065,12617,82028,82028
2026-05-09,DEHAM,port446,Hamburg,9,18,68146,76691,107427,116511
2026-05-09,EGALY,port23,Alexandria,3,11,15531,138844,234121,236083
2026-05-09,GBFXT,port343,Felixstowe,3,3,35995,35995,67999,67999
2026-05-09,INNSA,port776,Mumbai-Jawaharlal Nehru (Nhava Sheva),9,27,189536,285880,337795,376434
2026-05-09,KRPUS,port1065,Busan,36,49,248627,288672,191758,198434
2026-05-09,NLRTM,port1114,Rotterdam,19,102,168974,584005,211915,370108
2026-05-09,PLGDN,port380,Gdansk,3,6,38235,40094,87888,87888
2026-05-09,SGSIN,port1201,Singapore,40,138,792304,1176962,586335,1036573
2026-05-09,TRMER,port735,Mersin,5,8,62037,62037,54952,58271
2026-05-09,UAODS,port843,Odessa,0,0,0,0,0,0
2026-05-09,USLGB,port664,Los Angeles-Long Beach,1,5,118591,177523,0,8378
2026-05-09,USNYC,port815,New York-New Jersey,6,9,68540,124712,136573,151327
2026-05-10,AEJEA,port744,Jebel Ali,0,1,0,21542,0,2232
2026-05-10,BRSSZ,port1160,Santos,6,13,83868,87401,73713,257293
2026-05-10,CNSHA,port1188,Shanghai,34,92,214126,435143,501459,749482
2026-05-10,CNSZX,port1414,Yantian,12,14,20269,21173,146486,147390
2026-05-10,DEHAM,port446,Hamburg,9,15,62409,146015,200927,205679
2026-05-10,EGALY,port23,Alexandria,5,15,58842,139748,42446,51110
2026-05-10,GBFXT,port343,Felixstowe,2,3,25183,28444,0,0
2026-05-10,INNSA,port776,Mumbai-Jawaharlal Nehru (Nhava Sheva),7,23,139536,294984,30307,67499
2026-05-10,KRPUS,port1065,Busan,25,39,170973,199592,208189,213566
2026-05-10,NLRTM,port1114,Rotterdam,15,74,207646,732138,49234,215638
2026-05-10,PLGDN,port380,Gdansk,3,8,138006,392739,80171,81802
2026-05-10,SGSIN,port1201,Singapore,35,109,936240,1660520,611630,843561
2026-05-10,TRMER,port735,Mersin,2,6,13176,19912,0,5769
2026-05-10,UAODS,port843,Odessa,0,0,0,0,0,0
2026-05-10,USLGB,port664,Los Angeles-Long Beach,3,6,205568,214554,0,62766
2026-05-10,USNYC,port815,New York-New Jersey,7,12,155228,236264,14567,14567
2026-05-11,AEJEA,port744,Jebel Ali,0,3,0,23108,0,3412
2026-05-11,BRSSZ,port1160,Santos,5,16,21637,88364,69781,314254
2026-05-11,CNSHA,port1188,Shanghai,34,99,154434,262364,327030,756091
2026-05-11,CNSZX,port1414,Yantian,9,10,20579,23687,89756,89756
2026-05-11,DEHAM,port446,Hamburg,9,21,71511,143102,126003,164799
2026-05-11,EGALY,port23,Alexandria,4,12,80737,198227,25820,32964
2026-05-11,GBFXT,port343,Felixstowe,2,5,35320,35907,0,1281
2026-05-11,INNSA,port776,Mumbai-Jawaharlal Nehru (Nhava Sheva),10,34,297933,381882,60681,61211
2026-05-11,KRPUS,port1065,Busan,30,47,232514,279804,116807,123458
2026-05-11,NLRTM,port1114,Rotterdam,17,76,301976,812247,81846,161235
2026-05-11,PLGDN,port380,Gdansk,6,14,234921,247582,31142,35212
2026-05-11,SGSIN,port1201,Singapore,45,155,810556,1181354,822101,1307044
2026-05-11,TRMER,port735,Mersin,1,4,0,12129,9620,11370
2026-05-11,UAODS,port843,Odessa,0,0,0,0,0,0
2026-05-11,USLGB,port664,Los Angeles-Long Beach,6,11,117894,119643,69905,69905
2026-05-11,USNYC,port815,New York-New Jersey,6,11,148182,199889,25910,59731
2026-05-12,AEJEA,port744,Jebel Ali,0,0,0,0,0,0
2026-05-12,BRSSZ,port1160,Santos,1,9,0,16925,0,292693
2026-05-12,CNSHA,port1188,Shanghai,21,67,245350,537613,278787,371821
2026-05-12,CNSZX,port1414,Yantian,7,10,4675,5580,32077,32981
2026-05-12,DEHAM,port446,Hamburg,12,16,179573,218474,126451,129222
2026-05-12,EGALY,port23,Alexandria,2,9,0,14166,138079,141012
2026-05-12,GBFXT,port343,Felixstowe,3,6,36146,38603,16797,16855
2026-05-12,INNSA,port776,Mumbai-Jawaharlal Nehru (Nhava Sheva),6,25,75827,309780,22329,62469
2026-05-12,KRPUS,port1065,Busan,31,51,127486,168952,116761,131136
2026-05-12,NLRTM,port1114,Rotterdam,19,112,55510,522531,174892,299120
2026-05-12,PLGDN,port380,Gdansk,2,10,0,189196,119342,162454
2026-05-12,SGSIN,port1201,Singapore,41,116,574191,1097392,1114756,1359470
2026-05-12,TRMER,port735,Mersin,3,8,17390,21955,37180,43235
2026-05-12,UAODS,port843,Odessa,0,0,0,0,0,0
2026-05-12,USLGB,port664,Los Angeles-Long Beach,7,13,692843,760569,0,10436
2026-05-12,USNYC,port815,New York-New Jersey,8,12,264205,359018,0,0
2026-05-13,AEJEA,port744,Jebel Ali,2,9,0,72507,2896,48081
2026-05-13,BRSSZ,port1160,Santos,9,19,25520,34151,179611,447886
2026-05-13,CNSHA,port1188,Shanghai,37,103,181991,511664,365412,785245
2026-05-13,CNSZX,port1414,Yantian,9,9,1048,1048,73226,73226
2026-05-13,DEHAM,port446,Hamburg,7,19,34692,68282,84416,127831
2026-05-13,EGALY,port23,Alexandria,3,7,254022,344700,11114,12042
2026-05-13,GBFXT,port343,Felixstowe,4,5,136128,138895,18534,18534
2026-05-13,INNSA,port776,Mumbai-Jawaharlal Nehru (Nhava Sheva),8,20,162754,304931,98451,132380
2026-05-13,KRPUS,port1065,Busan,37,57,121033,171037,203301,214626
2026-05-13,NLRTM,port1114,Rotterdam,18,76,255937,1074837,62260,187524
2026-05-13,PLGDN,port380,Gdansk,0,6,0,85609,0,1607
2026-05-13,SGSIN,port1201,Singapore,40,135,565205,1027261,800538,1201130
2026-05-13,TRMER,port735,Mersin,3,7,30072,39034,16942,16942
2026-05-13,UAODS,port843,Odessa,0,0,0,0,0,0
2026-05-13,USLGB,port664,Los Angeles-Long Beach,8,14,494042,697126,338992,474279
2026-05-13,USNYC,port815,New York-New Jersey,4,9,77482,174603,0,4756
2026-05-14,AEJEA,port744,Jebel Ali,0,1,0,0,0,1024
2026-05-14,BRSSZ,port1160,Santos,8,16,57315,57315,74553,327160
2026-05-14,CNSHA,port1188,Shanghai,37,96,498850,856649,490950,610096
2026-05-14,CNSZX,port1414,Yantian,7,10,0,904,87719,88624
2026-05-14,DEHAM,port446,Hamburg,7,15,86764,116087,83232,93793
2026-05-14,EGALY,port23,Alexandria,1,6,15531,78091,11114,63038
2026-05-14,GBFXT,port343,Felixstowe,2,5,20227,21164,18534,18534
2026-05-14,INNSA,port776,Mumbai-Jawaharlal Nehru (Nhava Sheva),5,22,26742,229761,58322,90201
2026-05-14,KRPUS,port1065,Busan,28,45,153406,172776,188384,196845
2026-05-14,NLRTM,port1114,Rotterdam,21,89,148972,683509,183984,333467
2026-05-14,PLGDN,port380,Gdansk,3,9,19159,22347,46030,50111
2026-05-14,SGSIN,port1201,Singapore,37,127,921569,1473703,1106963,1467909
2026-05-14,TRMER,port735,Mersin,6,11,7680,9391,48851,51136
2026-05-14,UAODS,port843,Odessa,0,0,0,0,0,0
2026-05-14,USLGB,port664,Los Angeles-Long Beach,7,10,289132,290350,576784,733269
2026-05-14,USNYC,port815,New York-New Jersey,7,8,152197,191526,82942,82942
2026-05-15,AEJEA,port744,Jebel Ali,0,0,0,0,0,0
2026-05-15,BRSSZ,port1160,Santos,8,18,164903,176123,46028,281408
2026-05-15,CNSHA,port1188,Shanghai,35,94,291523,459442,428379,567621
2026-05-15,CNSZX,port1414,Yantian,10,10,4411,4411,189505,189505
2026-05-15,DEHAM,port446,Hamburg,10,17,49732,68829,123665,131848
2026-05-15,EGALY,port23,Alexandria,1,5,0,119602,14963,14963
2026-05-15,GBFXT,port343,Felixstowe,2,3,12756,14619,46652,46652
2026-05-15,INNSA,port776,Mumbai-Jawaharlal Nehru (Nhava Sheva),7,29,208921,595884,326274,443612
2026-05-15,KRPUS,port1065,Busan,31,49,135402,176208,207268,216540
2026-05-15,NLRTM,port1114,Rotterdam,19,65,221761,548021,83261,184467
2026-05-15,PLGDN,port380,Gdansk,2,12,31707,209803,56473,74901
2026-05-15,SGSIN,port1201,Singapore,39,116,566931,777997,794177,1065348
2026-05-15,TRMER,port735,Mersin,3,8,42374,48457,37552,42454
2026-05-15,UAODS,port843,Odessa,0,0,0,0,0,0
2026-05-15,USLGB,port664,Los Angeles-Long Beach,4,10,239228,374523,58527,109610
2026-05-15,USNYC,port815,New York-New Jersey,6,10,176211,230539,0,14069
2026-05-16,AEJEA,port744,Jebel Ali,2,7,0,59456,56200,95080
2026-05-16,BRSSZ,port1160,Santos,5,16,145376,242116,24938,348663
2026-05-16,CNSHA,port1188,Shanghai,41,90,207877,475205,422724,586900
2026-05-16,CNSZX,port1414,Yantian,7,10,34448,35352,44555,45460
2026-05-16,DEHAM,port446,Hamburg,9,15,106023,154288,182966,191930
2026-05-16,EGALY,port23,Alexandria,5,11,47041,104609,89819,102091
2026-05-16,GBFXT,port343,Felixstowe,3,3,55116,55116,0,0
2026-05-16,INNSA,port776,Mumbai-Jawaharlal Nehru (Nhava Sheva),8,25,112078,224468,144134,193652
2026-05-16,KRPUS,port1065,Busan,41,62,210060,240562,156952,171920
2026-05-16,NLRTM,port1114,Rotterdam,15,79,50677,335578,169736,222805
2026-05-16,PLGDN,port380,Gdansk,3,7,42394,46602,131172,161121
2026-05-16,SGSIN,port1201,Singapore,42,128,1035926,1634065,689831,1141399
2026-05-16,TRMER,port735,Mersin,6,10,73370,93913,37330,37922
2026-05-16,UAODS,port843,Odessa,0,0,0,0,0,0
2026-05-16,USLGB,port664,Los Angeles-Long Beach,5,9,552412,633822,0,0
2026-05-16,USNYC,port815,New York-New Jersey,7,11,102364,183632,125450,125450
2026-05-17,AEJEA,port744,Jebel Ali,1,2,0,1116,31817,32998
2026-05-17,BRSSZ,port1160,Santos,4,12,88083,208844,41847,316426
2026-05-17,CNSHA,port1188,Shanghai,40,88,386210,603280,391672,530316
2026-05-17,CNSZX,port1414,Yantian,11,11,19924,19924,122579,122579
2026-05-17,DEHAM,port446,Hamburg,14,23,69416,161514,133841,140862
2026-05-17,EGALY,port23,Alexandria,1,10,0,37012,39864,112884
2026-05-17,GBFXT,port343,Felixstowe,2,2,14473,14473,18534,18534
2026-05-17,INNSA,port776,Mumbai-Jawaharlal Nehru (Nhava Sheva),7,19,132565,330915,68441,68441
2026-05-17,KRPUS,port1065,Busan,35,54,135591,158537,243589,252981
2026-05-17,NLRTM,port1114,Rotterdam,21,97,156597,1029465,62830,245581
2026-05-17,PLGDN,port380,Gdansk,2,13,86059,213001,28236,56492
2026-05-17,SGSIN,port1201,Singapore,33,113,680007,1245854,526862,977980
2026-05-17,TRMER,port735,Mersin,6,10,36901,40626,64847,68102
2026-05-17,UAODS,port843,Odessa,0,0,0,0,0,0
2026-05-17,USLGB,port664,Los Angeles-Long Beach,5,7,235315,291809,31364,45001
2026-05-17,USNYC,port815,New York-New Jersey,8,16,345480,467483,0,1615
2026-05-18,AEJEA,port744,Jebel Ali,0,3,0,2800,0,16800
2026-05-18,BRSSZ,port1160,Santos,6,21,19427,133863,55670,475616
2026-05-18,CNSHA,port1188,Shanghai,32,97,252839,444433,310468,517580
2026-05-18,CNSZX,port1414,Yantian,9,10,6501,6501,88761,88761
2026-05-18,DEHAM,port446,Hamburg,12,17,320878,357157,67944,68716
2026-05-18,EGALY,port23,Alexandria,5,10,68435,73996,68405,120743
2026-05-18,GBFXT,port343,Felixstowe,4,7,53267,53512,41228,41228
2026-05-18,INNSA,port776,Mumbai-Jawaharlal Nehru (Nhava Sheva),11,33,108382,163101,173522,321544
2026-05-18,KRPUS,port1065,Busan,29,47,60174,82261,307900,314749
2026-05-18,NLRTM,port1114,Rotterdam,22,106,388096,1284669,192559,339827
2026-05-18,PLGDN,port380,Gdansk,4,14,66122,282778,53422,57458
2026-05-18,SGSIN,port1201,Singapore,39,139,823361,1290052,584540,879667
2026-05-18,TRMER,port735,Mersin,1,8,62894,123862,0,1093
2026-05-18,UAODS,port843,Odessa,0,0,0,0,0,0
2026-05-18,USLGB,port664,Los Angeles-Long Beach,1,4,0,174459,36624,36624
2026-05-18,USNYC,port815,New York-New Jersey,4,6,134495,236693,21361,21361
2026-05-19,AEJEA,port744,Jebel Ali,0,2,0,1116,0,1625
2026-05-19,BRSSZ,port1160,Santos,9,15,57774,71350,102063,189653
2026-05-19,CNSHA,port1188,Shanghai,39,93,463999,778424,486778,623204
2026-05-19,CNSZX,port1414,Yantian,8,10,8813,9718,71151,72055
2026-05-19,DEHAM,port446,Hamburg,9,17,154606,249465,139227,145529
2026-05-19,EGALY,port23,Alexandria,1,10,15531,47202,11114,17293
2026-05-19,GBFXT,port343,Felixstowe,1,4,12756,15802,18534,18534
2026-05-19,INNSA,port776,Mumbai-Jawaharlal Nehru (Nhava Sheva),10,20,302857,462290,76457,83601
2026-05-19,KRPUS,port1065,Busan,35,52,227715,240703,193309,202294
2026-05-19,NLRTM,port1114,Rotterdam,13,79,82425,584050,73992,244439
2026-05-19,PLGDN,port380,Gdansk,1,4,164327,178931,0,5153
2026-05-19,SGSIN,port1201,Singapore,43,112,538134,741565,691560,947304
2026-05-19,TRMER,port735,Mersin,4,8,37806,39042,20719,22906
2026-05-19,UAODS,port843,Odessa,0,0,0,0,0,0
2026-05-19,USLGB,port664,Los Angeles-Long Beach,7,15,501272,623621,0,16061
2026-05-19,USNYC,port815,New York-New Jersey,7,9,254838,272220,930,4611
2026-05-20,AEJEA,port744,Jebel Ali,0,0,0,0,0,0
2026-05-20,BRSSZ,port1160,Santos,8,13,53108,72138,152076,193140
2026-05-20,CNSHA,port1188,Shanghai,33,84,390175,720495,409513,621212
2026-05-20,CNSZX,port1414,Yantian,8,8,6271,6271,60842,60842
2026-05-20,DEHAM,port446,Hamburg,14,22,173242,231995,223730,228571
2026-05-20,EGALY,port23,Alexandria,4,7,48844,80484,30931,32202
2026-05-20,GBFXT,port343,Felixstowe,2,3,66511,68775,0,0
2026-05-20,INNSA,port776,Mumbai-Jawaharlal Nehru (Nhava Sheva),9,33,160667,382160,152195,185688
2026-05-20,KRPUS,port1065,Busan,30,49,195733,219174,84152,92471
2026-05-20,NLRTM,port1114,Rotterdam,20,99,36119,805289,96532,412332
2026-05-20,PLGDN,port380,Gdansk,2,11,0,208621,159780,171154
2026-05-20,SGSIN,port1201,Singapore,41,126,891353,1301551,1016027,1490752
2026-05-20,TRMER,port735,Mersin,2,11,33040,56776,12843,20982
2026-05-20,UAODS,port843,Odessa,0,0,0,0,0,0
2026-05-20,USLGB,port664,Los Angeles-Long Beach,7,9,257513,265962,244818,244818
2026-05-20,USNYC,port815,New York-New Jersey,5,7,110688,144516,16404,64854
2026-05-21,AEJEA,port744,Jebel Ali,5,10,326168,368630,100173,141808
2026-05-21,BRSSZ,port1160,Santos,5,12,33612,33612,26840,278331
2026-05-21,CNSHA,port1188,Shanghai,33,107,247643,514816,439679,697057
2026-05-21,CNSZX,port1414,Yantian,13,15,15810,15810,147942,147942
2026-05-21,DEHAM,port446,Hamburg,9,15,406173,408968,27089,139896
2026-05-21,EGALY,port23,Alexandria,2,4,132233,168514,26131,29812
2026-05-21,GBFXT,port343,Felixstowe,3,4,17179,17765,154333,154333
2026-05-21,INNSA,port776,Mumbai-Jawaharlal Nehru (Nhava Sheva),11,29,77263,201120,225667,226568
2026-05-21,KRPUS,port1065,Busan,26,39,145388,165125,140351,147777
2026-05-21,NLRTM,port1114,Rotterdam,21,88,265380,662412,199611,426146
2026-05-21,PLGDN,port380,Gdansk,0,7,0,3256,0,12641
2026-05-21,SGSIN,port1201,Singapore,38,132,665180,1085177,828600,1063985
2026-05-21,TRMER,port735,Mersin,6,11,70931,71769,6593,14731
2026-05-21,UAODS,port843,Odessa,0,0,0,0,0,0
2026-05-21,USLGB,port664,Los Angeles-Long Beach,2,9,122332,380724,0,8146
2026-05-21,USNYC,port815,New York-New Jersey,9,19,192428,399266,136847,160067
2026-05-22,AEJEA,port744,Jebel Ali,2,4,0,21542,79178,82571
2026-05-22,BRSSZ,port1160,Santos,7,12,63273,67365,89059,241578
2026-05-22,CNSHA,port1188,Shanghai,36,85,358117,570292,392937,605715
2026-05-22,CNSZX,port1414,Yantian,6,7,0,0,115273,115273
2026-05-22,DEHAM,port446,Hamburg,7,15,52908,70354,97653,108391
2026-05-22,EGALY,port23,Alexandria,3,8,31063,41432,52825,113911
2026-05-22,GBFXT,port343,Felixstowe,3,3,19289,19289,56360,56360
2026-05-22,INNSA,port776,Mumbai-Jawaharlal Nehru (Nhava Sheva),7,20,212854,297485,76403,130782
2026-05-22,KRPUS,port1065,Busan,30,51,250674,286873,154460,163694
2026-05-22,NLRTM,port1114,Rotterdam,16,78,65289,353689,165519,283641
2026-05-22,PLGDN,port380,Gdansk,1,5,63135,98644,0,6049
2026-05-22,SGSIN,port1201,Singapore,41,138,793828,1281403,896842,1205164
2026-05-22,TRMER,port735,Mersin,3,7,7680,36121,35477,35878
2026-05-22,UAODS,port843,Odessa,0,0,0,0,0,0
2026-05-22,USLGB,port664,Los Angeles-Long Beach,5,8,246327,262958,168655,171481
2026-05-22,USNYC,port815,New York-New Jersey,6,10,99756,136562,5331,5331
2026-05-23,AEJEA,port744,Jebel Ali,0,1,0,1116,0,1180
2026-05-23,BRSSZ,port1160,Santos,3,11,43746,43746,0,265020
2026-05-23,CNSHA,port1188,Shanghai,21,60,269153,472131,313958,493092
2026-05-23,CNSZX,port1414,Yantian,11,11,16950,16950,113238,113238
2026-05-23,DEHAM,port446,Hamburg,3,10,49326,110783,19341,23967
2026-05-23,EGALY,port23,Alexandria,3,13,4877,60644,33189,51290
2026-05-23,GBFXT,port343,Felixstowe,1,3,0,1668,2222,6404
2026-05-23,INNSA,port776,Mumbai-Jawaharlal Nehru (Nhava Sheva),10,27,227330,433264,42505,45406
2026-05-23,KRPUS,port1065,Busan,36,50,144847,162442,211153,216835
2026-05-23,NLRTM,port1114,Rotterdam,21,87,234525,1211859,50060,187236
2026-05-23,PLGDN,port380,Gdansk,3,5,57179,64752,12196,13095
2026-05-23,SGSIN,port1201,Singapore,44,121,627376,1079218,1098694,1535624
2026-05-23,TRMER,port735,Mersin,6,9,37312,49185,70893,80962
2026-05-23,UAODS,port843,Odessa,0,0,0,0,0,0
2026-05-23,USLGB,port664,Los Angeles-Long Beach,8,11,817637,828672,19509,22195
2026-05-23,USNYC,port815,New York-New Jersey,7,12,93644,288543,101238,101238
2026-05-24,AEJEA,port744,Jebel Ali,0,0,0,0,0,0
2026-05-24,BRSSZ,port1160,Santos,7,19,35172,99128,177311,559340
2026-05-24,CNSHA,port1188,Shanghai,29,73,250788,435578,226696,321972
2026-05-24,CNSZX,port1414,Yantian,11,14,14456,15360,126138,127042
2026-05-24,DEHAM,port446,Hamburg,8,14,79397,79888,116321,142325
2026-05-24,EGALY,port23,Alexandria,4,14,150727,243392,36217,110281
2026-05-24,GBFXT,port343,Felixstowe,4,5,60309,64971,18534,18534
2026-05-24,INNSA,port776,Mumbai-Jawaharlal Nehru (Nhava Sheva),9,24,89626,161913,92333,92333
2026-05-24,KRPUS,port1065,Busan,40,58,188599,229721,104372,110992
2026-05-24,NLRTM,port1114,Rotterdam,16,66,221607,700217,168039,237515
2026-05-24,PLGDN,port380,Gdansk,6,16,78947,199890,150489,156855
2026-05-24,SGSIN,port1201,Singapore,39,114,1003465,1559762,525912,713520
2026-05-24,TRMER,port735,Mersin,5,10,15361,24987,43488,46341
2026-05-24,UAODS,port843,Odessa,0,0,0,0,0,0
2026-05-24,USLGB,port664,Los Angeles-Long Beach,5,9,403675,474393,19509,32087
2026-05-24,USNYC,port815,New York-New Jersey,11,14,274335,360889,190062,190062
2026-05-25,AEJEA,port744,Jebel Ali,1,4,0,39313,18247,53621
2026-05-25,BRSSZ,port1160,Santos,5,12,22836,77825,117812,236745
2026-05-25,CNSHA,port1188,Shanghai,8,18,21706,51766,50238,65336
2026-05-25,CNSZX,port1414,Yantian,10,12,34593,34593,94556,94556
2026-05-25,DEHAM,port446,Hamburg,7,16,106708,179859,46770,69562
2026-05-25,EGALY,port23,Alexandria,1,7,0,2255,41333,69867
2026-05-25,GBFXT,port343,Felixstowe,2,2,33228,33228,18534,18534
2026-05-25,INNSA,port776,Mumbai-Jawaharlal Nehru (Nhava Sheva),10,30,230144,528273,117906,233224
2026-05-25,KRPUS,port1065,Busan,29,51,166427,223787,210483,256976
2026-05-25,NLRTM,port1114,Rotterdam,17,72,259292,765573,47678,173879
2026-05-25,PLGDN,port380,Gdansk,3,8,174192,178194,0,41436
2026-05-25,SGSIN,port1201,Singapore,41,135,859394,1358666,687816,993451
2026-05-25,TRMER,port735,Mersin,2,6,62706,75616,0,3633
2026-05-25,UAODS,port843,Odessa,0,0,0,0,0,0
2026-05-25,USLGB,port664,Los Angeles-Long Beach,4,10,172966,238012,80621,221357
2026-05-25,USNYC,port815,New York-New Jersey,2,8,76989,151561,17130,21173
2026-05-26,AEJEA,port744,Jebel Ali,1,4,0,55525,27624,54058
2026-05-26,BRSSZ,port1160,Santos,4,10,75154,178338,28493,192630
2026-05-26,CNSHA,port1188,Shanghai,43,132,262734,597522,476897,1006072
2026-05-26,CNSZX,port1414,Yantian,8,9,4389,9200,105809,105809
2026-05-26,DEHAM,port446,Hamburg,9,17,181494,183078,214427,223495
2026-05-26,EGALY,port23,Alexandria,1,2,15531,15531,11114,17727
2026-05-26,GBFXT,port343,Felixstowe,2,4,58145,58145,0,1379
2026-05-26,INNSA,port776,Mumbai-Jawaharlal Nehru (Nhava Sheva),8,16,217579,314955,78819,81630
2026-05-26,KRPUS,port1065,Busan,25,37,126354,136273,112032,118127
2026-05-26,NLRTM,port1114,Rotterdam,15,76,23151,385301,41935,144246
2026-05-26,PLGDN,port380,Gdansk,3,11,57970,70563,114478,117181
2026-05-26,SGSIN,port1201,Singapore,40,125,784345,1366061,703616,1009992
2026-05-26,TRMER,port735,Mersin,4,11,86015,116676,0,4552
2026-05-26,UAODS,port843,Odessa,0,0,0,0,0,0
2026-05-26,USLGB,port664,Los Angeles-Long Beach,5,14,313997,488287,0,3703
2026-05-26,USNYC,port815,New York-New Jersey,5,12,108051,423231,1722,18211
2026-05-27,AEJEA,port744,Jebel Ali,0,3,0,11120,0,5393
2026-05-27,BRSSZ,port1160,Santos,10,26,57085,137968,56090,584866
2026-05-27,CNSHA,port1188,Shanghai,47,116,271709,800528,513441,683035
2026-05-27,CNSZX,port1414,Yantian,10,10,30609,30609,93197,93197
2026-05-27,DEHAM,port446,Hamburg,9,19,43340,217350,161893,197344
2026-05-27,EGALY,port23,Alexandria,0,0,0,0,0,0
2026-05-27,GBFXT,port343,Felixstowe,3,5,67626,67626,16466,21258
2026-05-27,INNSA,port776,Mumbai-Jawaharlal Nehru (Nhava Sheva),5,23,55715,377339,129404,175518
2026-05-27,KRPUS,port1065,Busan,30,48,268692,303401,142410,148617
2026-05-27,NLRTM,port1114,Rotterdam,18,79,147095,813086,73471,156545
2026-05-27,PLGDN,port380,Gdansk,1,8,85437,227396,0,4095
2026-05-27,SGSIN,port1201,Singapore,30,105,867396,1299827,616224,813494
2026-05-27,TRMER,port735,Mersin,2,3,27511,29107,17373,17373
2026-05-27,UAODS,port843,Odessa,0,0,0,0,0,0
2026-05-27,USLGB,port664,Los Angeles-Long Beach,8,16,710640,1022717,256284,265427
2026-05-27,USNYC,port815,New York-New Jersey,6,10,161544,251239,24130,57341
2026-05-28,AEJEA,port744,Jebel Ali,0,0,0,0,0,0
2026-05-28,BRSSZ,port1160,Santos,4,14,10818,65961,66920,355668
2026-05-28,CNSHA,port1188,Shanghai,25,68,289820,471702,320427,541027
2026-05-28,CNSZX,port1414,Yantian,6,8,9501,12413,106010,106915
2026-05-28,DEHAM,port446,Hamburg,7,20,38423,87466,110856,156068
2026-05-28,EGALY,port23,Alexandria,6,17,26429,70484,60787,144267
2026-05-28,GBFXT,port343,Felixstowe,2,3,60058,67444,0,0
2026-05-28,INNSA,port776,Mumbai-Jawaharlal Nehru (Nhava Sheva),12,30,127040,342420,378565,418006
2026-05-28,KRPUS,port1065,Busan,27,42,114484,135169,134100,149099
2026-05-28,NLRTM,port1114,Rotterdam,21,99,165377,682435,136089,256327
2026-05-28,PLGDN,port380,Gdansk,0,7,0,292514,0,11238
2026-05-28,SGSIN,port1201,Singapore,45,150,919072,1183085,956222,1518469
2026-05-28,TRMER,port735,Mersin,4,6,16853,29384,65197,66140
2026-05-28,UAODS,port843,Odessa,0,0,0,0,0,0
2026-05-28,USLGB,port664,Los Angeles-Long Beach,6,11,355743,401193,180037,194985
2026-05-28,USNYC,port815,New York-New Jersey,8,15,88882,260682,66993,66993
2026-05-29,AEJEA,port744,Jebel Ali,1,2,0,0,7887,9885
2026-05-29,BRSSZ,port1160,Santos,12,21,76259,76259,112930,391005
2026-05-29,CNSHA,port1188,Shanghai,37,97,184478,452739,361812,755504
2026-05-29,CNSZX,port1414,Yantian,9,10,58060,58060,90015,90015
2026-05-29,DEHAM,port446,Hamburg,13,19,260958,293541,272673,274888
2026-05-29,EGALY,port23,Alexandria,3,7,0,64534,55190,62926
2026-05-29,GBFXT,port343,Felixstowe,3,4,73695,75741,0,0
2026-05-29,INNSA,port776,Mumbai-Jawaharlal Nehru (Nhava Sheva),8,25,181518,211329,101947,147015
2026-05-29,KRPUS,port1065,Busan,37,69,415563,464071,117788,152394
2026-05-29,NLRTM,port1114,Rotterdam,13,86,27759,1016659,148125,298930
2026-05-29,PLGDN,port380,Gdansk,2,10,68544,113873,28236,44715
2026-05-29,SGSIN,port1201,Singapore,39,122,439046,965258,522763,944400
2026-05-29,TRMER,port735,Mersin,3,6,37555,43313,2188,2188
2026-05-29,UAODS,port843,Odessa,0,0,0,0,0,0
2026-05-29,USLGB,port664,Los Angeles-Long Beach,3,6,103073,145191,39018,39018
2026-05-29,USNYC,port815,New York-New Jersey,7,10,139226,173140,24374,24374
2026-05-30,AEJEA,port744,Jebel Ali,0,0,0,0,0,0
2026-05-30,BRSSZ,port1160,Santos,7,25,160986,396053,54256,423247
2026-05-30,CNSHA,port1188,Shanghai,31,88,223455,411653,367332,562069
2026-05-30,CNSZX,port1414,Yantian,8,9,4676,4676,87849,87849
2026-05-30,DEHAM,port446,Hamburg,10,19,285445,451494,43752,57384
2026-05-30,EGALY,port23,Alexandria,1,10,11051,147208,0,17271
2026-05-30,GBFXT,port343,Felixstowe,2,3,24126,27135,166433,166433
2026-05-30,INNSA,port776,Mumbai-Jawaharlal Nehru (Nhava Sheva),8,26,131900,405877,65851,104077
2026-05-30,KRPUS,port1065,Busan,34,56,171650,219844,113550,123415
2026-05-30,NLRTM,port1114,Rotterdam,22,76,203057,446402,81388,198842
2026-05-30,PLGDN,port380,Gdansk,2,9,5373,235012,35163,35571
2026-05-30,SGSIN,port1201,Singapore,39,116,654252,1376166,586312,887660
2026-05-30,TRMER,port735,Mersin,4,5,34407,40893,17973,17973
2026-05-30,UAODS,port843,Odessa,0,0,0,0,0,0
2026-05-30,USLGB,port664,Los Angeles-Long Beach,3,9,218819,232987,0,73181
2026-05-30,USNYC,port815,New York-New Jersey,5,7,192964,278904,138067,138067
2026-05-31,AEJEA,port744,Jebel Ali,0,2,0,1642,0,1180
2026-05-31,BRSSZ,port1160,Santos,7,9,155278,155278,39330,70556
2026-05-31,CNSHA,port1188,Shanghai,34,91,814792,1026039,394737,482627
2026-05-31,CNSZX,port1414,Yantian,11,11,10141,10141,161598,161598
2026-05-31,DEHAM,port446,Hamburg,6,12,41990,48383,163672,175203
2026-05-31,EGALY,port23,Alexandria,6,12,63928,138256,70635,98398
2026-05-31,GBFXT,port343,Felixstowe,1,1,33945,33945,0,0
2026-05-31,INNSA,port776,Mumbai-Jawaharlal Nehru (Nhava Sheva),7,20,101621,157677,35053,144074
2026-05-31,KRPUS,port1065,Busan,37,52,108334,124700,316641,326781
2026-05-31,NLRTM,port1114,Rotterdam,16,68,160125,745900,219938,324933
2026-05-31,PLGDN,port380,Gdansk,4,7,38951,164560,76912,76912
2026-05-31,SGSIN,port1201,Singapore,38,111,880089,1609139,578672,825510
2026-05-31,TRMER,port735,Mersin,4,5,136799,162994,12843,12843
2026-05-31,UAODS,port843,Odessa,0,0,0,0,0,0
2026-05-31,USLGB,port664,Los Angeles-Long Beach,7,15,427254,666710,0,47216
2026-05-31,USNYC,port815,New York-New Jersey,8,13,154121,173623,10764,12640
2026-06-01,AEJEA,port744,Jebel Ali,0,0,0,0,0,0
2026-06-01,BRSSZ,port1160,Santos,5,12,0,26032,111350,247088
2026-06-01,CNSHA,port1188,Shanghai,40,103,166582,552707,418616,489401
2026-06-01,CNSZX,port1414,Yantian,12,12,1501,1501,98954,98954
2026-06-01,DEHAM,port446,Hamburg,7,12,51869,53385,82365,88922
2026-06-01,EGALY,port23,Alexandria,4,11,198326,226154,45463,55262
2026-06-01,GBFXT,port343,Felixstowe,3,6,11419,13023,0,317
2026-06-01,INNSA,port776,Mumbai-Jawaharlal Nehru (Nhava Sheva),10,27,235919,470635,161617,179829
2026-06-01,KRPUS,port1065,Busan,30,47,132837,155938,139747,149991
2026-06-01,NLRTM,port1114,Rotterdam,19,83,431770,748739,57608,221770
2026-06-01,PLGDN,port380,Gdansk,3,8,28547,171453,141240,143147
2026-06-01,SGSIN,port1201,Singapore,39,132,1006718,1387420,565607,848945
2026-06-01,TRMER,port735,Mersin,2,8,10993,31130,0,3235
2026-06-01,UAODS,port843,Odessa,0,0,0,0,0,0
2026-06-01,USLGB,port664,Los Angeles-Long Beach,3,10,80793,157284,0,78577
2026-06-01,USNYC,port815,New York-New Jersey,4,7,124408,131453,28216,28216
2026-06-02,AEJEA,port744,Jebel Ali,0,0,0,0,0,0
2026-06-02,BRSSZ,port1160,Santos,8,20,139447,139447,45742,487564
2026-06-02,CNSHA,port1188,Shanghai,40,103,355517,651026,466562,920358
2026-06-02,CNSZX,port1414,Yantian,14,16,6039,6944,215614,216519
2026-06-02,DEHAM,port446,Hamburg,15,26,378871,447973,224075,230984
2026-06-02,EGALY,port23,Alexandria,4,11,45167,225272,20778,116759
2026-06-02,GBFXT,port343,Felixstowe,0,4,0,1046,0,0
2026-06-02,INNSA,port776,Mumbai-Jawaharlal Nehru (Nhava Sheva),8,26,309687,497740,42437,44323
2026-06-02,KRPUS,port1065,Busan,35,50,246703,279021,216891,226761
2026-06-02,NLRTM,port1114,Rotterdam,22,87,128998,606362,87080,214518
2026-06-02,PLGDN,port380,Gdansk,1,7,0,72535,42574,44079
2026-06-02,SGSIN,port1201,Singapore,37,132,718762,1276892,547454,1082421
2026-06-02,TRMER,port735,Mersin,4,10,89368,96758,17927,21562
2026-06-02,UAODS,port843,Odessa,0,0,0,0,0,0
2026-06-02,USLGB,port664,Los Angeles-Long Beach,7,15,456632,699886,0,16947
2026-06-02,USNYC,port815,New York-New Jersey,10,17,342883,526162,26475,26475
2026-06-03,AEJEA,port744,Jebel Ali,0,0,0,0,0,0
2026-06-03,BRSSZ,port1160,Santos,5,13,14653,31255,64668,341497
2026-06-03,CNSHA,port1188,Shanghai,36,99,441109,739137,352009,576336
2026-06-03,CNSZX,port1414,Yantian,7,7,2443,2443,88855,88855
2026-06-03,DEHAM,port446,Hamburg,7,16,42085,96143,30358,39796
2026-06-03,EGALY,port23,Alexandria,7,13,32409,108286,67622,68257
2026-06-03,GBFXT,port343,Felixstowe,3,3,46165,46165,16902,16902
2026-06-03,INNSA,port776,Mumbai-Jawaharlal Nehru (Nhava Sheva),9,23,80747,422546,128749,244480
2026-06-03,KRPUS,port1065,Busan,24,48,311988,387438,163621,171521
2026-06-03,NLRTM,port1114,Rotterdam,15,80,33280,470194,160841,382496
2026-06-03,PLGDN,port380,Gdansk,3,12,21972,277688,65613,68692
2026-06-03,SGSIN,port1201,Singapore,36,106,720953,959490,750897,1079894
2026-06-03,TRMER,port735,Mersin,5,9,13036,15824,24978,25133
2026-06-03,UAODS,port843,Odessa,0,0,0,0,0,0
2026-06-03,USLGB,port664,Los Angeles-Long Beach,6,9,448477,528260,72379,81522
2026-06-03,USNYC,port815,New York-New Jersey,5,10,131120,286375,63458,77765
2026-06-04,AEJEA,port744,Jebel Ali,0,0,0,0,0,0
2026-06-04,BRSSZ,port1160,Santos,5,17,23038,61537,24452,386065
2026-06-04,CNSHA,port1188,Shanghai,33,100,330005,616421,419884,777317
2026-06-04,CNSZX,port1414,Yantian,7,9,4799,5703,81491,82396
2026-06-04,DEHAM,port446,Hamburg,10,18,116973,201984,179254,197566
2026-06-04,EGALY,port23,Alexandria,3,7,136254,190910,21368,22004
2026-06-04,GBFXT,port343,Felixstowe,3,3,30498,30498,0,0
2026-06-04,INNSA,port776,Mumbai-Jawaharlal Nehru (Nhava Sheva),12,28,239113,399386,168625,208189
2026-06-04,KRPUS,port1065,Busan,32,46,230591,242967,175620,182760
2026-06-04,NLRTM,port1114,Rotterdam,20,84,132657,541448,77671,203935
2026-06-04,PLGDN,port380,Gdansk,0,5,0,177449,0,1892
2026-06-04,SGSIN,port1201,Singapore,37,116,595279,1254319,1042879,1552842
2026-06-04,TRMER,port735,Mersin,5,11,161533,212778,20181,32169
2026-06-04,UAODS,port843,Odessa,0,0,0,0,0,0
2026-06-04,USLGB,port664,Los Angeles-Long Beach,4,8,220631,247955,0,40498
2026-06-04,USNYC,port815,New York-New Jersey,5,9,73920,107224,35086,38951
2026-06-05,AEJEA,port744,Jebel Ali,0,1,0,10003,0,4213
2026-06-05,BRSSZ,port1160,Santos,11,21,231462,296556,78625,413137
2026-06-05,CNSHA,port1188,Shanghai,29,80,248485,417071,318063,709456
2026-06-05,CNSZX,port1414,Yantian,8,8,8757,8757,67038,67038
2026-06-05,DEHAM,port446,Hamburg,10,17,309378,356424,222087,228746
2026-06-05,EGALY,port23,Alexandria,4,9,60114,88665,0,4098
2026-06-05,GBFXT,port343,Felixstowe,2,2,51456,51456,0,0
2026-06-05,INNSA,port776,Mumbai-Jawaharlal Nehru (Nhava Sheva),8,25,99587,382688,181707,192132
2026-06-05,KRPUS,port1065,Busan,33,53,170756,204502,146462,158423
2026-06-05,NLRTM,port1114,Rotterdam,20,84,166862,522745,121796,209335
2026-06-05,PLGDN,port380,Gdansk,2,11,126980,292496,0,35068
2026-06-05,SGSIN,port1201,Singapore,37,123,988534,1599336,561968,912353
2026-06-05,TRMER,port735,Mersin,3,7,23951,39140,13650,14593
2026-06-05,UAODS,port843,Odessa,0,0,0,0,0,0
2026-06-05,USLGB,port664,Los Angeles-Long Beach,6,11,464110,485730,212186,288040
2026-06-05,USNYC,port815,New York-New Jersey,3,7,58394,76489,8405,8405
2026-06-06,AEJEA,port744,Jebel Ali,0,0,0,0,0,0
2026-06-06,BRSSZ,port1160,Santos,5,13,95996,95996,3582,287131
2026-06-06,CNSHA,port1188,Shanghai,27,89,351112,764662,229440,420246
2026-06-06,CNSZX,port1414,Yantian,11,14,6660,9434,106334,107238
2026-06-06,DEHAM,port446,Hamburg,10,15,81944,82436,85407,101221
2026-06-06,EGALY,port23,Alexandria,2,6,3536,31187,8716,18877
2026-06-06,GBFXT,port343,Felixstowe,2,2,13838,13838,63600,63600
2026-06-06,INNSA,port776,Mumbai-Jawaharlal Nehru (Nhava Sheva),8,20,192543,354887,126561,140136
2026-06-06,KRPUS,port1065,Busan,32,45,111484,126675,152611,184686
2026-06-06,NLRTM,port1114,Rotterdam,18,76,96121,403923,65961,180192
2026-06-06,PLGDN,port380,Gdansk,3,6,196085,285663,0,2215
2026-06-06,SGSIN,port1201,Singapore,37,130,481511,902886,748169,1159062
2026-06-06,TRMER,port735,Mersin,4,11,3760,14399,20184,25854
2026-06-06,UAODS,port843,Odessa,0,0,0,0,0,0
2026-06-06,USLGB,port664,Los Angeles-Long Beach,2,6,91005,136019,0,0
2026-06-06,USNYC,port815,New York-New Jersey,9,17,242043,516910,211179,213597
2026-06-07,AEJEA,port744,Jebel Ali,0,3,0,0,0,27159
2026-06-07,BRSSZ,port1160,Santos,6,19,25001,65066,99495,580148
2026-06-07,CNSHA,port1188,Shanghai,30,95,143783,528535,456289,560623
2026-06-07,CNSZX,port1414,Yantian,15,15,17121,17121,174963,174963
2026-06-07,DEHAM,port446,Hamburg,6,11,24929,24929,72737,84182
2026-06-07,EGALY,port23,Alexandria,5,9,18288,43405,28504,28884
2026-06-07,GBFXT,port343,Felixstowe,2,2,24349,24349,52539,52539
2026-06-07,INNSA,port776,Mumbai-Jawaharlal Nehru (Nhava Sheva),6,21,72253,154053,229698,232166
2026-06-07,KRPUS,port1065,Busan,31,50,170348,214014,129440,139233
2026-06-07,NLRTM,port1114,Rotterdam,14,79,253540,695817,49519,169392
2026-06-07,PLGDN,port380,Gdansk,5,11,50500,103367,122003,136575
2026-06-07,SGSIN,port1201,Singapore,38,118,726714,1073057,776365,1179967
2026-06-07,TRMER,port735,Mersin,5,9,152134,160051,21736,27505
2026-06-07,UAODS,port843,Odessa,0,0,0,0,0,0
2026-06-07,USLGB,port664,Los Angeles-Long Beach,8,14,500552,600974,33472,59247
2026-06-07,USNYC,port815,New York-New Jersey,5,7,129948,129948,8405,8405
2026-06-08,AEJEA,port744,Jebel Ali,0,0,0,0,0,0
2026-06-08,BRSSZ,port1160,Santos,8,19,53402,164780,240275,513278
2026-06-08,CNSHA,port1188,Shanghai,38,91,642983,939059,374997,767105
2026-06-08,CNSZX,port1414,Yantian,12,14,4219,5124,144983,145887
2026-06-08,DEHAM,port446,Hamburg,10,16,155607,287615,157318,160089
2026-06-08,EGALY,port23,Alexandria,4,12,88421,170220,13258,49919
2026-06-08,GBFXT,port343,Felixstowe,2,5,15635,15635,0,1161
2026-06-08,INNSA,port776,Mumbai-Jawaharlal Nehru (Nhava Sheva),7,31,53687,297040,58718,81342
2026-06-08,KRPUS,port1065,Busan,32,49,212060,248269,233394,250283
2026-06-08,NLRTM,port1114,Rotterdam,18,76,354961,824648,165052,302255
2026-06-08,PLGDN,port380,Gdansk,2,16,74289,342445,0,24245
2026-06-08,SGSIN,port1201,Singapore,42,135,895098,1495071,571544,788136
2026-06-08,TRMER,port735,Mersin,2,9,88242,91569,0,6292
2026-06-08,UAODS,port843,Odessa,0,0,0,0,0,0
2026-06-08,USLGB,port664,Los Angeles-Long Beach,1,8,87152,302191,0,7391
2026-06-08,USNYC,port815,New York-New Jersey,3,6,67908,111181,64709,64709
2026-06-09,AEJEA,port744,Jebel Ali,0,3,0,68439,0,1007
2026-06-09,BRSSZ,port1160,Santos,6,12,75957,173964,12417,191653
2026-06-09,CNSHA,port1188,Shanghai,40,91,364729,729550,504407,790812
2026-06-09,CNSZX,port1414,Yantian,8,10,1900,1900,94009,94009
2026-06-09,DEHAM,port446,Hamburg,15,27,222098,341946,114620,167217
2026-06-09,EGALY,port23,Alexandria,2,8,0,73818,58260,88062
2026-06-09,GBFXT,port343,Felixstowe,4,6,54777,57024,28262,28262
2026-06-09,INNSA,port776,Mumbai-Jawaharlal Nehru (Nhava Sheva),12,26,168944,324204,236432,238730
2026-06-09,KRPUS,port1065,Busan,32,55,275125,317290,142048,157831
2026-06-09,NLRTM,port1114,Rotterdam,14,76,94092,547613,43834,104935
2026-06-09,PLGDN,port380,Gdansk,2,8,79433,163452,0,7978
2026-06-09,SGSIN,port1201,Singapore,40,122,1022307,1497255,653240,911496
2026-06-09,TRMER,port735,Mersin,3,8,41984,94190,0,2090
2026-06-09,UAODS,port843,Odessa,0,0,0,0,0,0
2026-06-09,USLGB,port664,Los Angeles-Long Beach,5,10,320630,389871,74198,117466
2026-06-09,USNYC,port815,New York-New Jersey,9,13,179364,227418,29917,30177
2026-06-10,AEJEA,port744,Jebel Ali,1,3,0,1116,16452,17633
2026-06-10,BRSSZ,port1160,Santos,9,18,53641,60446,112797,370022
2026-06-10,CNSHA,port1188,Shanghai,37,98,204274,689676,304552,443253
2026-06-10,CNSZX,port1414,Yantian,10,11,75190,77399,59019,59019
2026-06-10,DEHAM,port446,Hamburg,12,21,135785,226835,82286,92522
2026-06-10,EGALY,port23,Alexandria,1,7,0,53070,6930,11812
2026-06-10,GBFXT,port343,Felixstowe,2,2,59019,59019,0,0
2026-06-10,INNSA,port776,Mumbai-Jawaharlal Nehru (Nhava Sheva),6,13,27271,84675,155802,158768
2026-06-10,KRPUS,port1065,Busan,29,57,81827,125251,194942,205123
2026-06-10,NLRTM,port1114,Rotterdam,15,93,31412,943898,81781,290313
2026-06-10,PLGDN,port380,Gdansk,3,12,6686,319553,251104,257275
2026-06-10,SGSIN,port1201,Singapore,31,112,327336,810939,893765,1306296
2026-06-10,TRMER,port735,Mersin,1,4,66513,68068,0,400
2026-06-10,UAODS,port843,Odessa,0,0,0,0,0,0
2026-06-10,USLGB,port664,Los Angeles-Long Beach,10,13,586046,586046,90466,142223
2026-06-10,USNYC,port815,New York-New Jersey,7,9,230287,321057,19266,19266
2026-06-11,AEJEA,port744,Jebel Ali,0,3,0,89981,0,7337
2026-06-11,BRSSZ,port1160,Santos,7,18,64226,149263,74883,298641
2026-06-11,CNSHA,port1188,Shanghai,39,105,584505,849574,432189,699810
2026-06-11,CNSZX,port1414,Yantian,11,13,3109,4014,103302,104206
2026-06-11,DEHAM,port446,Hamburg,8,16,195083,212301,70487,87013
2026-06-11,EGALY,port23,Alexandria,4,11,0,7870,84205,86112
2026-06-11,GBFXT,port343,Felixstowe,4,5,64068,64068,0,1734
2026-06-11,INNSA,port776,Mumbai-Jawaharlal Nehru (Nhava Sheva),9,31,132336,382107,140435,181249
2026-06-11,KRPUS,port1065,Busan,36,58,199987,236509,301208,327373
2026-06-11,NLRTM,port1114,Rotterdam,27,97,99799,656484,296493,412957
2026-06-11,PLGDN,port380,Gdansk,1,6,53164,70505,0,2124
2026-06-11,SGSIN,port1201,Singapore,34,114,311530,652239,673148,1022690
2026-06-11,TRMER,port735,Mersin,3,9,40625,76904,10090,12483
2026-06-11,UAODS,port843,Odessa,0,0,0,0,0,0
2026-06-11,USLGB,port664,Los Angeles-Long Beach,6,9,347815,637044,458141,469630
2026-06-11,USNYC,port815,New York-New Jersey,7,15,205201,363428,2111,36864
2026-06-12,AEJEA,port744,Jebel Ali,1,4,0,53603,14085,18298
2026-06-12,BRSSZ,port1160,Santos,4,15,44345,67212,11842,345814
2026-06-12,CNSHA,port1188,Shanghai,30,80,241568,659608,299327,561816
2026-06-12,CNSZX,port1414,Yantian,7,7,0,0,125729,125729
2026-06-12,DEHAM,port446,Hamburg,9,11,61643,138240,103283,106054
2026-06-12,EGALY,port23,Alexandria,4,8,12701,15389,19488,21802
2026-06-12,GBFXT,port343,Felixstowe,1,1,5520,5520,0,0
2026-06-12,INNSA,port776,Mumbai-Jawaharlal Nehru (Nhava Sheva),9,23,285303,385440,70416,150836
2026-06-12,KRPUS,port1065,Busan,31,49,153511,177354,104057,113358
2026-06-12,NLRTM,port1114,Rotterdam,15,80,58399,477999,165722,337044
2026-06-12,PLGDN,port380,Gdansk,2,12,28277,145611,31958,68123
2026-06-12,SGSIN,port1201,Singapore,45,128,1174979,1534819,960295,1255139
2026-06-12,TRMER,port735,Mersin,3,7,8292,8292,35123,45153
2026-06-12,UAODS,port843,Odessa,0,0,0,0,0,0
2026-06-12,USLGB,port664,Los Angeles-Long Beach,6,8,457672,493525,27473,27506
2026-06-12,USNYC,port815,New York-New Jersey,5,10,54452,135301,76954,76954
2026-06-13,AEJEA,port744,Jebel Ali,0,0,0,0,0,0
2026-06-13,BRSSZ,port1160,Santos,9,17,143967,206855,110226,250582
2026-06-13,CNSHA,port1188,Shanghai,38,101,628017,939975,413909,536558
2026-06-13,CNSZX,port1414,Yantian,9,10,4109,8920,127977,127977
2026-06-13,DEHAM,port446,Hamburg,6,14,203224,252316,87039,93973
2026-06-13,EGALY,port23,Alexandria,4,9,27943,58648,17397,19021
2026-06-13,GBFXT,port343,Felixstowe,2,2,27839,27839,4429,4429
2026-06-13,INNSA,port776,Mumbai-Jawaharlal Nehru (Nhava Sheva),10,22,253452,454297,228618,247321
2026-06-13,KRPUS,port1065,Busan,31,44,151794,174423,112394,119754
2026-06-13,NLRTM,port1114,Rotterdam,17,87,138285,836570,172746,309573
2026-06-13,PLGDN,port380,Gdansk,1,3,0,625,10032,10440
2026-06-13,SGSIN,port1201,Singapore,34,121,323900,927801,770898,1055766
2026-06-13,TRMER,port735,Mersin,6,11,10988,31109,36643,88194
2026-06-13,UAODS,port843,Odessa,0,0,0,0,0,0
2026-06-13,USLGB,port664,Los Angeles-Long Beach,4,6,293334,362273,0,0
2026-06-13,USNYC,port815,New York-New Jersey,2,7,55852,174909,60301,60301
2026-06-14,AEJEA,port744,Jebel Ali,0,3,0,29240,0,2627
2026-06-14,BRSSZ,port1160,Santos,5,18,30801,166220,122640,407174
2026-06-14,CNSHA,port1188,Shanghai,31,77,353940,519800,276084,783932
2026-06-14,CNSZX,port1414,Yantian,9,9,11395,11395,112710,112710
2026-06-14,DEHAM,port446,Hamburg,9,12,148419,148648,12243,18369
2026-06-14,EGALY,port23,Alexandria,3,11,2777,40362,40187,121674
2026-06-14,GBFXT,port343,Felixstowe,3,3,14057,14057,94446,94446
2026-06-14,INNSA,port776,Mumbai-Jawaharlal Nehru (Nhava Sheva),3,17,23098,112148,64142,117475
2026-06-14,KRPUS,port1065,Busan,33,55,412155,439184,250998,260712
2026-06-14,NLRTM,port1114,Rotterdam,20,87,103259,492258,139307,345792
2026-06-14,PLGDN,port380,Gdansk,4,7,69028,71519,31958,34617
2026-06-14,SGSIN,port1201,Singapore,35,121,535279,969045,568543,934025
2026-06-14,TRMER,port735,Mersin,1,4,5712,23928,0,2161
2026-06-14,UAODS,port843,Odessa,0,0,0,0,0,0
2026-06-14,USLGB,port664,Los Angeles-Long Beach,6,9,528195,721362,32781,35812
2026-06-14,USNYC,port815,New York-New Jersey,7,10,150312,230793,23547,23547
2026-06-15,AEJEA,port744,Jebel Ali,0,0,0,0,0,0
2026-06-15,BRSSZ,port1160,Santos,6,13,102975,152081,40039,230155
2026-06-15,CNSHA,port1188,Shanghai,36,113,414367,730000,376455,597337
2026-06-15,CNSZX,port1414,Yantian,10,12,49846,49846,113421,113421
2026-06-15,DEHAM,port446,Hamburg,10,15,230975,275665,147904,151545
2026-06-15,EGALY,port23,Alexandria,4,11,27601,86508,34731,43364
2026-06-15,GBFXT,port343,Felixstowe,3,5,39159,39159,164643,166332
2026-06-15,INNSA,port776,Mumbai-Jawaharlal Nehru (Nhava Sheva),8,26,311464,371156,60734,84367
2026-06-15,KRPUS,port1065,Busan,35,56,205632,241993,198327,209032
2026-06-15,NLRTM,port1114,Rotterdam,13,85,313065,728910,23042,219103
2026-06-15,PLGDN,port380,Gdansk,3,11,78807,177456,169267,179573
2026-06-15,SGSIN,port1201,Singapore,43,122,1354157,1624152,576812,819102
2026-06-15,TRMER,port735,Mersin,3,7,53988,56520,45997,45997
2026-06-15,UAODS,port843,Odessa,0,0,0,0,0,0
2026-06-15,USLGB,port664,Los Angeles-Long Beach,3,13,239770,366742,0,138501
2026-06-15,USNYC,port815,New York-New Jersey,7,15,171022,386660,13748,14973
2026-06-16,AEJEA,port744,Jebel Ali,0,6,0,18470,0,25780
2026-06-16,BRSSZ,port1160,Santos,8,17,34912,103588,133307,218828
2026-06-16,CNSHA,port1188,Shanghai,32,91,348547,641430,355806,498394
2026-06-16,CNSZX,port1414,Yantian,7,7,24634,24634,29230,29230
2026-06-16,DEHAM,port446,Hamburg,16,28,62755,73874,192328,201146
2026-06-16,EGALY,port23,Alexandria,1,5,109329,135483,0,1174
2026-06-16,GBFXT,port343,Felixstowe,3,5,2223,2695,131136,131194
2026-06-16,INNSA,port776,Mumbai-Jawaharlal Nehru (Nhava Sheva),8,26,141969,441178,18906,37448
2026-06-16,KRPUS,port1065,Busan,35,52,137477,172189,239258,246935
2026-06-16,NLRTM,port1114,Rotterdam,20,89,366032,1090563,80826,281307
2026-06-16,PLGDN,port380,Gdansk,3,13,135527,284469,94320,119856
2026-06-16,SGSIN,port1201,Singapore,39,115,812096,1143699,726464,968829
2026-06-16,TRMER,port735,Mersin,1,6,0,5284,0,7559
2026-06-16,UAODS,port843,Odessa,0,0,0,0,0,0
2026-06-16,USLGB,port664,Los Angeles-Long Beach,5,11,398882,474103,0,7200
2026-06-16,USNYC,port815,New York-New Jersey,7,10,148720,152577,44349,45275
2026-06-17,AEJEA,port744,Jebel Ali,1,7,2917,44920,0,9288
2026-06-17,BRSSZ,port1160,Santos,7,19,42153,95428,55931,385126
2026-06-17,CNSHA,port1188,Shanghai,34,92,126724,476510,567063,773363
2026-06-17,CNSZX,port1414,Yantian,13,15,10824,11729,131190,132094
2026-06-17,DEHAM,port446,Hamburg,11,22,127520,324762,158445,174912
2026-06-17,EGALY,port23,Alexandria,3,9,14612,44654,49941,51874
2026-06-17,GBFXT,port343,Felixstowe,3,4,8849,13619,66599,66599
2026-06-17,INNSA,port776,Mumbai-Jawaharlal Nehru (Nhava Sheva),8,26,98695,112519,49438,85792
2026-06-17,KRPUS,port1065,Busan,31,48,123126,155756,286534,294495
2026-06-17,NLRTM,port1114,Rotterdam,18,86,138271,612964,149075,286237
2026-06-17,PLGDN,port380,Gdansk,4,12,53842,179918,22565,26333
2026-06-17,SGSIN,port1201,Singapore,37,129,522444,1338519,938437,1282783
2026-06-17,TRMER,port735,Mersin,5,10,47362,48840,9270,10011
2026-06-17,UAODS,port843,Odessa,0,0,0,0,0,0
2026-06-17,USLGB,port664,Los Angeles-Long Beach,7,12,418714,460836,164665,165991
2026-06-17,USNYC,port815,New York-New Jersey,7,11,137735,165129,30752,31740
2026-06-18,AEJEA,port744,Jebel Ali,1,4,0,50942,14100,14957
2026-06-18,BRSSZ,port1160,Santos,6,16,70730,98842,38568,324123
2026-06-18,CNSHA,port1188,Shanghai,36,98,350236,645903,456565,636808
2026-06-18,CNSZX,port1414,Yantian,7,10,7276,7276,85812,86317
2026-06-18,DEHAM,port446,Hamburg,7,18,18993,46132,374964,383987
2026-06-18,EGALY,port23,Alexandria,4,7,18069,73630,175096,175096
2026-06-18,GBFXT,port343,Felixstowe,2,3,61733,64993,0,0
2026-06-18,INNSA,port776,Mumbai-Jawaharlal Nehru (Nhava Sheva),8,24,32763,213062,108225,129087
2026-06-18,KRPUS,port1065,Busan,21,38,121048,137113,106698,116286
2026-06-18,NLRTM,port1114,Rotterdam,19,84,13095,500582,212123,371249
2026-06-18,PLGDN,port380,Gdansk,2,8,98777,223530,0,8055
2026-06-18,SGSIN,port1201,Singapore,41,139,652946,967418,666681,1022307
2026-06-18,TRMER,port735,Mersin,4,10,8292,16776,31761,38940
2026-06-18,UAODS,port843,Odessa,0,0,0,0,0,0
2026-06-18,USLGB,port664,Los Angeles-Long Beach,5,7,303328,443437,230291,230291
2026-06-18,USNYC,port815,New York-New Jersey,5,9,38613,270899,83102,83102
2026-06-19,AEJEA,port744,Jebel Ali,2,6,147041,176061,18016,23510
2026-06-19,BRSSZ,port1160,Santos,4,12,66197,99572,12589,272828
2026-06-19,CNSHA,port1188,Shanghai,36,84,235696,486972,365815,603463
2026-06-19,CNSZX,port1414,Yantian,10,13,46081,46985,52278,55757
2026-06-19,DEHAM,port446,Hamburg,9,17,96276,170968,71682,78176
2026-06-19,EGALY,port23,Alexandria,3,11,21493,155574,58525,60487
2026-06-19,GBFXT,port343,Felixstowe,1,3,37313,40600,0,1003
2026-06-19,INNSA,port776,Mumbai-Jawaharlal Nehru (Nhava Sheva),7,22,39301,135105,110572,177177
2026-06-19,KRPUS,port1065,Busan,26,37,143378,158308,197216,203800
2026-06-19,NLRTM,port1114,Rotterdam,16,79,49177,436787,181045,280478
2026-06-19,PLGDN,port380,Gdansk,2,5,169726,171178,0,0
2026-06-19,SGSIN,port1201,Singapore,38,124,703185,1467869,1030281,1482505
2026-06-19,TRMER,port735,Mersin,4,11,19756,37902,49063,51259
2026-06-19,UAODS,port843,Odessa,0,0,0,0,0,0
2026-06-19,USLGB,port664,Los Angeles-Long Beach,5,10,268159,333659,27473,87892
2026-06-19,USNYC,port815,New York-New Jersey,9,14,335761,439105,0,55840
2026-06-20,AEJEA,port744,Jebel Ali,5,7,77525,79294,22233,22643
2026-06-20,BRSSZ,port1160,Santos,7,22,110699,240844,56474,559583
2026-06-20,CNSHA,port1188,Shanghai,33,94,775599,993879,358682,610218
2026-06-20,CNSZX,port1414,Yantian,9,9,25575,25575,42653,42653
2026-06-20,DEHAM,port446,Hamburg,5,11,41971,57467,81112,110218
2026-06-20,EGALY,port23,Alexandria,3,12,5201,75213,12600,24290
2026-06-20,GBFXT,port343,Felixstowe,2,3,14057,17605,41915,41915
2026-06-20,INNSA,port776,Mumbai-Jawaharlal Nehru (Nhava Sheva),8,25,80620,109899,250368,253179
2026-06-20,KRPUS,port1065,Busan,31,47,225047,240610,179561,186711
2026-06-20,NLRTM,port1114,Rotterdam,18,75,143516,602353,53994,165215
2026-06-20,PLGDN,port380,Gdansk,1,6,27462,138901,0,1749
2026-06-20,SGSIN,port1201,Singapore,31,92,269474,603111,615360,876206
2026-06-20,TRMER,port735,Mersin,6,13,52309,125031,81260,84178
2026-06-20,UAODS,port843,Odessa,0,0,0,0,0,0
2026-06-20,USLGB,port664,Los Angeles-Long Beach,5,13,247937,464180,89060,106861
2026-06-20,USNYC,port815,New York-New Jersey,7,9,169002,199319,101088,102703
2026-06-21,AEJEA,port744,Jebel Ali,0,5,0,34721,0,5449
2026-06-21,BRSSZ,port1160,Santos,7,12,19198,31335,201275,315573
2026-06-21,CNSHA,port1188,Shanghai,34,94,97433,330879,412778,803474
2026-06-21,CNSZX,port1414,Yantian,13,14,20457,22327,180183,180183
2026-06-21,DEHAM,port446,Hamburg,10,15,137342,143244,78700,88650
2026-06-21,EGALY,port23,Alexandria,4,8,22246,31000,20635,70512
2026-06-21,GBFXT,port343,Felixstowe,2,2,6675,6675,83462,83462
2026-06-21,INNSA,port776,Mumbai-Jawaharlal Nehru (Nhava Sheva),10,29,304479,446432,96435,134872
2026-06-21,KRPUS,port1065,Busan,39,65,141412,204777,356588,369531
2026-06-21,NLRTM,port1114,Rotterdam,12,62,105123,550784,50468,181461
2026-06-21,PLGDN,port380,Gdansk,3,8,49359,85950,38052,38052
2026-06-21,SGSIN,port1201,Singapore,47,129,736310,991268,906322,1266279
2026-06-21,TRMER,port735,Mersin,1,4,0,8987,5634,6933
2026-06-21,UAODS,port843,Odessa,0,0,0,0,0,0
2026-06-21,USLGB,port664,Los Angeles-Long Beach,6,7,598019,598019,50086,104036
2026-06-21,USNYC,port815,New York-New Jersey,5,9,219615,292001,4278,16545
2026-06-22,AEJEA,port744,Jebel Ali,2,7,0,103367,28209,75000
2026-06-22,BRSSZ,port1160,Santos,3,16,21047,188057,17258,291512
2026-06-22,CNSHA,port1188,Shanghai,37,84,649039,818636,352086,522591
2026-06-22,CNSZX,port1414,Yantian,8,8,2194,2194,74219,74219
2026-06-22,DEHAM,port446,Hamburg,12,22,180940,256530,120368,128995
2026-06-22,EGALY,port23,Alexandria,1,5,2723,23545,0,0
2026-06-22,GBFXT,port343,Felixstowe,3,5,42705,42705,28262,28262
2026-06-22,INNSA,port776,Mumbai-Jawaharlal Nehru (Nhava Sheva),7,27,144358,321109,53898,60069
2026-06-22,KRPUS,port1065,Busan,32,55,109315,163009,117158,127464
2026-06-22,NLRTM,port1114,Rotterdam,19,91,419134,937503,53409,137729
2026-06-22,PLGDN,port380,Gdansk,3,12,99761,349208,60091,90978
2026-06-22,SGSIN,port1201,Singapore,40,152,673298,1361354,811833,1252726
2026-06-22,TRMER,port735,Mersin,4,6,12216,13054,44772,48369
2026-06-22,UAODS,port843,Odessa,0,0,0,0,0,0
2026-06-22,USLGB,port664,Los Angeles-Long Beach,5,9,400479,409439,0,61184
2026-06-22,USNYC,port815,New York-New Jersey,4,9,136504,271769,8405,10020
2026-06-23,AEJEA,port744,Jebel Ali,3,10,47207,90904,91792,101080
2026-06-23,BRSSZ,port1160,Santos,8,21,33014,86700,123741,531043
2026-06-23,CNSHA,port1188,Shanghai,39,92,290183,503409,353928,703374
2026-06-23,CNSZX,port1414,Yantian,11,13,12010,15628,126914,127093
2026-06-23,DEHAM,port446,Hamburg,10,17,231712,245819,110569,167810
2026-06-23,EGALY,port23,Alexandria,2,12,157137,228043,0,24249
2026-06-23,GBFXT,port343,Felixstowe,3,6,119442,121255,0,0
2026-06-23,INNSA,port776,Mumbai-Jawaharlal Nehru (Nhava Sheva),8,21,47273,257813,82957,122025
2026-06-23,KRPUS,port1065,Busan,34,55,168265,201608,132953,146489
2026-06-23,NLRTM,port1114,Rotterdam,19,75,318518,641715,61715,182578
2026-06-23,PLGDN,port380,Gdansk,1,8,4263,34351,13803,15772
2026-06-23,SGSIN,port1201,Singapore,42,120,1164454,1802923,727720,1055813
2026-06-23,TRMER,port735,Mersin,2,10,571,68957,0,5545
2026-06-23,UAODS,port843,Odessa,0,0,0,0,0,0
2026-06-23,USLGB,port664,Los Angeles-Long Beach,5,12,360804,417086,0,2826
2026-06-23,USNYC,port815,New York-New Jersey,5,9,77528,114856,109944,111612
2026-06-24,AEJEA,port744,Jebel Ali,2,6,0,929,168368,186573
2026-06-24,BRSSZ,port1160,Santos,6,9,51713,109099,47223,47223
2026-06-24,CNSHA,port1188,Shanghai,30,92,167027,673137,552319,777290
2026-06-24,CNSZX,port1414,Yantian,11,15,17289,20835,69201,71000
2026-06-24,DEHAM,port446,Hamburg,11,23,54778,145290,234654,250653
2026-06-24,EGALY,port23,Alexandria,3,6,52836,84346,3483,3483
2026-06-24,GBFXT,port343,Felixstowe,3,3,53956,53956,0,0
2026-06-24,INNSA,port776,Mumbai-Jawaharlal Nehru (Nhava Sheva),9,24,200167,273172,119517,133925
2026-06-24,KRPUS,port1065,Busan,28,54,206460,267420,303835,319152
2026-06-24,NLRTM,port1114,Rotterdam,24,84,127493,597987,208840,386394
2026-06-24,PLGDN,port380,Gdansk,3,12,5678,13115,179462,187966
2026-06-24,SGSIN,port1201,Singapore,37,128,810021,1267446,653054,992662
2026-06-24,TRMER,port735,Mersin,4,7,46239,46640,22428,22428
2026-06-24,UAODS,port843,Odessa,0,0,0,0,0,0
2026-06-24,USLGB,port664,Los Angeles-Long Beach,11,16,687194,854519,207759,225961
2026-06-24,USNYC,port815,New York-New Jersey,7,11,170733,215083,20288,52093
2026-06-25,AEJEA,port744,Jebel Ali,3,6,160289,161216,20490,31388
2026-06-25,BRSSZ,port1160,Santos,6,16,110068,152867,65612,247784
2026-06-25,CNSHA,port1188,Shanghai,33,88,598236,851847,294019,579869
2026-06-25,CNSZX,port1414,Yantian,9,9,0,0,122991,122991
2026-06-25,DEHAM,port446,Hamburg,5,15,172675,230143,8455,15344
2026-06-25,EGALY,port23,Alexandria,4,12,20703,66766,88450,101079
2026-06-25,GBFXT,port343,Felixstowe,2,3,72475,75762,0,0
2026-06-25,INNSA,port776,Mumbai-Jawaharlal Nehru (Nhava Sheva),6,22,28750,231898,263945,330891
2026-06-25,KRPUS,port1065,Busan,29,52,196510,225379,218230,235939
2026-06-25,NLRTM,port1114,Rotterdam,17,78,59565,288518,79672,212660
2026-06-25,PLGDN,port380,Gdansk,3,6,236383,291661,0,6067
2026-06-25,SGSIN,port1201,Singapore,50,140,707033,1231188,989487,1290345
2026-06-25,TRMER,port735,Mersin,4,9,5565,40067,83797,125613
2026-06-25,UAODS,port843,Odessa,0,0,0,0,0,0
2026-06-25,USLGB,port664,Los Angeles-Long Beach,3,6,120256,141576,193686,193686
2026-06-25,USNYC,port815,New York-New Jersey,7,12,188521,318500,10520,12263
2026-06-26,AEJEA,port744,Jebel Ali,3,4,0,0,113452,116874
2026-06-26,BRSSZ,port1160,Santos,4,11,76100,76100,44262,244592
2026-06-26,CNSHA,port1188,Shanghai,34,100,411348,833779,400853,982511
2026-06-26,CNSZX,port1414,Yantian,8,9,13322,14226,152103,153007
2026-06-26,DEHAM,port446,Hamburg,11,20,41970,45634,180606,196651
2026-06-26,EGALY,port23,Alexandria,4,8,15145,60155,120772,145200
2026-06-26,GBFXT,port343,Felixstowe,4,4,67740,67740,28262,28262
2026-06-26,INNSA,port776,Mumbai-Jawaharlal Nehru (Nhava Sheva),8,24,60327,129277,202658,214198
2026-06-26,KRPUS,port1065,Busan,34,43,183400,207007,153150,155287
2026-06-26,NLRTM,port1114,Rotterdam,20,72,65889,919624,292889,539505
2026-06-26,PLGDN,port380,Gdansk,2,11,79500,328353,0,36776
2026-06-26,SGSIN,port1201,Singapore,38,106,1073290,1437444,845378,1123946
2026-06-26,TRMER,port735,Mersin,5,8,46146,48336,91411,92177
2026-06-26,UAODS,port843,Odessa,0,0,0,0,0,0
2026-06-26,USLGB,port664,Los Angeles-Long Beach,6,9,250453,288336,344620,344653
2026-06-26,USNYC,port815,New York-New Jersey,6,11,177847,238513,11882,15456
2026-06-27,AEJEA,port744,Jebel Ali,3,7,130906,184810,0,1180
2026-06-27,BRSSZ,port1160,Santos,8,18,58856,89288,51912,330712
2026-06-27,CNSHA,port1188,Shanghai,36,98,637825,1226204,419322,678102
2026-06-27,CNSZX,port1414,Yantian,12,13,25540,25540,113910,113910
2026-06-27,DEHAM,port446,Hamburg,6,11,39378,60411,193372,198422
2026-06-27,EGALY,port23,Alexandria,3,9,18342,52735,13258,72366
2026-06-27,GBFXT,port343,Felixstowe,2,2,114283,114283,0,0
2026-06-27,INNSA,port776,Mumbai-Jawaharlal Nehru (Nhava Sheva),8,27,291382,458880,141558,152394
2026-06-27,KRPUS,port1065,Busan,31,54,187305,227285,161510,170973
2026-06-27,NLRTM,port1114,Rotterdam,19,82,250522,783110,62078,217609
2026-06-27,PLGDN,port380,Gdansk,3,8,39989,136335,37522,40164
2026-06-27,SGSIN,port1201,Singapore,39,117,1057352,1637891,624780,923398
2026-06-27,TRMER,port735,Mersin,3,7,23853,32372,0,0
2026-06-27,UAODS,port843,Odessa,0,0,0,0,0,0
2026-06-27,USLGB,port664,Los Angeles-Long Beach,3,7,295741,407664,25657,58197
2026-06-27,USNYC,port815,New York-New Jersey,4,11,119891,267519,83608,83608
2026-06-28,AEJEA,port744,Jebel Ali,1,4,0,0,0,34428
2026-06-28,BRSSZ,port1160,Santos,8,21,20351,115268,96032,344477
2026-06-28,CNSHA,port1188,Shanghai,33,96,241666,594069,332219,440631
2026-06-28,CNSZX,port1414,Yantian,13,16,11096,16404,112374,113299
2026-06-28,DEHAM,port446,Hamburg,7,16,25558,48475,138993,152473
2026-06-28,EGALY,port23,Alexandria,4,7,47137,50053,202199,204753
2026-06-28,GBFXT,port343,Felixstowe,2,2,8817,8817,116221,116221
2026-06-28,INNSA,port776,Mumbai-Jawaharlal Nehru (Nhava Sheva),4,14,90404,161923,57169,83865
2026-06-28,KRPUS,port1065,Busan,27,59,158796,224301,100371,122475
2026-06-28,NLRTM,port1114,Rotterdam,10,67,50671,571688,90293,218343
2026-06-28,PLGDN,port380,Gdansk,3,9,42919,76765,109765,111458
2026-06-28,SGSIN,port1201,Singapore,36,122,404401,685351,1106404,1391394
2026-06-28,TRMER,port735,Mersin,4,8,19566,21795,67158,69221
2026-06-28,UAODS,port843,Odessa,0,0,0,0,0,0
2026-06-28,USLGB,port664,Los Angeles-Long Beach,8,12,734059,971476,151743,151743
2026-06-28,USNYC,port815,New York-New Jersey,8,9,174413,210592,129440,129440
2026-06-29,AEJEA,port744,Jebel Ali,1,2,0,0,16398,42697
2026-06-29,BRSSZ,port1160,Santos,4,19,14904,136202,69161,620567
2026-06-29,CNSHA,port1188,Shanghai,32,100,593002,933170,241004,474560
2026-06-29,CNSZX,port1414,Yantian,11,13,23414,25238,121189,122084
2026-06-29,DEHAM,port446,Hamburg,11,16,70170,77743,163359,174929
2026-06-29,EGALY,port23,Alexandria,2,6,34422,47515,16399,19819
2026-06-29,GBFXT,port343,Felixstowe,4,7,32229,32229,102610,102610
2026-06-29,INNSA,port776,Mumbai-Jawaharlal Nehru (Nhava Sheva),9,29,168255,264582,90362,95152
2026-06-29,KRPUS,port1065,Busan,28,46,151820,173061,169136,180029
2026-06-29,NLRTM,port1114,Rotterdam,17,80,253342,728454,153786,234340
2026-06-29,PLGDN,port380,Gdansk,3,10,70711,200042,112451,115543
2026-06-29,SGSIN,port1201,Singapore,37,138,318429,683541,659820,1298838
2026-06-29,TRMER,port735,Mersin,1,3,0,1971,10334,15994
2026-06-29,UAODS,port843,Odessa,0,0,0,0,0,0
2026-06-29,USLGB,port664,Los Angeles-Long Beach,2,9,73429,145551,0,3740
2026-06-29,USNYC,port815,New York-New Jersey,5,8,157928,157928,37723,38742
2026-06-30,AEJEA,port744,Jebel Ali,3,4,20397,21097,114250,114250
2026-06-30,BRSSZ,port1160,Santos,8,16,95138,95138,83147,339609
2026-06-30,CNSHA,port1188,Shanghai,34,90,925805,1313029,342669,601570
2026-06-30,CNSZX,port1414,Yantian,9,10,3261,3261,56181,56181
2026-06-30,DEHAM,port446,Hamburg,9,16,345112,411566,96947,104229
2026-06-30,EGALY,port23,Alexandria,3,7,122066,150484,7183,16056
2026-06-30,GBFXT,port343,Felixstowe,3,6,21661,22133,1817,1888
2026-06-30,INNSA,port776,Mumbai-Jawaharlal Nehru (Nhava Sheva),7,17,151369,167113,47756,90407
2026-06-30,KRPUS,port1065,Busan,34,71,166168,218791,179156,202956
2026-06-30,NLRTM,port1114,Rotterdam,18,96,160838,650979,42727,195588
2026-06-30,PLGDN,port380,Gdansk,3,13,86272,225376,0,7171
2026-06-30,SGSIN,port1201,Singapore,34,115,448351,678475,364204,749431
2026-06-30,TRMER,port735,Mersin,3,9,8530,21113,139686,140985
2026-06-30,UAODS,port843,Odessa,0,0,0,0,0,0
2026-06-30,USLGB,port664,Los Angeles-Long Beach,9,12,730707,748898,67592,77585
2026-06-30,USNYC,port815,New York-New Jersey,6,14,196163,348245,22920,23181
2026-07-01,AEJEA,port744,Jebel Ali,3,11,61387,162758,87499,128791
2026-07-01,BRSSZ,port1160,Santos,4,16,72514,107055,0,273770
2026-07-01,CNSHA,port1188,Shanghai,34,76,337293,439928,430668,496293
2026-07-01,CNSZX,port1414,Yantian,7,8,3334,4238,55155,56060
2026-07-01,DEHAM,port446,Hamburg,10,17,129350,135743,125229,155919
2026-07-01,EGALY,port23,Alexandria,3,12,73518,191897,3848,160273
2026-07-01,GBFXT,port343,Felixstowe,1,1,24273,24273,0,0
2026-07-01,INNSA,port776,Mumbai-Jawaharlal Nehru (Nhava Sheva),9,19,250036,345059,55869,86181
2026-07-01,KRPUS,port1065,Busan,27,53,160730,191919,121815,137372
2026-07-01,NLRTM,port1114,Rotterdam,19,85,53880,565925,75255,272285
2026-07-01,PLGDN,port380,Gdansk,5,15,146969,393435,17866,27066
2026-07-01,SGSIN,port1201,Singapore,42,110,560919,964304,1009347,1247695
2026-07-01,TRMER,port735,Mersin,3,8,22290,88340,12348,18083
2026-07-01,UAODS,port843,Odessa,0,0,0,0,0,0
2026-07-01,USLGB,port664,Los Angeles-Long Beach,7,13,621278,754503,0,63184
2026-07-01,USNYC,port815,New York-New Jersey,5,9,216850,335473,12084,13700
2026-07-02,AEJEA,port744,Jebel Ali,2,9,78287,180869,9251,19529
2026-07-02,BRSSZ,port1160,Santos,2,6,59839,104681,0,158793
2026-07-02,CNSHA,port1188,Shanghai,33,98,246420,637465,439929,579176
2026-07-02,CNSZX,port1414,Yantian,9,11,0,0,147370,147370
2026-07-02,DEHAM,port446,Hamburg,13,18,370602,539611,80363,81585
2026-07-02,EGALY,port23,Alexandria,3,9,11961,56792,28685,68129
2026-07-02,GBFXT,port343,Felixstowe,2,2,31068,31068,0,0
2026-07-02,INNSA,port776,Mumbai-Jawaharlal Nehru (Nhava Sheva),6,23,204571,374311,70244,92115
2026-07-02,KRPUS,port1065,Busan,33,49,125020,157453,169924,179129
2026-07-02,NLRTM,port1114,Rotterdam,29,95,419236,788375,129749,244582
2026-07-02,PLGDN,port380,Gdansk,2,9,69830,282266,0,2645
2026-07-02,SGSIN,port1201,Singapore,37,117,353761,615607,995460,1227121
2026-07-02,TRMER,port735,Mersin,6,9,11192,20911,93377,93377
2026-07-02,UAODS,port843,Odessa,0,0,0,0,0,0
2026-07-02,USLGB,port664,Los Angeles-Long Beach,5,11,337661,381373,0,20037
2026-07-02,USNYC,port815,New York-New Jersey,4,9,135719,202806,4830,4830
2026-07-03,AEJEA,port744,Jebel Ali,1,7,41510,165013,0,3687
2026-07-03,BRSSZ,port1160,Santos,8,22,125856,166839,70024,295519
2026-07-03,CNSHA,port1188,Shanghai,33,95,550939,1013238,348772,690293
2026-07-03,CNSZX,port1414,Yantian,9,10,27405,31808,79225,79245
2026-07-03,DEHAM,port446,Hamburg,7,15,25729,59592,133866,141871
2026-07-03,EGALY,port23,Alexandria,4,6,12769,65586,77532,77532
2026-07-03,GBFXT,port343,Felixstowe,2,2,20042,20042,0,0
2026-07-03,INNSA,port776,Mumbai-Jawaharlal Nehru (Nhava Sheva),8,22,37281,250747,183272,201284
2026-07-03,KRPUS,port1065,Busan,31,50,191625,220760,219663,230740
2026-07-03,NLRTM,port1114,Rotterdam,11,86,31667,724523,105518,300938
2026-07-03,PLGDN,port380,Gdansk,3,11,66713,80151,39534,79561
2026-07-03,SGSIN,port1201,Singapore,40,135,904367,1459614,945587,1295542
2026-07-03,TRMER,port735,Mersin,3,7,16629,24945,42786,55377
2026-07-03,UAODS,port843,Odessa,0,0,0,0,0,0
2026-07-03,USLGB,port664,Los Angeles-Long Beach,6,12,233239,525243,712189,717439
2026-07-03,USNYC,port815,New York-New Jersey,8,9,102388,133197,102167,102167
2026-07-04,AEJEA,port744,Jebel Ali,2,11,9579,143187,95241,160149
2026-07-04,BRSSZ,port1160,Santos,4,9,25464,111031,39238,156314
2026-07-04,CNSHA,port1188,Shanghai,32,83,443273,627995,402560,618924
2026-07-04,CNSZX,port1414,Yantian,8,10,9824,10728,117016,117920
2026-07-04,DEHAM,port446,Hamburg,8,14,150064,177934,72236,74520
2026-07-04,EGALY,port23,Alexandria,2,8,0,52329,22021,39124
2026-07-04,GBFXT,port343,Felixstowe,1,1,20950,20950,0,0
2026-07-04,INNSA,port776,Mumbai-Jawaharlal Nehru (Nhava Sheva),8,17,227895,288413,21855,34939
2026-07-04,KRPUS,port1065,Busan,33,51,75265,105255,282639,321126
2026-07-04,NLRTM,port1114,Rotterdam,15,90,76761,801342,331377,542386
2026-07-04,PLGDN,port380,Gdansk,2,9,38698,242988,0,2286
2026-07-04,SGSIN,port1201,Singapore,40,116,1253763,1928130,644094,1162177
2026-07-04,TRMER,port735,Mersin,6,11,11068,44398,63291,67590
2026-07-04,UAODS,port843,Odessa,0,0,0,0,0,0
2026-07-04,USLGB,port664,Los Angeles-Long Beach,5,7,716478,721155,26104,26104
2026-07-04,USNYC,port815,New York-New Jersey,3,8,97578,180700,75807,75807
2026-07-05,AEJEA,port744,Jebel Ali,1,3,0,1116,7948,9128
2026-07-05,BRSSZ,port1160,Santos,8,12,55950,76282,128052,130887
2026-07-05,CNSHA,port1188,Shanghai,33,93,575205,882467,340758,664086
2026-07-05,CNSZX,port1414,Yantian,11,11,31855,31855,94629,94629
2026-07-05,DEHAM,port446,Hamburg,10,17,115741,224541,65239,74940
2026-07-05,EGALY,port23,Alexandria,5,14,21198,166603,40543,52693
2026-07-05,GBFXT,port343,Felixstowe,2,2,75845,75845,0,0
2026-07-05,INNSA,port776,Mumbai-Jawaharlal Nehru (Nhava Sheva),8,17,273369,366017,100768,103143
2026-07-05,KRPUS,port1065,Busan,31,60,267773,307595,244250,307494
2026-07-05,NLRTM,port1114,Rotterdam,24,83,299854,854418,122968,168294
2026-07-05,PLGDN,port380,Gdansk,4,8,18255,139510,115709,115840
2026-07-05,SGSIN,port1201,Singapore,31,107,1197657,1483013,520090,846751
2026-07-05,TRMER,port735,Mersin,4,10,44593,57734,2386,2727
2026-07-05,UAODS,port843,Odessa,0,0,0,0,0,0
2026-07-05,USLGB,port664,Los Angeles-Long Beach,1,3,0,13335,0,2826
2026-07-05,USNYC,port815,New York-New Jersey,5,5,113905,113905,0,0
2026-07-06,AEJEA,port744,Jebel Ali,4,10,61387,175736,50260,53673
2026-07-06,BRSSZ,port1160,Santos,2,9,36155,77060,19099,339731
2026-07-06,CNSHA,port1188,Shanghai,35,95,389457,774683,360533,1001424
2026-07-06,CNSZX,port1414,Yantian,14,16,7024,7928,112009,112913
2026-07-06,DEHAM,port446,Hamburg,11,17,120379,123038,123243,136696
2026-07-06,EGALY,port23,Alexandria,2,9,9121,45285,0,71219
2026-07-06,GBFXT,port343,Felixstowe,4,7,37544,37544,34099,34099
2026-07-06,INNSA,port776,Mumbai-Jawaharlal Nehru (Nhava Sheva),0,9,0,135774,0,52752
2026-07-06,KRPUS,port1065,Busan,27,49,142926,168539,158652,198752
2026-07-06,NLRTM,port1114,Rotterdam,15,72,53130,520536,64811,250475
2026-07-06,PLGDN,port380,Gdansk,2,12,56742,126815,257682,299931
2026-07-06,SGSIN,port1201,Singapore,48,154,584218,1560478,870795,1254378
2026-07-06,TRMER,port735,Mersin,2,6,22047,37574,28625,30867
2026-07-06,UAODS,port843,Odessa,0,0,0,0,0,0
2026-07-06,USLGB,port664,Los Angeles-Long Beach,6,12,507136,584843,26104,27600
2026-07-06,USNYC,port815,New York-New Jersey,5,13,117478,367179,75053,75053
2026-07-07,AEJEA,port744,Jebel Ali,2,6,0,36732,67804,75040
2026-07-07,BRSSZ,port1160,Santos,8,21,62132,104506,175089,621123
2026-07-07,CNSHA,port1188,Shanghai,37,107,457865,867835,445136,656605
2026-07-07,CNSZX,port1414,Yantian,10,10,23815,23815,142866,142866
2026-07-07,DEHAM,port446,Hamburg,11,14,304190,389371,180630,181304
2026-07-07,EGALY,port23,Alexandria,4,7,135183,146623,32619,69808
2026-07-07,GBFXT,port343,Felixstowe,2,4,38515,41669,0,58
2026-07-07,INNSA,port776,Mumbai-Jawaharlal Nehru (Nhava Sheva),9,22,213719,281428,50797,93577
2026-07-07,KRPUS,port1065,Busan,37,66,137201,187916,196696,247116
2026-07-07,NLRTM,port1114,Rotterdam,14,80,4075,862820,89497,197198
2026-07-07,PLGDN,port380,Gdansk,2,6,26394,39631,0,5153
2026-07-07,SGSIN,port1201,Singapore,31,127,812547,1194355,656113,1007729
2026-07-07,TRMER,port735,Mersin,3,7,57120,57969,14836,14836
2026-07-07,UAODS,port843,Odessa,0,0,0,0,0,0
2026-07-07,USLGB,port664,Los Angeles-Long Beach,8,14,574113,689488,0,149346
2026-07-07,USNYC,port815,New York-New Jersey,7,12,213324,250821,0,260
2026-07-08,AEJEA,port744,Jebel Ali,4,8,70822,88476,85149,88910
2026-07-08,BRSSZ,port1160,Santos,6,14,3080,3080,27243,262988
2026-07-08,CNSHA,port1188,Shanghai,33,91,399027,968022,422122,578182
2026-07-08,CNSZX,port1414,Yantian,7,9,2194,3098,81261,86625
2026-07-08,DEHAM,port446,Hamburg,9,16,18566,28413,99714,104104
2026-07-08,EGALY,port23,Alexandria,2,6,48263,53597,2404,3959
2026-07-08,GBFXT,port343,Felixstowe,1,1,1841,1841,0,0
2026-07-08,INNSA,port776,Mumbai-Jawaharlal Nehru (Nhava Sheva),10,20,235983,293856,151951,191147
2026-07-08,KRPUS,port1065,Busan,34,52,250511,297357,92501,99120
2026-07-08,NLRTM,port1114,Rotterdam,16,93,166013,561171,129607,320705
2026-07-08,PLGDN,port380,Gdansk,2,8,64395,343402,0,0
2026-07-08,SGSIN,port1201,Singapore,37,110,1001073,1458038,492741,660963
2026-07-08,TRMER,port735,Mersin,3,7,100089,114403,3983,8717
2026-07-08,UAODS,port843,Odessa,0,0,0,0,0,0
2026-07-08,USLGB,port664,Los Angeles-Long Beach,9,19,514837,552653,197103,263655
2026-07-08,USNYC,port815,New York-New Jersey,6,7,154174,154174,19611,19611
2026-07-09,AEJEA,port744,Jebel Ali,3,7,2791,6641,45565,59432
2026-07-09,BRSSZ,port1160,Santos,9,21,68528,117783,84831,464637
2026-07-09,CNSHA,port1188,Shanghai,32,59,219635,387575,264104,389142
2026-07-09,CNSZX,port1414,Yantian,11,13,22402,22869,140761,140761
2026-07-09,DEHAM,port446,Hamburg,10,19,209405,367497,262324,267235
2026-07-09,EGALY,port23,Alexandria,5,13,136183,172934,24814,57174
2026-07-09,GBFXT,port343,Felixstowe,3,3,54086,54086,0,0
2026-07-09,INNSA,port776,Mumbai-Jawaharlal Nehru (Nhava Sheva),8,16,216490,243075,50118,50933
2026-07-09,KRPUS,port1065,Busan,28,45,160261,186172,142004,149932
2026-07-09,NLRTM,port1114,Rotterdam,18,73,95384,648591,88368,145670
2026-07-09,PLGDN,port380,Gdansk,3,12,156459,169868,0,18115
2026-07-09,SGSIN,port1201,Singapore,36,141,523131,1244426,1286053,1848766
2026-07-09,TRMER,port735,Mersin,5,9,55574,57357,22900,24663
2026-07-09,UAODS,port843,Odessa,0,0,0,0,0,0
2026-07-09,USLGB,port664,Los Angeles-Long Beach,8,16,607432,727753,0,53935
2026-07-09,USNYC,port815,New York-New Jersey,6,11,89017,290993,57080,58898
2026-07-10,AEJEA,port744,Jebel Ali,4,9,184161,236117,78472,82044
2026-07-10,BRSSZ,port1160,Santos,7,20,143307,182845,54143,324027
2026-07-10,CNSHA,port1188,Shanghai,6,7,168576,168767,34160,34160
2026-07-10,CNSZX,port1414,Yantian,6,7,44094,44094,83001,83001
2026-07-10,DEHAM,port446,Hamburg,13,14,140125,140125,114072,115095
2026-07-10,EGALY,port23,Alexandria,2,7,19208,170706,0,4316
2026-07-10,GBFXT,port343,Felixstowe,3,4,62781,62781,0,1626
2026-07-10,INNSA,port776,Mumbai-Jawaharlal Nehru (Nhava Sheva),7,27,30628,248628,131409,165875
2026-07-10,KRPUS,port1065,Busan,36,53,193860,212610,241029,250294
2026-07-10,NLRTM,port1114,Rotterdam,16,86,73042,617141,83568,202638
2026-07-10,PLGDN,port380,Gdansk,3,8,13437,201683,0,98
2026-07-10,SGSIN,port1201,Singapore,39,108,686661,1233873,1160243,1393941
2026-07-10,TRMER,port735,Mersin,4,10,16629,30995,79038,84906
2026-07-10,UAODS,port843,Odessa,0,0,0,0,0,0
2026-07-10,USLGB,port664,Los Angeles-Long Beach,3,6,89347,143205,26104,48003
2026-07-10,USNYC,port815,New York-New Jersey,4,7,118444,122232,28151,28151
2026-07-11,AEJEA,port744,Jebel Ali,2,4,0,0,61182,65768
2026-07-11,BRSSZ,port1160,Santos,7,24,106899,136276,18949,490383
2026-07-11,CNSHA,port1188,Shanghai,0,0,0,0,0,0
2026-07-11,CNSZX,port1414,Yantian,9,10,28767,29672,109986,110891
2026-07-11,DEHAM,port446,Hamburg,9,14,150705,242339,107496,108559
2026-07-11,EGALY,port23,Alexandria,3,8,21454,32772,23482,76624
2026-07-11,GBFXT,port343,Felixstowe,2,2,0,0,45311,45311
2026-07-11,INNSA,port776,Mumbai-Jawaharlal Nehru (Nhava Sheva),8,32,116274,389546,165540,178382
2026-07-11,KRPUS,port1065,Busan,30,50,264885,292039,167046,185205
2026-07-11,NLRTM,port1114,Rotterdam,25,91,648520,1140014,88898,284231
2026-07-11,PLGDN,port380,Gdansk,3,9,61375,310588,0,1481
2026-07-11,SGSIN,port1201,Singapore,36,118,434391,1149579,927475,1199855
2026-07-11,TRMER,port735,Mersin,4,10,14997,16193,16657,60382
2026-07-11,UAODS,port843,Odessa,0,0,0,0,0,0
2026-07-11,USLGB,port664,Los Angeles-Long Beach,3,6,65398,249155,0,40498
2026-07-11,USNYC,port815,New York-New Jersey,6,9,86737,131186,47613,47613
2026-07-12,AEJEA,port744,Jebel Ali,1,5,0,0,0,31405
2026-07-12,BRSSZ,port1160,Santos,4,14,115523,153364,13830,367643
2026-07-12,CNSHA,port1188,Shanghai,0,0,0,0,0,0
2026-07-12,CNSZX,port1414,Yantian,10,10,6848,6848,73438,73438
2026-07-12,DEHAM,port446,Hamburg,10,20,92319,150522,131201,139884
2026-07-12,EGALY,port23,Alexandria,0,6,0,3640,0,2295
2026-07-12,GBFXT,port343,Felixstowe,2,2,67396,67396,0,0
2026-07-12,INNSA,port776,Mumbai-Jawaharlal Nehru (Nhava Sheva),9,22,218437,267306,96534,98302
2026-07-12,KRPUS,port1065,Busan,25,40,121787,192585,72698,82233
2026-07-12,NLRTM,port1114,Rotterdam,16,74,29681,574597,97139,197102
2026-07-12,PLGDN,port380,Gdansk,6,12,161263,380393,333041,334620
2026-07-12,SGSIN,port1201,Singapore,33,114,503496,1073100,376011,696760
2026-07-12,TRMER,port735,Mersin,4,10,8314,38714,26730,32757
2026-07-12,UAODS,port843,Odessa,0,0,0,0,0,0
2026-07-12,USLGB,port664,Los Angeles-Long Beach,6,9,433480,495582,57941,95516
2026-07-12,USNYC,port815,New York-New Jersey,8,13,290604,470615,29514,30691
2026-07-13,AEJEA,port744,Jebel Ali,2,4,70967,72117,17978,18370
2026-07-13,BRSSZ,port1160,Santos,7,17,0,45765,102936,501102
2026-07-13,CNSHA,port1188,Shanghai,32,57,208701,392712,224678,287482
2026-07-13,CNSZX,port1414,Yantian,9,12,43525,51485,50053,50957
2026-07-13,DEHAM,port446,Hamburg,12,20,209785,218749,99014,106684
2026-07-13,EGALY,port23,Alexandria,4,10,41440,80425,0,15158
2026-07-13,GBFXT,port343,Felixstowe,2,4,31449,32359,14648,14648
2026-07-13,INNSA,port776,Mumbai-Jawaharlal Nehru (Nhava Sheva),5,24,71638,308711,90428,193971
2026-07-13,KRPUS,port1065,Busan,25,41,420763,433940,80840,89232
2026-07-13,NLRTM,port1114,Rotterdam,19,90,294438,1016691,77189,177089
2026-07-13,PLGDN,port380,Gdansk,2,11,220097,419990,33310,65900
2026-07-13,SGSIN,port1201,Singapore,37,123,1111794,1467759,857157,1277417
2026-07-13,TRMER,port735,Mersin,2,5,17659,19766,0,302
2026-07-13,UAODS,port843,Odessa,0,0,0,0,0,0
2026-07-13,USLGB,port664,Los Angeles-Long Beach,6,14,348679,483610,26104,169829
2026-07-13,USNYC,port815,New York-New Jersey,8,14,217661,302402,49692,50527
2026-07-14,AEJEA,port744,Jebel Ali,3,7,61387,73624,79531,86105
2026-07-14,BRSSZ,port1160,Santos,6,10,63741,71222,98730,168621
2026-07-14,CNSHA,port1188,Shanghai,35,93,1141494,1272000,332112,493311
2026-07-14,CNSZX,port1414,Yantian,7,8,0,0,113149,113149
2026-07-14,DEHAM,port446,Hamburg,8,16,36172,46790,131336,131587
2026-07-14,EGALY,port23,Alexandria,3,8,0,21171,265843,268401
2026-07-14,GBFXT,port343,Felixstowe,4,6,52793,53265,108572,108630
2026-07-14,INNSA,port776,Mumbai-Jawaharlal Nehru (Nhava Sheva),10,26,111970,288908,298361,317695
2026-07-14,KRPUS,port1065,Busan,17,33,192488,290693,43112,50790
2026-07-14,NLRTM,port1114,Rotterdam,24,97,192919,366655,134968,254560
2026-07-14,PLGDN,port380,Gdansk,1,5,37960,87680,0,848
2026-07-14,SGSIN,port1201,Singapore,43,128,688288,1053197,651705,1108778
2026-07-14,TRMER,port735,Mersin,4,9,0,758,17942,21824
2026-07-14,UAODS,port843,Odessa,0,0,0,0,0,0
2026-07-14,USLGB,port664,Los Angeles-Long Beach,5,11,537441,539080,0,10741
2026-07-14,USNYC,port815,New York-New Jersey,5,8,175464,178467,12084,12084
2026-07-15,AEJEA,port744,Jebel Ali,2,10,9579,52235,40568,43492
2026-07-15,BRSSZ,port1160,Santos,8,23,64082,195130,6427,285280
2026-07-15,CNSHA,port1188,Shanghai,39,108,510184,909667,428196,663158
2026-07-15,CNSZX,port1414,Yantian,12,12,14705,14705,88249,88249
2026-07-15,DEHAM,port446,Hamburg,4,8,13774,92674,64116,70076
2026-07-15,EGALY,port23,Alexandria,5,11,41282,77389,41692,82730
2026-07-15,GBFXT,port343,Felixstowe,0,3,0,4215,0,0
2026-07-15,INNSA,port776,Mumbai-Jawaharlal Nehru (Nhava Sheva),8,21,198945,232802,173083,174852
2026-07-15,KRPUS,port1065,Busan,36,50,125268,147220,172296,178182
2026-07-15,NLRTM,port1114,Rotterdam,15,94,96106,810420,64112,192604
2026-07-15,PLGDN,port380,Gdansk,3,10,136421,243150,22234,32421
2026-07-15,SGSIN,port1201,Singapore,44,135,1077754,1835045,646476,1018520
2026-07-15,TRMER,port735,Mersin,6,12,52410,74392,70940,74823
2026-07-15,UAODS,port843,Odessa,0,0,0,0,0,0
2026-07-15,USLGB,port664,Los Angeles-Long Beach,8,11,625029,639649,26104,48693
2026-07-15,USNYC,port815,New York-New Jersey,6,10,113734,223941,0,0
2026-07-16,AEJEA,port744,Jebel Ali,5,7,94839,94839,107293,108703
2026-07-16,BRSSZ,port1160,Santos,7,16,72553,158139,34036,238844
2026-07-16,CNSHA,port1188,Shanghai,32,95,807030,1257319,362088,538333
2026-07-16,CNSZX,port1414,Yantian,8,10,9902,10806,100350,101254
2026-07-16,DEHAM,port446,Hamburg,11,19,306860,320019,170913,183402
2026-07-16,EGALY,port23,Alexandria,1,6,9790,15612,9200,14815
2026-07-16,GBFXT,port343,Felixstowe,1,2,0,2195,28771,28771
2026-07-16,INNSA,port776,Mumbai-Jawaharlal Nehru (Nhava Sheva),6,20,162242,314131,41665,146675
2026-07-16,KRPUS,port1065,Busan,36,65,180912,226849,215969,234280
2026-07-16,NLRTM,port1114,Rotterdam,17,82,76244,504945,63446,180011
2026-07-16,PLGDN,port380,Gdansk,0,6,0,105015,0,3926
2026-07-16,SGSIN,port1201,Singapore,35,106,1185754,1443596,449140,786559
2026-07-16,TRMER,port735,Mersin,2,10,67105,80478,25325,31232
2026-07-16,UAODS,port843,Odessa,0,1,0,461,0,2705
2026-07-16,USLGB,port664,Los Angeles-Long Beach,4,7,331314,336620,0,0
2026-07-16,USNYC,port815,New York-New Jersey,7,8,181314,181314,52119,52119
2026-07-17,AEJEA,port744,Jebel Ali,4,9,61387,173655,83615,85990
2026-07-17,BRSSZ,port1160,Santos,7,20,80090,162105,58798,441769
2026-07-17,CNSHA,port1188,Shanghai,33,109,610139,1018009,306691,666326
2026-07-17,CNSZX,port1414,Yantian,10,12,2350,2350,168442,168442
2026-07-17,DEHAM,port446,Hamburg,9,16,308895,370443,24377,51610
2026-07-17,EGALY,port23,Alexandria,3,5,57990,63331,12218,12218
2026-07-17,GBFXT,port343,Felixstowe,2,3,26141,26141,14648,15450
2026-07-17,INNSA,port776,Mumbai-Jawaharlal Nehru (Nhava Sheva),9,24,153088,423450,109869,114448
2026-07-17,KRPUS,port1065,Busan,32,46,259567,275892,171178,178586
2026-07-17,NLRTM,port1114,Rotterdam,16,82,228653,780537,110023,195965
2026-07-17,PLGDN,port380,Gdansk,3,9,27614,123659,96403,96403
2026-07-17,SGSIN,port1201,Singapore,31,138,940695,1796874,395504,829426
2026-07-17,TRMER,port735,Mersin,4,10,96220,106133,20224,22310
2026-07-17,UAODS,port843,Odessa,0,0,0,0,0,0
2026-07-17,USLGB,port664,Los Angeles-Long Beach,7,11,390021,493327,259397,259397
2026-07-17,USNYC,port815,New York-New Jersey,4,8,43449,188487,157828,201232
2026-07-18,AEJEA,port744,Jebel Ali,1,2,11214,59278,0,0
2026-07-18,BRSSZ,port1160,Santos,8,19,119996,198870,42219,320285
2026-07-18,CNSHA,port1188,Shanghai,34,112,264387,640282,371744,600136
2026-07-18,CNSZX,port1414,Yantian,5,5,6510,6510,51812,51812
2026-07-18,DEHAM,port446,Hamburg,9,17,82538,86691,150049,157057
2026-07-18,EGALY,port23,Alexandria,5,10,66806,125123,77832,98402
2026-07-18,GBFXT,port343,Felixstowe,2,2,22868,22868,0,0
2026-07-18,INNSA,port776,Mumbai-Jawaharlal Nehru (Nhava Sheva),8,23,67585,234124,141289,176729
2026-07-18,KRPUS,port1065,Busan,34,63,171262,237604,272863,290582
2026-07-18,NLRTM,port1114,Rotterdam,15,93,227918,844901,69843,304101
2026-07-18,PLGDN,port380,Gdansk,2,8,22167,222824,14387,38816
2026-07-18,SGSIN,port1201,Singapore,35,111,807903,1266471,896263,1211043
2026-07-18,TRMER,port735,Mersin,4,11,54929,83136,6080,7379
2026-07-18,UAODS,port843,Odessa,0,0,0,0,0,0
2026-07-18,USLGB,port664,Los Angeles-Long Beach,5,13,50870,272939,125820,179485
2026-07-18,USNYC,port815,New York-New Jersey,3,11,35129,218568,0,4332
2026-07-19,AEJEA,port744,Jebel Ali,3,9,15047,33760,36234,66271
2026-07-19,BRSSZ,port1160,Santos,2,9,10173,25792,94660,265783
2026-07-19,CNSHA,port1188,Shanghai,33,101,360822,638622,305286,640930
2026-07-19,CNSZX,port1414,Yantian,8,10,2920,3824,84805,85709
2026-07-19,DEHAM,port446,Hamburg,7,13,47681,59367,150304,178877
2026-07-19,EGALY,port23,Alexandria,5,5,38650,38650,9200,9200
2026-07-19,GBFXT,port343,Felixstowe,2,2,20542,20542,20484,20484
2026-07-19,INNSA,port776,Mumbai-Jawaharlal Nehru (Nhava Sheva),10,26,175895,216537,255466,267766
2026-07-19,KRPUS,port1065,Busan,29,43,214293,232793,127667,134171
2026-07-19,NLRTM,port1114,Rotterdam,18,80,307200,1311382,137416,364738
2026-07-19,PLGDN,port380,Gdansk,5,13,23415,187236,246547,255740
2026-07-19,SGSIN,port1201,Singapore,31,96,629560,921544,795459,1147620
2026-07-19,TRMER,port735,Mersin,3,7,67125,70045,0,2062
2026-07-19,UAODS,port843,Odessa,0,0,0,0,0,0
2026-07-19,USLGB,port664,Los Angeles-Long Beach,6,13,551882,661078,52209,59601
2026-07-19,USNYC,port815,New York-New Jersey,5,7,110519,187196,22797,22797
2026-07-20,AEJEA,port744,Jebel Ali,1,3,7948,7948,0,5034
2026-07-20,BRSSZ,port1160,Santos,7,16,21371,49543,97177,325681
2026-07-20,CNSHA,port1188,Shanghai,39,129,312675,808773,331654,844331
2026-07-20,CNSZX,port1414,Yantian,9,9,5585,5585,93644,93644
2026-07-20,DEHAM,port446,Hamburg,8,21,112165,258344,60834,65400
2026-07-20,EGALY,port23,Alexandria,4,10,45053,73984,1204,31116
2026-07-20,GBFXT,port343,Felixstowe,4,7,15038,17204,0,58
2026-07-20,INNSA,port776,Mumbai-Jawaharlal Nehru (Nhava Sheva),5,21,63969,254764,126578,128225
2026-07-20,KRPUS,port1065,Busan,28,61,180366,222177,275912,308110
2026-07-20,NLRTM,port1114,Rotterdam,20,90,86937,245542,55503,271265
2026-07-20,PLGDN,port380,Gdansk,2,13,29898,103473,0,4986
2026-07-20,SGSIN,port1201,Singapore,37,136,788039,1074703,682374,975013
2026-07-20,TRMER,port735,Mersin,3,10,35645,51894,18267,28182
2026-07-20,UAODS,port843,Odessa,0,0,0,0,0,0
2026-07-20,USLGB,port664,Los Angeles-Long Beach,3,6,94093,139365,0,0
2026-07-20,USNYC,port815,New York-New Jersey,8,13,165238,214401,42340,76006
2026-07-21,AEJEA,port744,Jebel Ali,1,3,70822,140429,15042,16223
2026-07-21,BRSSZ,port1160,Santos,7,15,13670,78336,107856,417779
2026-07-21,CNSHA,port1188,Shanghai,36,102,296015,882417,371572,558822
2026-07-21,CNSZX,port1414,Yantian,10,11,19471,19471,96592,96592
2026-07-21,DEHAM,port446,Hamburg,11,15,217649,219498,198165,228307
2026-07-21,EGALY,port23,Alexandria,4,10,120999,198994,31188,45805
2026-07-21,GBFXT,port343,Felixstowe,3,5,72988,75274,25941,25999
2026-07-21,INNSA,port776,Mumbai-Jawaharlal Nehru (Nhava Sheva),8,25,132823,246472,103889,174879
2026-07-21,KRPUS,port1065,Busan,31,51,281203,306975,240748,252262
2026-07-21,NLRTM,port1114,Rotterdam,14,92,112706,524776,180135,348836
2026-07-21,PLGDN,port380,Gdansk,2,9,206430,439323,0,4644
2026-07-21,SGSIN,port1201,Singapore,39,112,693962,1045099,1223157,1530252
2026-07-21,TRMER,port735,Mersin,2,6,11639,13316,16780,24520
2026-07-21,UAODS,port843,Odessa,0,0,0,0,0,0
2026-07-21,USLGB,port664,Los Angeles-Long Beach,7,11,833015,836753,0,38689
2026-07-21,USNYC,port815,New York-New Jersey,4,12,153260,289287,12084,13960
2026-07-22,AEJEA,port744,Jebel Ali,2,7,61387,87824,50966,51951
2026-07-22,BRSSZ,port1160,Santos,4,14,47626,91453,32764,412299
2026-07-22,CNSHA,port1188,Shanghai,33,106,272959,614711,444308,761587
2026-07-22,CNSZX,port1414,Yantian,7,8,0,4402,105557,105577
2026-07-22,DEHAM,port446,Hamburg,11,19,17980,21258,186133,202852
2026-07-22,EGALY,port23,Alexandria,2,8,9790,13059,35980,39098
2026-07-22,GBFXT,port343,Felixstowe,1,2,25078,25078,0,1146
2026-07-22,INNSA,port776,Mumbai-Jawaharlal Nehru (Nhava Sheva),4,18,76605,273312,47737,69972
2026-07-22,KRPUS,port1065,Busan,28,55,105486,163086,135790,151168
2026-07-22,NLRTM,port1114,Rotterdam,16,82,18406,295898,101267,237950
2026-07-22,PLGDN,port380,Gdansk,3,8,164613,249471,0,522
2026-07-22,SGSIN,port1201,Singapore,40,126,683510,1319625,587289,906537
2026-07-22,TRMER,port735,Mersin,3,7,25401,28026,12348,28843
2026-07-22,UAODS,port843,Odessa,0,0,0,0,0,0
2026-07-22,USLGB,port664,Los Angeles-Long Beach,7,9,357980,362045,427969,427969
2026-07-22,USNYC,port815,New York-New Jersey,10,13,404596,407671,57198,104443
2026-07-23,AEJEA,port744,Jebel Ali,0,3,0,68058,0,3784
2026-07-23,BRSSZ,port1160,Santos,8,20,46615,60313,79109,338152
2026-07-23,CNSHA,port1188,Shanghai,20,77,199423,575374,281068,476538
2026-07-23,CNSZX,port1414,Yantian,12,14,8907,9812,96914,97818
2026-07-23,DEHAM,port446,Hamburg,8,17,152874,228038,154079,166959
2026-07-23,EGALY,port23,Alexandria,4,9,92573,115718,26293,36807
2026-07-23,GBFXT,port343,Felixstowe,1,2,0,0,0,7861
2026-07-23,INNSA,port776,Mumbai-Jawaharlal Nehru (Nhava Sheva),8,21,257705,314139,63458,67004
2026-07-23,KRPUS,port1065,Busan,30,56,128112,166799,135549,155343
2026-07-23,NLRTM,port1114,Rotterdam,23,89,89104,361776,204994,301348
2026-07-23,PLGDN,port380,Gdansk,0,9,0,211658,0,17925
2026-07-23,SGSIN,port1201,Singapore,41,106,1285996,1988321,1385016,1643350
2026-07-23,TRMER,port735,Mersin,4,9,18282,19120,62270,65282
2026-07-23,UAODS,port843,Odessa,0,0,0,0,0,0
2026-07-23,USLGB,port664,Los Angeles-Long Beach,5,8,264351,264351,169796,169796
2026-07-23,USNYC,port815,New York-New Jersey,4,8,67326,194429,12084,12084
2026-07-24,AEJEA,port744,Jebel Ali,4,6,0,1116,184112,185292
2026-07-24,BRSSZ,port1160,Santos,6,8,90553,115431,13830,13830
2026-07-24,CNSHA,port1188,Shanghai,33,92,296557,699472,333795,474134
2026-07-24,CNSZX,port1414,Yantian,5,5,28251,28251,20199,20199
2026-07-24,DEHAM,port446,Hamburg,10,14,71418,71418,81597,88103
2026-07-24,EGALY,port23,Alexandria,5,9,46558,68299,20961,27227
2026-07-24,GBFXT,port343,Felixstowe,3,3,36628,36628,214358,214358
2026-07-24,INNSA,port776,Mumbai-Jawaharlal Nehru (Nhava Sheva),6,19,81666,117375,266621,306796
2026-07-24,KRPUS,port1065,Busan,31,51,127882,153215,120989,125795
2026-07-24,NLRTM,port1114,Rotterdam,23,95,315570,1147597,180794,317280
2026-07-24,PLGDN,port380,Gdansk,3,7,48120,48984,44340,49617
2026-07-24,SGSIN,port1201,Singapore,36,121,722415,1163668,661472,1037617
2026-07-24,TRMER,port735,Mersin,5,8,0,3211,85664,87762
2026-07-24,UAODS,port843,Odessa,0,0,0,0,0,0
2026-07-24,USLGB,port664,Los Angeles-Long Beach,5,10,203518,322730,215404,233238
2026-07-24,USNYC,port815,New York-New Jersey,7,11,180652,199712,136623,136623
2026-07-25,AEJEA,port744,Jebel Ali,3,7,72567,95227,68742,79082
2026-07-25,BRSSZ,port1160,Santos,8,13,127583,192923,24260,109284
2026-07-25,CNSHA,port1188,Shanghai,23,88,318146,825161,183249,395484
2026-07-25,CNSZX,port1414,Yantian,0,0,0,0,0,0
2026-07-25,DEHAM,port446,Hamburg,9,19,55119,149663,221592,226790
2026-07-25,EGALY,port23,Alexandria,5,8,17465,29706,55560,56243
2026-07-25,GBFXT,port343,Felixstowe,1,2,23610,25381,0,722
2026-07-25,INNSA,port776,Mumbai-Jawaharlal Nehru (Nhava Sheva),9,26,133273,326905,338112,358689
2026-07-25,KRPUS,port1065,Busan,34,47,139507,165459,158753,163419
2026-07-25,NLRTM,port1114,Rotterdam,16,86,262018,1024967,179105,304674
2026-07-25,PLGDN,port380,Gdansk,1,6,15696,225900,0,2628
2026-07-25,SGSIN,port1201,Singapore,34,115,474276,759264,1109537,1445108
2026-07-25,TRMER,port735,Mersin,3,7,99722,113673,12348,12348
2026-07-25,UAODS,port843,Odessa,0,0,0,0,0,0
2026-07-25,USLGB,port664,Los Angeles-Long Beach,4,7,212872,212872,0,44959
2026-07-25,USNYC,port815,New York-New Jersey,7,10,227619,269462,76654,77195
2026-07-26,AEJEA,port744,Jebel Ali,1,5,0,21542,22863,27772
2026-07-26,BRSSZ,port1160,Santos,7,19,39502,39502,113844,491783
2026-07-26,CNSHA,port1188,Shanghai,28,93,539663,1057718,332140,565656
2026-07-26,CNSZX,port1414,Yantian,13,13,5728,5728,231781,231781
2026-07-26,DEHAM,port446,Hamburg,12,16,185211,190915,160054,198638
2026-07-26,EGALY,port23,Alexandria,5,12,31931,91502,17317,29012
2026-07-26,GBFXT,port343,Felixstowe,3,3,9286,9286,34580,34580
2026-07-26,INNSA,port776,Mumbai-Jawaharlal Nehru (Nhava Sheva),9,24,165885,265847,263697,317344
2026-07-26,KRPUS,port1065,Busan,33,56,177240,220431,233941,248417
2026-07-26,NLRTM,port1114,Rotterdam,14,78,129822,750633,50031,176949
2026-07-26,PLGDN,port380,Gdansk,6,12,90768,318566,68531,82285
2026-07-26,SGSIN,port1201,Singapore,36,121,1010735,1377226,727430,939339
2026-07-26,TRMER,port735,Mersin,3,7,9725,19615,17930,20819
2026-07-26,UAODS,port843,Odessa,0,0,0,0,0,0
2026-07-26,USLGB,port664,Los Angeles-Long Beach,2,7,78136,231056,94941,94941
2026-07-26,USNYC,port815,New York-New Jersey,4,8,178689,278330,0,4445
2026-07-27,AEJEA,port744,Jebel Ali,1,2,41510,41510,0,699
2026-07-27,BRSSZ,port1160,Santos,6,16,26832,124068,86790,372475
2026-07-27,CNSHA,port1188,Shanghai,30,94,202885,765441,363036,688640
2026-07-27,CNSZX,port1414,Yantian,5,8,3301,4205,23584,24488
2026-07-27,DEHAM,port446,Hamburg,7,15,91005,97063,32421,75945
2026-07-27,EGALY,port23,Alexandria,4,9,21193,30499,30102,36823
2026-07-27,GBFXT,port343,Felixstowe,3,7,34994,42201,0,0
2026-07-27,INNSA,port776,Mumbai-Jawaharlal Nehru (Nhava Sheva),5,25,43685,342410,102129,141879
2026-07-27,KRPUS,port1065,Busan,22,51,195884,240899,202009,222182
2026-07-27,NLRTM,port1114,Rotterdam,16,102,92794,577189,95745,319165
2026-07-27,PLGDN,port380,Gdansk,2,13,12626,100125,68656,71146
2026-07-27,SGSIN,port1201,Singapore,40,139,563603,812453,851596,1247007
2026-07-27,TRMER,port735,Mersin,5,10,103853,104758,12348,17916
2026-07-27,UAODS,port843,Odessa,0,0,0,0,0,0
2026-07-27,USLGB,port664,Los Angeles-Long Beach,3,7,256637,269350,0,1893
2026-07-27,USNYC,port815,New York-New Jersey,7,11,179022,221025,21641,21641
2026-07-28,AEJEA,port744,Jebel Ali,3,9,65904,157108,80047,125185
2026-07-28,BRSSZ,port1160,Santos,7,15,89934,174841,117427,413491
2026-07-28,CNSHA,port1188,Shanghai,28,98,409083,678444,215070,479448
2026-07-28,CNSZX,port1414,Yantian,10,12,6536,17619,217908,217928
2026-07-28,DEHAM,port446,Hamburg,11,22,199015,344582,72239,113169
2026-07-28,EGALY,port23,Alexandria,2,4,9790,42212,141552,148653
2026-07-28,GBFXT,port343,Felixstowe,1,5,11844,15081,14648,15882
2026-07-28,INNSA,port776,Mumbai-Jawaharlal Nehru (Nhava Sheva),9,25,179035,367310,59170,115522
2026-07-28,KRPUS,port1065,Busan,24,42,97957,132663,111835,118435
2026-07-28,NLRTM,port1114,Rotterdam,19,95,73170,607735,171615,291721
2026-07-28,PLGDN,port380,Gdansk,4,10,46500,86316,162484,165980
2026-07-28,SGSIN,port1201,Singapore,40,116,1284814,1970322,1087603,1522018
2026-07-28,TRMER,port735,Mersin,2,7,14976,57043,57631,60425
2026-07-28,UAODS,port843,Odessa,0,0,0,0,0,0
2026-07-28,USLGB,port664,Los Angeles-Long Beach,10,15,721604,986497,52209,67322
2026-07-28,USNYC,port815,New York-New Jersey,2,4,110970,193733,0,0
2026-07-29,AEJEA,port744,Jebel Ali,2,5,61387,66411,38410,40469
2026-07-29,BRSSZ,port1160,Santos,2,13,16558,20081,3474,295751
2026-07-29,CNSHA,port1188,Shanghai,31,100,259792,585709,540330,728326
2026-07-29,CNSZX,port1414,Yantian,9,10,32113,32113,45309,45309
2026-07-29,DEHAM,port446,Hamburg,7,14,37294,56602,84548,95355
2026-07-29,EGALY,port23,Alexandria,3,9,12366,92250,11925,13921
2026-07-29,GBFXT,port343,Felixstowe,2,2,84088,84088,0,0
2026-07-29,INNSA,port776,Mumbai-Jawaharlal Nehru (Nhava Sheva),6,23,83528,179339,22876,37272
2026-07-29,KRPUS,port1065,Busan,40,61,135581,166062,212965,228074
2026-07-29,NLRTM,port1114,Rotterdam,19,90,103911,706828,77384,190492
2026-07-29,PLGDN,port380,Gdansk,4,14,108943,120633,0,8941
2026-07-29,SGSIN,port1201,Singapore,42,126,754771,1137301,661046,1048468
2026-07-29,TRMER,port735,Mersin,2,8,8314,21899,21196,25057
2026-07-29,UAODS,port843,Odessa,0,0,0,0,0,0
2026-07-29,USLGB,port664,Los Angeles-Long Beach,4,11,264364,476378,0,0
2026-07-29,USNYC,port815,New York-New Jersey,5,9,209611,285276,0,10098
2026-07-30,AEJEA,port744,Jebel Ali,2,4,61387,62824,20314,21899
2026-07-30,BRSSZ,port1160,Santos,8,21,97437,329372,35669,240407
2026-07-30,CNSHA,port1188,Shanghai,33,82,826895,1045304,463124,778964
2026-07-30,CNSZX,port1414,Yantian,9,11,2194,3677,107326,109397
2026-07-30,DEHAM,port446,Hamburg,14,23,134879,140264,207528,212225
2026-07-30,EGALY,port23,Alexandria,4,8,54679,62441,0,5466
2026-07-30,GBFXT,port343,Felixstowe,2,2,10800,10800,305029,305029
2026-07-30,INNSA,port776,Mumbai-Jawaharlal Nehru (Nhava Sheva),9,14,102876,155496,139254,139254
2026-07-30,KRPUS,port1065,Busan,21,45,110370,151023,155067,170052
2026-07-30,NLRTM,port1114,Rotterdam,20,83,197347,515077,153593,297091
2026-07-30,PLGDN,port380,Gdansk,3,13,78961,271890,51784,60421
2026-07-30,SGSIN,port1201,Singapore,40,106,881329,1141075,756552,1090072
2026-07-30,TRMER,port735,Mersin,6,10,10682,25905,89001,90750
2026-07-30,UAODS,port843,Odessa,0,0,0,0,0,0
2026-07-30,USLGB,port664,Los Angeles-Long Beach,5,11,445066,498587,15363,15596
2026-07-30,USNYC,port815,New York-New Jersey,9,15,181384,313863,18750,18750
2026-07-31,AEJEA,port744,Jebel Ali,3,6,0,28582,28210,46250
2026-07-31,BRSSZ,port1160,Santos,7,18,114533,131586,71994,348520
2026-07-31,CNSHA,port1188,Shanghai,35,87,948333,1310070,426991,581829
2026-07-31,CNSZX,port1414,Yantian,11,12,32504,32972,209405,209405
2026-07-31,DEHAM,port446,Hamburg,8,15,81920,137070,308527,314700
2026-07-31,EGALY,port23,Alexandria,3,7,0,33911,165603,166874
2026-07-31,GBFXT,port343,Felixstowe,1,1,29958,29958,0,0
2026-07-31,INNSA,port776,Mumbai-Jawaharlal Nehru (Nhava Sheva),10,28,79257,315584,172577,229601
2026-07-31,KRPUS,port1065,Busan,36,58,109648,141711,264871,281868
2026-07-31,NLRTM,port1114,Rotterdam,15,79,324415,579417,124234,244323
2026-07-31,PLGDN,port380,Gdansk,0,4,0,112745,0,508
2026-07-31,SGSIN,port1201,Singapore,32,118,755235,1135629,748585,1114539
2026-07-31,TRMER,port735,Mersin,4,9,54112,117820,10906,13694
2026-07-31,UAODS,port843,Odessa,0,0,0,0,0,0
2026-07-31,USLGB,port664,Los Angeles-Long Beach,7,10,281707,286395,62445,175242
2026-07-31,USNYC,port815,New York-New Jersey,7,14,33022,209442,221189,289852
2026-08-01,AEJEA,port744,Jebel Ali,1,5,0,1116,13676,33400
2026-08-01,BRSSZ,port1160,Santos,3,12,70347,86595,12097,239619
2026-08-01,CNSHA,port1188,Shanghai,31,97,844122,1327936,245339,719771
2026-08-01,CNSZX,port1414,Yantian,12,13,39070,39975,64790,65695
2026-08-01,DEHAM,port446,Hamburg,9,13,41605,158064,53991,54985
2026-08-01,EGALY,port23,Alexandria,2,10,0,38222,10214,62004
2026-08-01,GBFXT,port343,Felixstowe,0,0,0,0,0,0
2026-08-01,INNSA,port776,Mumbai-Jawaharlal Nehru (Nhava Sheva),7,17,107853,587480,167533,168063
2026-08-01,KRPUS,port1065,Busan,35,61,198685,236908,180381,198239
2026-08-01,NLRTM,port1114,Rotterdam,16,94,353029,1131343,76955,213304
2026-08-01,PLGDN,port380,Gdansk,3,9,38376,348494,87713,88927
2026-08-01,SGSIN,port1201,Singapore,33,130,970041,1563296,878088,1263975
2026-08-01,TRMER,port735,Mersin,4,6,11754,41705,72689,72689
2026-08-01,UAODS,port843,Odessa,0,0,0,0,0,0
2026-08-01,USLGB,port664,Los Angeles-Long Beach,6,10,579878,673578,18358,40047
2026-08-01,USNYC,port815,New York-New Jersey,2,7,17617,104293,21698,61982
2026-08-02,AEJEA,port744,Jebel Ali,5,6,0,0,116940,117797
2026-08-02,BRSSZ,port1160,Santos,7,19,39559,140791,109781,443603
2026-08-02,CNSHA,port1188,Shanghai,27,92,414155,620725,331511,484930
2026-08-02,CNSZX,port1414,Yantian,8,9,2194,2194,65330,65330
2026-08-02,DEHAM,port446,Hamburg,10,18,257585,290818,126922,145130
2026-08-02,EGALY,port23,Alexandria,1,9,0,9091,24973,31391
2026-08-02,GBFXT,port343,Felixstowe,3,5,56502,61651,0,0
2026-08-02,INNSA,port776,Mumbai-Jawaharlal Nehru (Nhava Sheva),10,25,200611,255607,67145,173713
2026-08-02,KRPUS,port1065,Busan,30,48,92729,120565,287460,296862
2026-08-02,NLRTM,port1114,Rotterdam,16,84,224028,1270847,53795,193333
2026-08-02,PLGDN,port380,Gdansk,2,9,0,51985,87066,105903
2026-08-02,SGSIN,port1201,Singapore,35,99,492824,875361,628856,918792
2026-08-02,TRMER,port735,Mersin,2,6,0,7619,11227,24355
2026-08-02,UAODS,port843,Odessa,0,0,0,0,0,0
2026-08-02,USLGB,port664,Los Angeles-Long Beach,6,11,500586,500800,0,524
2026-08-02,USNYC,port815,New York-New Jersey,7,11,160574,217141,38009,38269
2026-08-03,AEJEA,port744,Jebel Ali,0,5,0,116902,0,33846
2026-08-03,BRSSZ,port1160,Santos,6,11,6565,102653,98084,198983
2026-08-03,CNSHA,port1188,Shanghai,35,102,359864,828302,382468,741129
2026-08-03,CNSZX,port1414,Yantian,11,11,43453,43453,116543,116543
2026-08-03,DEHAM,port446,Hamburg,7,14,75591,147974,58341,62439
2026-08-03,EGALY,port23,Alexandria,5,8,98288,100778,42776,42776
2026-08-03,GBFXT,port343,Felixstowe,3,6,18017,19753,0,58
2026-08-03,INNSA,port776,Mumbai-Jawaharlal Nehru (Nhava Sheva),7,18,40968,107065,89818,92015
2026-08-03,KRPUS,port1065,Busan,23,45,138776,171673,188031,195402
2026-08-03,NLRTM,port1114,Rotterdam,16,85,114619,527255,63003,133115
2026-08-03,PLGDN,port380,Gdansk,3,16,33332,162581,41229,133369
2026-08-03,SGSIN,port1201,Singapore,39,170,1226118,2046995,836393,1422514
2026-08-03,TRMER,port735,Mersin,1,4,13138,17455,16874,17564
2026-08-03,UAODS,port843,Odessa,0,0,0,0,0,0
2026-08-03,USLGB,port664,Los Angeles-Long Beach,4,12,160930,257611,67469,184343
2026-08-03,USNYC,port815,New York-New Jersey,4,8,104422,236332,27079,28423
2026-08-04,AEJEA,port744,Jebel Ali,2,4,0,0,110817,118960
2026-08-04,BRSSZ,port1160,Santos,6,15,77700,155267,45413,250553
2026-08-04,CNSHA,port1188,Shanghai,30,109,300849,653584,441621,870820
2026-08-04,CNSZX,port1414,Yantian,6,8,5509,41319,72145,73050
2026-08-04,DEHAM,port446,Hamburg,10,20,203103,371353,164906,176660
2026-08-04,EGALY,port23,Alexandria,3,5,239243,265396,0,2116
2026-08-04,GBFXT,port343,Felixstowe,2,6,49289,53659,0,808
2026-08-04,INNSA,port776,Mumbai-Jawaharlal Nehru (Nhava Sheva),7,20,95068,222237,59630,60160
2026-08-04,KRPUS,port1065,Busan,30,52,238319,267801,124560,140304
2026-08-04,NLRTM,port1114,Rotterdam,18,69,78211,367962,72830,272747
2026-08-04,PLGDN,port380,Gdansk,2,7,151302,279152,0,4782
2026-08-04,SGSIN,port1201,Singapore,37,127,347184,670505,758473,1073329
2026-08-04,TRMER,port735,Mersin,3,8,130041,134750,26072,32017
2026-08-04,UAODS,port843,Odessa,0,0,0,0,0,0
2026-08-04,USLGB,port664,Los Angeles-Long Beach,8,12,520274,591870,18358,20249
2026-08-04,USNYC,port815,New York-New Jersey,5,9,178798,198923,0,0
2026-08-05,AEJEA,port744,Jebel Ali,1,5,64913,65446,24593,31875
2026-08-05,BRSSZ,port1160,Santos,5,10,1575,31957,62546,132398
2026-08-05,CNSHA,port1188,Shanghai,33,106,146802,955687,493501,889084
2026-08-05,CNSZX,port1414,Yantian,11,12,6583,6583,124308,124308
2026-08-05,DEHAM,port446,Hamburg,8,16,73189,121658,58519,117037
2026-08-05,EGALY,port23,Alexandria,3,6,21352,80777,49666,50301
2026-08-05,GBFXT,port343,Felixstowe,1,1,12103,12103,0,0
2026-08-05,INNSA,port776,Mumbai-Jawaharlal Nehru (Nhava Sheva),10,26,190836,231167,55670,98094
2026-08-05,KRPUS,port1065,Busan,39,59,199197,233450,318370,333701
2026-08-05,NLRTM,port1114,Rotterdam,16,88,157007,1156512,121043,219215
2026-08-05,PLGDN,port380,Gdansk,2,8,22839,227819,49890,52984
2026-08-05,SGSIN,port1201,Singapore,36,117,1037414,1345125,898894,1255931
2026-08-05,TRMER,port735,Mersin,2,5,20947,36606,58177,58177
2026-08-05,UAODS,port843,Odessa,0,0,0,0,0,0
2026-08-05,USLGB,port664,Los Angeles-Long Beach,4,10,176306,389859,165691,186318
2026-08-05,USNYC,port815,New York-New Jersey,6,11,205308,383553,20297,22844
2026-08-06,AEJEA,port744,Jebel Ali,0,2,0,1116,0,1180
2026-08-06,BRSSZ,port1160,Santos,4,14,60332,71014,26008,308573
2026-08-06,CNSHA,port1188,Shanghai,32,67,422773,667062,389273,528617
2026-08-06,CNSZX,port1414,Yantian,9,10,13974,13974,116903,116903
2026-08-06,DEHAM,port446,Hamburg,10,17,2636,10169,257104,265764
2026-08-06,EGALY,port23,Alexandria,3,10,9531,62240,26362,28245
2026-08-06,GBFXT,port343,Felixstowe,3,4,53508,54184,0,0
2026-08-06,INNSA,port776,Mumbai-Jawaharlal Nehru (Nhava Sheva),6,20,100883,257787,135887,164781
2026-08-06,KRPUS,port1065,Busan,29,44,163223,187160,157012,164481
2026-08-06,NLRTM,port1114,Rotterdam,21,94,157026,538356,120106,295081
2026-08-06,PLGDN,port380,Gdansk,4,10,190119,301653,0,5014
2026-08-06,SGSIN,port1201,Singapore,36,121,518677,1085196,881965,1284860
2026-08-06,TRMER,port735,Mersin,3,7,32855,47803,177243,182987
2026-08-06,UAODS,port843,Odessa,0,0,0,0,0,0
2026-08-06,USLGB,port664,Los Angeles-Long Beach,8,15,380028,532893,638014,755922
2026-08-06,USNYC,port815,New York-New Jersey,8,13,218121,282621,94369,139663
2026-08-07,AEJEA,port744,Jebel Ali,2,7,0,11120,78614,142792
2026-08-07,BRSSZ,port1160,Santos,3,18,155052,249888,0,318453
2026-08-07,CNSHA,port1188,Shanghai,9,22,352321,540840,27936,62093
2026-08-07,CNSZX,port1414,Yantian,8,9,29456,35318,151874,151874
2026-08-07,DEHAM,port446,Hamburg,9,20,159835,234857,98174,109631
2026-08-07,EGALY,port23,Alexandria,7,12,64094,96901,71625,77173
2026-08-07,GBFXT,port343,Felixstowe,2,3,2992,11016,49704,53164
2026-08-07,INNSA,port776,Mumbai-Jawaharlal Nehru (Nhava Sheva),6,23,176306,500639,68035,101535
2026-08-07,KRPUS,port1065,Busan,28,53,184418,213120,234549,260800
2026-08-07,NLRTM,port1114,Rotterdam,18,78,131705,451664,253648,502380
2026-08-07,PLGDN,port380,Gdansk,1,4,14175,16503,0,2340
2026-08-07,SGSIN,port1201,Singapore,38,108,594244,1397993,952768,1281873
2026-08-07,TRMER,port735,Mersin,3,8,50787,54115,14017,14306
2026-08-07,UAODS,port843,Odessa,0,0,0,0,0,0
2026-08-07,USLGB,port664,Los Angeles-Long Beach,7,13,520766,739134,18358,85047
2026-08-07,USNYC,port815,New York-New Jersey,8,11,218880,359707,54632,56247
2026-08-08,AEJEA,port744,Jebel Ali,5,5,153184,153184,64535,64535
2026-08-08,BRSSZ,port1160,Santos,3,7,36569,44739,21295,163656
2026-08-08,CNSHA,port1188,Shanghai,0,0,0,0,0,0
2026-08-08,CNSZX,port1414,Yantian,8,10,0,0,134268,134542
2026-08-08,DEHAM,port446,Hamburg,9,15,71325,90089,94824,95408
2026-08-08,EGALY,port23,Alexandria,4,9,74890,137016,22398,29929
2026-08-08,GBFXT,port343,Felixstowe,0,0,0,0,0,0
2026-08-08,INNSA,port776,Mumbai-Jawaharlal Nehru (Nhava Sheva),9,24,68581,97864,229811,289784
2026-08-08,KRPUS,port1065,Busan,31,45,98030,113823,181531,192848
2026-08-08,NLRTM,port1114,Rotterdam,13,81,259589,806549,51961,307535
2026-08-08,PLGDN,port380,Gdansk,4,13,48796,298629,34841,50576
2026-08-08,SGSIN,port1201,Singapore,31,103,346501,714309,1025441,1472853
2026-08-08,TRMER,port735,Mersin,5,8,96282,106540,52045,52045
2026-08-08,UAODS,port843,Odessa,0,0,0,0,0,0
2026-08-08,USLGB,port664,Los Angeles-Long Beach,2,6,85580,121211,0,117609
2026-08-08,USNYC,port815,New York-New Jersey,6,12,111611,222060,71837,106596
2026-08-09,AEJEA,port744,Jebel Ali,0,1,0,0,0,1410
2026-08-09,BRSSZ,port1160,Santos,6,13,192708,239355,78046,238167
2026-08-09,CNSHA,port1188,Shanghai,0,1,0,0,0,0
2026-08-09,CNSZX,port1414,Yantian,4,5,0,904,24190,25094
2026-08-09,DEHAM,port446,Hamburg,12,14,519321,536354,162647,162647
2026-08-09,EGALY,port23,Alexandria,2,3,0,21801,44568,44568
2026-08-09,GBFXT,port343,Felixstowe,3,3,12818,12818,186799,186799
2026-08-09,INNSA,port776,Mumbai-Jawaharlal Nehru (Nhava Sheva),7,24,96234,422386,134491,172042
2026-08-09,KRPUS,port1065,Busan,27,42,128224,163695,129939,136980
2026-08-09,NLRTM,port1114,Rotterdam,13,65,181292,552108,87815,199758
2026-08-09,PLGDN,port380,Gdansk,3,9,14445,256467,44597,48507
2026-08-09,SGSIN,port1201,Singapore,34,112,418720,1027218,539950,798303
2026-08-09,TRMER,port735,Mersin,5,10,40649,53137,30068,36899
2026-08-09,UAODS,port843,Odessa,0,0,0,0,0,0
2026-08-09,USLGB,port664,Los Angeles-Long Beach,7,9,484118,526831,55074,60510
2026-08-09,USNYC,port815,New York-New Jersey,7,10,191128,336239,37016,47423
2026-08-10,AEJEA,port744,Jebel Ali,1,3,64913,64913,24593,54932
2026-08-10,BRSSZ,port1160,Santos,6,12,15394,59092,84151,187003
2026-08-10,CNSHA,port1188,Shanghai,7,10,39267,39267,116297,116297
2026-08-10,CNSZX,port1414,Yantian,12,14,18077,18077,199790,199790
2026-08-10,DEHAM,port446,Hamburg,9,17,150380,158270,295698,341300
2026-08-10,EGALY,port23,Alexandria,5,7,104668,134719,262515,262515
2026-08-10,GBFXT,port343,Felixstowe,2,6,66470,72152,0,0
2026-08-10,INNSA,port776,Mumbai-Jawaharlal Nehru (Nhava Sheva),8,25,298028,445897,18044,48284
2026-08-10,KRPUS,port1065,Busan,24,31,85570,91293,112892,116079
2026-08-10,NLRTM,port1114,Rotterdam,18,93,159877,945944,51174,170688
2026-08-10,PLGDN,port380,Gdansk,2,14,18169,141197,120970,127765
2026-08-10,SGSIN,port1201,Singapore,37,132,1163615,1480957,712740,1205441
2026-08-10,TRMER,port735,Mersin,1,4,13138,15556,16874,22055
2026-08-10,UAODS,port843,Odessa,0,0,0,0,0,0
2026-08-10,USLGB,port664,Los Angeles-Long Beach,3,7,173896,250861,0,12289
2026-08-10,USNYC,port815,New York-New Jersey,6,8,155890,188352,48924,49142
2026-08-11,AEJEA,port744,Jebel Ali,4,6,47301,47301,83574,114721
2026-08-11,BRSSZ,port1160,Santos,3,5,0,0,54226,58345
2026-08-11,CNSHA,port1188,Shanghai,32,66,395788,503435,391409,556157
2026-08-11,CNSZX,port1414,Yantian,8,10,2868,3772,149660,151116
2026-08-11,DEHAM,port446,Hamburg,9,16,136423,247113,110413,113110
2026-08-11,EGALY,port23,Alexandria,2,5,0,42985,28248,28503
2026-08-11,GBFXT,port343,Felixstowe,2,4,38931,38931,16512,16512
2026-08-11,INNSA,port776,Mumbai-Jawaharlal Nehru (Nhava Sheva),7,20,80891,129669,61998,88101
2026-08-11,KRPUS,port1065,Busan,20,36,172250,213191,139094,150842
2026-08-11,NLRTM,port1114,Rotterdam,19,87,158471,312467,259655,465719
2026-08-11,PLGDN,port380,Gdansk,1,12,44955,48559,0,46012
2026-08-11,SGSIN,port1201,Singapore,39,124,495983,974066,720410,997471
2026-08-11,TRMER,port735,Mersin,2,7,0,51762,139191,140889
2026-08-11,UAODS,port843,Odessa,0,0,0,0,0,0
2026-08-11,USLGB,port664,Los Angeles-Long Beach,3,10,146657,285780,0,7166
2026-08-11,USNYC,port815,New York-New Jersey,6,12,182432,313592,54870,55422
2026-08-12,AEJEA,port744,Jebel Ali,0,3,0,2095,0,4355
2026-08-12,BRSSZ,port1160,Santos,8,17,52731,122349,85815,285799
2026-08-12,CNSHA,port1188,Shanghai,38,113,457637,793154,393429,653637
2026-08-12,CNSZX,port1414,Yantian,7,7,37478,37478,73703,73703
2026-08-12,DEHAM,port446,Hamburg,7,13,53086,68515,159472,166785
2026-08-12,EGALY,port23,Alexandria,1,7,17232,102011,11199,25861
2026-08-12,GBFXT,port343,Felixstowe,1,1,11361,11361,0,0
2026-08-12,INNSA,port776,Mumbai-Jawaharlal Nehru (Nhava Sheva),10,26,344934,487528,62370,105087
2026-08-12,KRPUS,port1065,Busan,32,56,299163,345989,153820,186644
2026-08-12,NLRTM,port1114,Rotterdam,22,82,158396,843572,172576,265840
2026-08-12,PLGDN,port380,Gdansk,2,12,61621,198975,12830,23197
2026-08-12,SGSIN,port1201,Singapore,33,130,1050759,1600151,569528,1038742
2026-08-12,TRMER,port735,Mersin,6,7,115056,164031,50622,50622
2026-08-12,UAODS,port843,Odessa,0,0,0,0,0,0
2026-08-12,USLGB,port664,Los Angeles-Long Beach,7,13,355708,683890,256673,274474
2026-08-12,USNYC,port815,New York-New Jersey,3,6,130313,163434,0,41335
2026-08-13,AEJEA,port744,Jebel Ali,0,1,0,1116,0,1180
2026-08-13,BRSSZ,port1160,Santos,4,14,45873,113484,56376,390557
2026-08-13,CNSHA,port1188,Shanghai,34,91,1065101,1393843,398244,567190
2026-08-13,CNSZX,port1414,Yantian,8,12,10889,15292,143957,145335
2026-08-13,DEHAM,port446,Hamburg,12,17,263191,290466,86674,94629
2026-08-13,EGALY,port23,Alexandria,1,9,50218,136812,0,10707
2026-08-13,GBFXT,port343,Felixstowe,1,1,19168,19168,27610,27610
2026-08-13,INNSA,port776,Mumbai-Jawaharlal Nehru (Nhava Sheva),9,21,213497,390438,103516,194657
2026-08-13,KRPUS,port1065,Busan,22,43,371371,395020,65828,83731
2026-08-13,NLRTM,port1114,Rotterdam,14,95,18574,278518,153926,245685
2026-08-13,PLGDN,port380,Gdansk,1,5,201468,240356,0,1508
2026-08-13,SGSIN,port1201,Singapore,37,95,1432516,1841515,657779,1005015
2026-08-13,TRMER,port735,Mersin,3,5,16825,18609,25011,25011
2026-08-13,UAODS,port843,Odessa,0,0,0,0,0,0
2026-08-13,USLGB,port664,Los Angeles-Long Beach,5,8,256590,271102,36716,39147
2026-08-13,USNYC,port815,New York-New Jersey,5,6,108405,108405,92770,92770
2026-08-14,AEJEA,port744,Jebel Ali,0,5,0,110119,0,6183
2026-08-14,BRSSZ,port1160,Santos,7,18,43309,110996,110691,284538
2026-08-14,CNSHA,port1188,Shanghai,27,84,388128,727612,301787,489757
2026-08-14,CNSZX,port1414,Yantian,8,10,0,904,55080,55985
2026-08-14,DEHAM,port446,Hamburg,8,19,86858,275726,121166,125572
2026-08-14,EGALY,port23,Alexandria,2,5,0,23761,134487,139943
2026-08-14,GBFXT,port343,Felixstowe,2,2,13044,13044,0,0
2026-08-14,INNSA,port776,Mumbai-Jawaharlal Nehru (Nhava Sheva),5,23,55640,399185,239043,240063
2026-08-14,KRPUS,port1065,Busan,22,37,229430,255160,139629,147530
2026-08-14,NLRTM,port1114,Rotterdam,17,90,19452,819927,100988,403499
2026-08-14,PLGDN,port380,Gdansk,1,8,20882,319056,0,101
2026-08-14,SGSIN,port1201,Singapore,34,109,1066210,1534411,900499,1215749
2026-08-14,TRMER,port735,Mersin,3,6,103728,104292,15674,19502
2026-08-14,UAODS,port843,Odessa,0,0,0,0,0,0
2026-08-14,USLGB,port664,Los Angeles-Long Beach,4,8,85787,151379,45934,48925
2026-08-14,USNYC,port815,New York-New Jersey,7,11,165208,260201,182257,190740
2026-08-15,AEJEA,port744,Jebel Ali,3,4,129826,165998,62169,62169
2026-08-15,BRSSZ,port1160,Santos,1,12,51886,65244,0,210714
2026-08-15,CNSHA,port1188,Shanghai,34,98,621309,1319669,412532,716556
2026-08-15,CNSZX,port1414,Yantian,9,10,20958,20958,92139,92139
2026-08-15,DEHAM,port446,Hamburg,6,9,27931,62464,67130,70924
2026-08-15,EGALY,port23,Alexandria,1,8,0,19384,14373,18729
2026-08-15,GBFXT,port343,Felixstowe,1,2,0,1846,92894,92894
2026-08-15,INNSA,port776,Mumbai-Jawaharlal Nehru (Nhava Sheva),9,26,99121,276827,250112,280548
2026-08-15,KRPUS,port1065,Busan,37,55,140953,162493,178552,183902
2026-08-15,NLRTM,port1114,Rotterdam,13,70,232060,763360,20572,107701
2026-08-15,PLGDN,port380,Gdansk,4,7,47574,148756,107621,122180
2026-08-15,SGSIN,port1201,Singapore,30,112,626959,1156443,788605,1107660
2026-08-15,TRMER,port735,Mersin,3,5,20791,25975,59320,59320
2026-08-15,UAODS,port843,Odessa,0,0,0,0,0,0
2026-08-15,USLGB,port664,Los Angeles-Long Beach,7,14,598276,628380,0,17736
2026-08-15,USNYC,port815,New York-New Jersey,7,11,145662,234106,17124,73516
2026-08-16,AEJEA,port744,Jebel Ali,2,4,7083,43444,0,396
2026-08-16,BRSSZ,port1160,Santos,6,15,130452,186639,135373,335514
2026-08-16,CNSHA,port1188,Shanghai,28,96,475255,902089,319955,421793
2026-08-16,CNSZX,port1414,Yantian,8,10,26342,28183,87711,88615
2026-08-16,DEHAM,port446,Hamburg,9,12,102763,115927,1712,2038
2026-08-16,EGALY,port23,Alexandria,6,12,124718,274513,24004,86751
2026-08-16,GBFXT,port343,Felixstowe,4,4,111251,111251,16512,16512
2026-08-16,INNSA,port776,Mumbai-Jawaharlal Nehru (Nhava Sheva),7,25,148938,169243,168157,236831
2026-08-16,KRPUS,port1065,Busan,21,31,102121,114320,95851,100951
2026-08-16,NLRTM,port1114,Rotterdam,19,79,174737,949076,153730,264705
2026-08-16,PLGDN,port380,Gdansk,1,8,18269,118785,0,1889
2026-08-16,SGSIN,port1201,Singapore,31,103,151206,463139,1055876,1446333
2026-08-16,TRMER,port735,Mersin,3,6,61614,120243,19605,27165
2026-08-16,UAODS,port843,Odessa,0,0,0,0,0,0
2026-08-16,USLGB,port664,Los Angeles-Long Beach,7,8,409751,409751,65065,65065
2026-08-16,USNYC,port815,New York-New Jersey,6,11,129698,297473,35565,35565
2026-08-17,AEJEA,port744,Jebel Ali,0,3,0,65761,0,17904
2026-08-17,BRSSZ,port1160,Santos,5,16,0,97563,48504,253902
2026-08-17,CNSHA,port1188,Shanghai,26,97,563496,1111545,332850,685967
2026-08-17,CNSZX,port1414,Yantian,7,8,30237,30237,59407,59407
2026-08-17,DEHAM,port446,Hamburg,12,18,317362,362524,67998,68672
2026-08-17,EGALY,port23,Alexandria,4,10,0,67352,62132,64600
2026-08-17,GBFXT,port343,Felixstowe,1,4,29146,32132,0,376
2026-08-17,INNSA,port776,Mumbai-Jawaharlal Nehru (Nhava Sheva),7,24,227146,336763,92014,120203
2026-08-17,KRPUS,port1065,Busan,32,49,113543,143153,257918,269389
2026-08-17,NLRTM,port1114,Rotterdam,19,82,148373,470899,82248,222760
2026-08-17,PLGDN,port380,Gdansk,6,12,213773,358938,100982,100982
2026-08-17,SGSIN,port1201,Singapore,33,125,722053,1055520,952962,1278537
2026-08-17,TRMER,port735,Mersin,4,6,24038,24038,30310,35890
2026-08-17,UAODS,port843,Odessa,0,0,0,0,0,0
2026-08-17,USLGB,port664,Los Angeles-Long Beach,8,16,644185,831037,18358,63103
2026-08-17,USNYC,port815,New York-New Jersey,8,14,198281,381096,38851,38851
2026-08-18,AEJEA,port744,Jebel Ali,4,7,171041,178883,102709,121134
2026-08-18,BRSSZ,port1160,Santos,3,11,15191,68954,70856,356720
2026-08-18,CNSHA,port1188,Shanghai,31,116,117610,429457,440491,928444
2026-08-18,CNSZX,port1414,Yantian,11,11,8763,8763,156992,156992
2026-08-18,DEHAM,port446,Hamburg,3,7,225632,225632,0,31907
2026-08-18,EGALY,port23,Alexandria,4,7,4890,6735,45313,45313
2026-08-18,GBFXT,port343,Felixstowe,4,8,57733,61255,6354,7079
2026-08-18,INNSA,port776,Mumbai-Jawaharlal Nehru (Nhava Sheva),5,17,120909,285877,35083,36130
2026-08-18,KRPUS,port1065,Busan,27,49,229306,258935,157558,193958
2026-08-18,NLRTM,port1114,Rotterdam,17,86,118711,644577,51051,224020
2026-08-18,PLGDN,port380,Gdansk,2,10,54385,260948,0,6763
2026-08-18,SGSIN,port1201,Singapore,40,113,806448,1046957,653895,897760
2026-08-18,TRMER,port735,Mersin,1,4,0,0,20346,23253
2026-08-18,UAODS,port843,Odessa,0,0,0,0,0,0
2026-08-18,USLGB,port664,Los Angeles-Long Beach,4,8,140838,141642,81607,161801
2026-08-18,USNYC,port815,New York-New Jersey,3,9,50562,77364,11248,53590
2026-08-19,AEJEA,port744,Jebel Ali,0,7,0,127989,0,4524
2026-08-19,BRSSZ,port1160,Santos,9,24,153580,264944,96375,704422
2026-08-19,CNSHA,port1188,Shanghai,32,100,239177,787991,546698,636608
2026-08-19,CNSZX,port1414,Yantian,5,6,0,904,59344,60248
2026-08-19,DEHAM,port446,Hamburg,10,22,74115,120104,240327,301057
2026-08-19,EGALY,port23,Alexandria,2,11,29142,114306,14521,32944
2026-08-19,GBFXT,port343,Felixstowe,2,4,41762,45557,0,0
2026-08-19,INNSA,port776,Mumbai-Jawaharlal Nehru (Nhava Sheva),10,22,214285,379774,78636,80612
2026-08-19,KRPUS,port1065,Busan,28,56,181540,230972,182881,203167
2026-08-19,NLRTM,port1114,Rotterdam,20,83,52040,650991,152379,225515
2026-08-19,PLGDN,port380,Gdansk,3,9,118528,290517,0,2939
2026-08-19,SGSIN,port1201,Singapore,38,130,905415,1567996,613870,835626
2026-08-19,TRMER,port735,Mersin,4,13,1820,16864,101014,111446
2026-08-19,UAODS,port843,Odessa,0,0,0,0,0,0
2026-08-19,USLGB,port664,Los Angeles-Long Beach,6,12,396394,478904,0,2714
2026-08-19,USNYC,port815,New York-New Jersey,6,15,196257,452051,0,5595
2026-08-20,AEJEA,port744,Jebel Ali,1,5,11858,37446,0,16973
2026-08-20,BRSSZ,port1160,Santos,4,15,0,103878,38633,418814
2026-08-20,CNSHA,port1188,Shanghai,26,104,225746,1119698,477956,881434
2026-08-20,CNSZX,port1414,Yantian,10,10,45518,45518,170286,170286
2026-08-20,DEHAM,port446,Hamburg,11,21,78555,229312,89999,107680
2026-08-20,EGALY,port23,Alexandria,5,10,23543,25401,46727,62150
2026-08-20,GBFXT,port343,Felixstowe,1,1,0,0,122883,122883
2026-08-20,INNSA,port776,Mumbai-Jawaharlal Nehru (Nhava Sheva),6,22,47451,165832,142171,178517
2026-08-20,KRPUS,port1065,Busan,27,48,103522,169981,162905,175536
2026-08-20,NLRTM,port1114,Rotterdam,23,103,195863,475770,208345,371828
2026-08-20,PLGDN,port380,Gdansk,1,10,0,222936,0,3288
2026-08-20,SGSIN,port1201,Singapore,41,122,1080504,1301043,806807,1121846
2026-08-20,TRMER,port735,Mersin,3,8,30612,57035,16874,40813
2026-08-20,UAODS,port843,Odessa,0,0,0,0,0,0
2026-08-20,USLGB,port664,Los Angeles-Long Beach,5,9,629793,845091,129696,170245
2026-08-20,USNYC,port815,New York-New Jersey,4,6,6374,7743,3661,8780
2026-08-21,AEJEA,port744,Jebel Ali,2,3,64913,64913,25806,53666
2026-08-21,BRSSZ,port1160,Santos,7,21,242770,355819,69767,332474
2026-08-21,CNSHA,port1188,Shanghai,29,86,205252,732619,356132,703887
2026-08-21,CNSZX,port1414,Yantian,8,9,2194,2194,92066,92066
2026-08-21,DEHAM,port446,Hamburg,11,20,259721,265416,77860,82574
2026-08-21,EGALY,port23,Alexandria,4,7,29987,35069,118723,125271
2026-08-21,GBFXT,port343,Felixstowe,1,2,17889,19584,0,0
2026-08-21,INNSA,port776,Mumbai-Jawaharlal Nehru (Nhava Sheva),8,23,161421,400921,96856,129317
2026-08-21,KRPUS,port1065,Busan,28,46,130984,156390,179320,190556
2026-08-21,NLRTM,port1114,Rotterdam,14,82,93920,1031412,124261,228646
2026-08-21,PLGDN,port380,Gdansk,2,13,1295,53637,7044,21789
2026-08-21,SGSIN,port1201,Singapore,39,108,1428672,1679099,849157,1203888
2026-08-21,TRMER,port735,Mersin,3,10,6106,27006,85839,90034
2026-08-21,UAODS,port843,Odessa,0,0,0,0,0,0
2026-08-21,USLGB,port664,Los Angeles-Long Beach,7,14,321646,352680,457638,464917
2026-08-21,USNYC,port815,New York-New Jersey,11,13,295278,295278,22497,22497
2026-08-22,AEJEA,port744,Jebel Ali,0,4,0,16558,0,6348
2026-08-22,BRSSZ,port1160,Santos,6,13,103985,111699,37267,151675
2026-08-22,CNSHA,port1188,Shanghai,24,70,225134,388060,291664,447246
2026-08-22,CNSZX,port1414,Yantian,5,6,0,904,31310,32214
2026-08-22,DEHAM,port446,Hamburg,11,14,137675,137675,207463,211348
2026-08-22,EGALY,port23,Alexandria,1,7,0,31364,17607,89540
2026-08-22,GBFXT,port343,Felixstowe,2,3,4548,4548,19694,20770
2026-08-22,INNSA,port776,Mumbai-Jawaharlal Nehru (Nhava Sheva),7,19,99742,224825,150194,200634
2026-08-22,KRPUS,port1065,Busan,33,56,187632,219059,239182,252840
2026-08-22,NLRTM,port1114,Rotterdam,15,71,338307,856295,84630,133247
2026-08-22,PLGDN,port380,Gdansk,3,7,72579,356802,6435,7277
2026-08-22,SGSIN,port1201,Singapore,33,106,691970,1257749,652979,916145
2026-08-22,TRMER,port735,Mersin,3,11,8000,38974,77886,80128
2026-08-22,UAODS,port843,Odessa,0,0,0,0,0,0
2026-08-22,USLGB,port664,Los Angeles-Long Beach,3,8,121544,249563,79487,79520
2026-08-22,USNYC,port815,New York-New Jersey,5,12,117094,369833,11248,22118
2026-08-23,AEJEA,port744,Jebel Ali,1,3,2974,5208,0,2360
2026-08-23,BRSSZ,port1160,Santos,10,20,121252,228191,159454,376908
2026-08-23,CNSHA,port1188,Shanghai,27,94,574675,959566,381640,563294
2026-08-23,CNSZX,port1414,Yantian,11,11,3656,3656,182390,182390
2026-08-23,DEHAM,port446,Hamburg,11,15,198118,239548,91990,96361
2026-08-23,EGALY,port23,Alexandria,5,11,147085,182461,29599,40981
2026-08-23,GBFXT,port343,Felixstowe,2,3,29658,31493,33024,33024
2026-08-23,INNSA,port776,Mumbai-Jawaharlal Nehru (Nhava Sheva),6,21,43551,263983,268338,342004
2026-08-23,KRPUS,port1065,Busan,28,50,100961,128844,294456,307739
2026-08-23,NLRTM,port1114,Rotterdam,14,63,104650,532842,76210,188137
2026-08-23,PLGDN,port380,Gdansk,2,10,29400,58209,304408,310493
2026-08-23,SGSIN,port1201,Singapore,31,85,506255,808628,644531,762889
2026-08-23,TRMER,port735,Mersin,4,6,36359,36359,16280,16752
2026-08-23,UAODS,port843,Odessa,0,0,0,0,0,0
2026-08-23,USLGB,port664,Los Angeles-Long Beach,6,14,239820,470696,47617,108889
2026-08-23,USNYC,port815,New York-New Jersey,7,8,148422,150315,100956,100956
2026-08-24,AEJEA,port744,Jebel Ali,1,3,64913,66029,24593,25908
2026-08-24,BRSSZ,port1160,Santos,2,11,15191,23330,55799,283581
2026-08-24,CNSHA,port1188,Shanghai,28,99,456860,787047,266074,584586
2026-08-24,CNSZX,port1414,Yantian,10,11,37839,37839,76872,79447
2026-08-24,DEHAM,port446,Hamburg,6,10,40097,47492,129019,132281
2026-08-24,EGALY,port23,Alexandria,5,11,42188,106316,59414,65377
2026-08-24,GBFXT,port343,Felixstowe,2,5,2340,6166,0,0
2026-08-24,INNSA,port776,Mumbai-Jawaharlal Nehru (Nhava Sheva),5,28,9859,152637,27439,72821
2026-08-24,KRPUS,port1065,Busan,20,38,150151,191232,111362,122925
2026-08-24,NLRTM,port1114,Rotterdam,16,99,55326,646562,24570,169429
2026-08-24,PLGDN,port380,Gdansk,4,14,61346,307633,143692,148151
2026-08-24,SGSIN,port1201,Singapore,43,122,342762,798436,932137,1244301
2026-08-24,TRMER,port735,Mersin,4,7,169111,176930,3482,10437
2026-08-24,UAODS,port843,Odessa,0,0,0,0,0,0
2026-08-24,USLGB,port664,Los Angeles-Long Beach,5,14,381137,596559,0,78676
2026-08-24,USNYC,port815,New York-New Jersey,4,9,176982,283686,18423,18423
2026-08-25,AEJEA,port744,Jebel Ali,2,6,0,47852,5646,23023
2026-08-25,BRSSZ,port1160,Santos,5,12,87008,123248,38076,300851
2026-08-25,CNSHA,port1188,Shanghai,28,75,61938,436365,525079,688648
2026-08-25,CNSZX,port1414,Yantian,9,11,17795,19313,119585,120489
2026-08-25,DEHAM,port446,Hamburg,6,9,27084,43810,207841,219486
2026-08-25,EGALY,port23,Alexandria,2,8,0,4204,22752,44692
2026-08-25,GBFXT,port343,Felixstowe,2,4,35900,35900,0,0
2026-08-25,INNSA,port776,Mumbai-Jawaharlal Nehru (Nhava Sheva),7,28,215128,417708,62033,115487
2026-08-25,KRPUS,port1065,Busan,32,46,186294,202577,238341,243899
2026-08-25,NLRTM,port1114,Rotterdam,16,79,267951,325995,178098,363632
2026-08-25,PLGDN,port380,Gdansk,1,7,102212,125285,0,8175
2026-08-25,SGSIN,port1201,Singapore,38,127,1005156,1562287,1020363,1323129
2026-08-25,TRMER,port735,Mersin,2,9,101826,105344,0,3245
2026-08-25,UAODS,port843,Odessa,0,0,0,0,0,0
2026-08-25,USLGB,port664,Los Angeles-Long Beach,8,14,805599,936543,22480,77838
2026-08-25,USNYC,port815,New York-New Jersey,4,7,98876,170918,140133,140133
2026-08-26,AEJEA,port744,Jebel Ali,2,6,0,21660,79985,82345
2026-08-26,BRSSZ,port1160,Santos,6,13,93892,97628,75997,235935
2026-08-26,CNSHA,port1188,Shanghai,11,48,785822,1114749,153284,286327
2026-08-26,CNSZX,port1414,Yantian,8,10,2194,5598,138712,139577
2026-08-26,DEHAM,port446,Hamburg,12,22,106844,179380,136843,159771
2026-08-26,EGALY,port23,Alexandria,1,5,0,23668,0,20700
2026-08-26,GBFXT,port343,Felixstowe,3,3,46127,46127,22603,22603
2026-08-26,INNSA,port776,Mumbai-Jawaharlal Nehru (Nhava Sheva),9,21,202863,393693,117296,122478
2026-08-26,KRPUS,port1065,Busan,29,43,299103,322190,140431,145279
2026-08-26,NLRTM,port1114,Rotterdam,19,83,208374,723757,228353,358511
2026-08-26,PLGDN,port380,Gdansk,2,12,45243,399191,54642,63165
2026-08-26,SGSIN,port1201,Singapore,37,102,918763,1322352,567956,886971
2026-08-26,TRMER,port735,Mersin,2,5,19530,23549,106273,106720
2026-08-26,UAODS,port843,Odessa,0,0,0,0,0,0
2026-08-26,USLGB,port664,Los Angeles-Long Beach,5,9,321423,361745,17882,78873
2026-08-26,USNYC,port815,New York-New Jersey,8,13,204374,275532,75717,84664
2026-08-27,AEJEA,port744,Jebel Ali,1,4,0,533,12981,62985
2026-08-27,BRSSZ,port1160,Santos,7,17,38636,70059,261418,523670
2026-08-27,CNSHA,port1188,Shanghai,0,1,0,11139,0,7709
2026-08-27,CNSZX,port1414,Yantian,9,10,5179,5179,107532,107532
2026-08-27,DEHAM,port446,Hamburg,9,15,29953,36597,61227,66449
2026-08-27,EGALY,port23,Alexandria,4,11,31382,52173,48063,65718
2026-08-27,GBFXT,port343,Felixstowe,4,4,10743,10743,24886,24886
2026-08-27,INNSA,port776,Mumbai-Jawaharlal Nehru (Nhava Sheva),8,19,197027,257314,353697,355465
2026-08-27,KRPUS,port1065,Busan,26,51,209083,261847,103682,122171
2026-08-27,NLRTM,port1114,Rotterdam,19,93,40019,705188,117974,253236
2026-08-27,PLGDN,port380,Gdansk,3,12,61556,108804,13905,16000
2026-08-27,SGSIN,port1201,Singapore,36,103,584873,831155,743663,968090
2026-08-27,TRMER,port735,Mersin,2,5,71041,71041,18441,23940
2026-08-27,UAODS,port843,Odessa,0,0,0,0,0,0
2026-08-27,USLGB,port664,Los Angeles-Long Beach,7,10,518764,554245,289872,291305
2026-08-27,USNYC,port815,New York-New Jersey,5,9,183577,282562,1878,2454
2026-08-28,AEJEA,port744,Jebel Ali,1,5,64913,153774,24593,36840
2026-08-28,BRSSZ,port1160,Santos,2,15,4928,57302,19666,301714
2026-08-28,CNSHA,port1188,Shanghai,29,86,570037,886383,251756,443698
2026-08-28,CNSZX,port1414,Yantian,6,8,2116,3021,44124,45028
2026-08-28,DEHAM,port446,Hamburg,12,22,58318,199923,279960,292112
2026-08-28,EGALY,port23,Alexandria,3,8,0,52629,15146,15429
2026-08-28,GBFXT,port343,Felixstowe,1,2,41706,44967,0,0
2026-08-28,INNSA,port776,Mumbai-Jawaharlal Nehru (Nhava Sheva),6,18,89731,95302,119878,122085
2026-08-28,KRPUS,port1065,Busan,19,36,86217,178788,132203,147153
2026-08-28,NLRTM,port1114,Rotterdam,18,78,157883,610843,118722,295092
2026-08-28,PLGDN,port380,Gdansk,2,6,184066,325941,0,4271
2026-08-28,SGSIN,port1201,Singapore,36,106,647051,1475087,699984,1053788
2026-08-28,TRMER,port735,Mersin,3,8,13138,18622,33197,35830
2026-08-28,UAODS,port843,Odessa,0,0,0,0,0,0
2026-08-28,USLGB,port664,Los Angeles-Long Beach,6,8,366110,425576,35069,35069
2026-08-28,USNYC,port815,New York-New Jersey,7,12,154756,166184,54376,80028
2026-08-29,AEJEA,port744,Jebel Ali,3,3,80044,80044,24593,24593
2026-08-29,BRSSZ,port1160,Santos,7,14,110137,149215,49995,271129
2026-08-29,CNSHA,port1188,Shanghai,38,145,212277,1157866,369184,697453
2026-08-29,CNSZX,port1414,Yantian,10,11,79655,79655,98884,98884
2026-08-29,DEHAM,port446,Hamburg,13,20,140651,146553,203726,244383
2026-08-29,EGALY,port23,Alexandria,0,7,0,6019,0,8094
2026-08-29,GBFXT,port343,Felixstowe,2,2,74520,74520,0,0
2026-08-29,INNSA,port776,Mumbai-Jawaharlal Nehru (Nhava Sheva),8,24,74238,184253,103194,105771
2026-08-29,KRPUS,port1065,Busan,32,50,189023,208401,218004,260511
2026-08-29,NLRTM,port1114,Rotterdam,18,78,304488,771193,135187,208032
2026-08-29,PLGDN,port380,Gdansk,2,5,31916,141825,0,13278
2026-08-29,SGSIN,port1201,Singapore,28,118,724839,964188,298528,535994
2026-08-29,TRMER,port735,Mersin,4,7,125135,125135,43629,45316
2026-08-29,UAODS,port843,Odessa,0,0,0,0,0,0
2026-08-29,USLGB,port664,Los Angeles-Long Beach,7,11,570099,690054,0,0
2026-08-29,USNYC,port815,New York-New Jersey,5,8,66226,169271,7429,7892
2026-08-30,AEJEA,port744,Jebel Ali,1,5,8935,108478,0,1461
2026-08-30,BRSSZ,port1160,Santos,5,11,15191,51206,156112,233563
2026-08-30,CNSHA,port1188,Shanghai,31,107,505438,960516,234125,689643
2026-08-30,CNSZX,port1414,Yantian,8,9,0,2362,112499,112499
2026-08-30,DEHAM,port446,Hamburg,9,12,29276,91518,145774,146768
2026-08-30,EGALY,port23,Alexandria,0,0,0,0,0,0
2026-08-30,GBFXT,port343,Felixstowe,2,2,20856,20856,60274,60274
2026-08-30,INNSA,port776,Mumbai-Jawaharlal Nehru (Nhava Sheva),8,24,171346,325337,47138,78168
2026-08-30,KRPUS,port1065,Busan,26,59,104180,156057,180393,230912
2026-08-30,NLRTM,port1114,Rotterdam,17,81,160900,713824,40185,259777
2026-08-30,PLGDN,port380,Gdansk,3,10,14169,15483,174589,184262
2026-08-30,SGSIN,port1201,Singapore,36,111,506097,1177915,663850,876638
2026-08-30,TRMER,port735,Mersin,5,10,106091,106093,33748,69080
2026-08-30,UAODS,port843,Odessa,0,0,0,0,0,0
2026-08-30,USLGB,port664,Los Angeles-Long Beach,4,8,415807,468324,18358,37290
2026-08-30,USNYC,port815,New York-New Jersey,8,11,316790,388298,84670,84670
2026-08-31,AEJEA,port744,Jebel Ali,3,5,80781,81897,68636,85276
2026-08-31,BRSSZ,port1160,Santos,8,22,212439,218694,51829,418363
2026-08-31,CNSHA,port1188,Shanghai,31,97,465766,829019,451015,727487
2026-08-31,CNSZX,port1414,Yantian,13,14,13441,13441,208001,208937
2026-08-31,DEHAM,port446,Hamburg,6,13,28249,170378,45593,54342
2026-08-31,EGALY,port23,Alexandria,6,20,123411,184587,69202,89164
2026-08-31,GBFXT,port343,Felixstowe,1,2,4352,4352,0,0
2026-08-31,INNSA,port776,Mumbai-Jawaharlal Nehru (Nhava Sheva),8,29,135947,323749,256101,257869
2026-08-31,KRPUS,port1065,Busan,29,46,191762,221083,116488,125622
2026-08-31,NLRTM,port1114,Rotterdam,21,88,151411,296071,58467,302539
2026-08-31,PLGDN,port380,Gdansk,2,14,18169,241206,132773,150143
2026-08-31,SGSIN,port1201,Singapore,35,143,870606,1209472,768481,1154943
2026-08-31,TRMER,port735,Mersin,3,8,0,69330,63093,66968
2026-08-31,UAODS,port843,Odessa,0,0,0,0,0,0
2026-08-31,USLGB,port664,Los Angeles-Long Beach,4,6,168514,168514,0,0
2026-08-31,USNYC,port815,New York-New Jersey,4,9,145809,175694,0,360
2026-09-01,AEJEA,port744,Jebel Ali,3,4,64913,68420,24593,24593
2026-09-01,BRSSZ,port1160,Santos,7,16,356960,404459,40217,320585
2026-09-01,CNSHA,port1188,Shanghai,34,101,207423,669544,494219,666745
2026-09-01,CNSZX,port1414,Yantian,6,7,954,5983,67066,67066
2026-09-01,DEHAM,port446,Hamburg,9,17,133433,148780,61981,74722
2026-09-01,EGALY,port23,Alexandria,2,10,4772,48012,7312,8959
2026-09-01,GBFXT,port343,Felixstowe,3,8,45137,54604,14439,14497
2026-09-01,INNSA,port776,Mumbai-Jawaharlal Nehru (Nhava Sheva),7,21,114278,272660,72780,109471
2026-09-01,KRPUS,port1065,Busan,34,53,250117,296215,109643,123808
2026-09-01,NLRTM,port1114,Rotterdam,20,74,119486,678557,219926,433604
2026-09-01,PLGDN,port380,Gdansk,1,12,18169,303090,34841,40195
2026-09-01,SGSIN,port1201,Singapore,34,111,576119,1044537,468078,827558
2026-09-01,TRMER,port735,Mersin,2,8,83339,98578,0,1299
2026-09-01,UAODS,port843,Odessa,0,0,0,0,0,0
2026-09-01,USLGB,port664,Los Angeles-Long Beach,6,11,482082,694308,7542,84674
2026-09-01,USNYC,port815,New York-New Jersey,3,8,97315,152641,6231,6231
2026-09-02,AEJEA,port744,Jebel Ali,1,4,0,22659,0,4113
2026-09-02,BRSSZ,port1160,Santos,4,12,34031,97754,21196,124815
2026-09-02,CNSHA,port1188,Shanghai,31,100,368015,937100,416420,792438
2026-09-02,CNSZX,port1414,Yantian,7,9,0,904,129994,130898
2026-09-02,DEHAM,port446,Hamburg,13,20,113790,120930,122413,136766
2026-09-02,EGALY,port23,Alexandria,5,10,36168,71604,43951,112755
2026-09-02,GBFXT,port343,Felixstowe,2,2,53450,53450,0,0
2026-09-02,INNSA,port776,Mumbai-Jawaharlal Nehru (Nhava Sheva),7,32,101648,229519,288895,437099
2026-09-02,KRPUS,port1065,Busan,30,47,148780,180589,124748,169019
2026-09-02,NLRTM,port1114,Rotterdam,21,86,250564,614270,128100,341267
2026-09-02,PLGDN,port380,Gdansk,1,7,32560,218436,0,43454
2026-09-02,SGSIN,port1201,Singapore,32,90,917114,1328965,526398,690601
2026-09-02,TRMER,port735,Mersin,2,7,0,33466,55728,56671
2026-09-02,UAODS,port843,Odessa,0,0,0,0,0,0
2026-09-02,USLGB,port664,Los Angeles-Long Beach,6,12,265131,510518,11591,65300
2026-09-02,USNYC,port815,New York-New Jersey,6,10,215925,304009,22497,22497
2026-09-03,AEJEA,port744,Jebel Ali,0,2,0,0,0,46668
2026-09-03,BRSSZ,port1160,Santos,9,21,117231,140151,120375,437770
2026-09-03,CNSHA,port1188,Shanghai,29,94,634030,1079403,485019,650960
2026-09-03,CNSZX,port1414,Yantian,10,12,28740,33143,172539,172559
2026-09-03,DEHAM,port446,Hamburg,4,9,25636,146395,59610,62434
2026-09-03,EGALY,port23,Alexandria,2,8,0,38714,38015,41609
2026-09-03,GBFXT,port343,Felixstowe,2,2,49134,49134,0,0
2026-09-03,INNSA,port776,Mumbai-Jawaharlal Nehru (Nhava Sheva),9,22,180651,249184,250838,251897
2026-09-03,KRPUS,port1065,Busan,33,51,127285,169722,284237,292527
2026-09-03,NLRTM,port1114,Rotterdam,23,104,339102,1209782,95126,230227
2026-09-03,PLGDN,port380,Gdansk,2,8,35917,138079,15048,17645
2026-09-03,SGSIN,port1201,Singapore,32,121,546030,969723,720625,1052835
2026-09-03,TRMER,port735,Mersin,6,7,23907,68130,87312,87312
2026-09-03,UAODS,port843,Odessa,0,0,0,0,0,0
2026-09-03,USLGB,port664,Los Angeles-Long Beach,8,16,357822,377149,147645,197655
2026-09-03,USNYC,port815,New York-New Jersey,6,6,14600,14600,113212,113212
2026-09-04,AEJEA,port744,Jebel Ali,2,4,84189,169721,0,0
2026-09-04,BRSSZ,port1160,Santos,4,13,10960,15310,64607,378026
2026-09-04,CNSHA,port1188,Shanghai,30,86,517413,1044108,410978,515263
2026-09-04,CNSZX,port1414,Yantian,6,6,8178,8178,77949,77949
2026-09-04,DEHAM,port446,Hamburg,3,13,82124,145998,16829,52250
2026-09-04,EGALY,port23,Alexandria,3,8,33404,48450,30387,40189
2026-09-04,GBFXT,port343,Felixstowe,2,3,9235,9235,208842,208842
2026-09-04,INNSA,port776,Mumbai-Jawaharlal Nehru (Nhava Sheva),5,19,0,282414,162324,224015
2026-09-04,KRPUS,port1065,Busan,19,28,43369,54136,91717,97721
2026-09-04,NLRTM,port1114,Rotterdam,11,57,225605,297604,152948,218019
2026-09-04,PLGDN,port380,Gdansk,4,10,96031,285127,22659,22790
2026-09-04,SGSIN,port1201,Singapore,38,114,670669,1354780,782020,1053285
2026-09-04,TRMER,port735,Mersin,2,6,97385,112592,2373,2820
2026-09-04,UAODS,port843,Odessa,0,0,0,0,0,0
2026-09-04,USLGB,port664,Los Angeles-Long Beach,8,12,615210,658995,100903,100903
2026-09-04,USNYC,port815,New York-New Jersey,8,12,252226,339091,217282,217282
2026-09-05,AEJEA,port744,Jebel Ali,1,9,64913,196482,24593,30687
2026-09-05,BRSSZ,port1160,Santos,8,19,213496,264756,59948,474244
2026-09-05,CNSHA,port1188,Shanghai,33,96,620275,1106880,574511,750607
2026-09-05,CNSZX,port1414,Yantian,12,14,33749,34653,160454,161358
2026-09-05,DEHAM,port446,Hamburg,2,7,40975,251321,0,0
2026-09-05,EGALY,port23,Alexandria,4,10,51758,80344,79074,86995
2026-09-05,GBFXT,port343,Felixstowe,2,3,37118,37118,0,475
2026-09-05,INNSA,port776,Mumbai-Jawaharlal Nehru (Nhava Sheva),7,21,211491,251674,73225,76095
2026-09-05,KRPUS,port1065,Busan,29,35,126280,137761,234113,236816
2026-09-05,NLRTM,port1114,Rotterdam,16,83,224503,901870,156339,222516
2026-09-05,PLGDN,port380,Gdansk,4,6,141390,142261,34841,38206
2026-09-05,SGSIN,port1201,Singapore,40,126,982101,1373845,980997,1356252
2026-09-05,TRMER,port735,Mersin,4,5,62122,62122,85394,87730
2026-09-05,UAODS,port843,Odessa,0,0,0,0,0,0
2026-09-05,USLGB,port664,Los Angeles-Long Beach,4,9,218026,393815,146175,250829
2026-09-05,USNYC,port815,New York-New Jersey,9,15,331556,446706,55459,77472
2026-09-06,AEJEA,port744,Jebel Ali,2,6,17277,64901,0,5134
2026-09-06,BRSSZ,port1160,Santos,7,14,172821,193831,60997,153235
2026-09-06,CNSHA,port1188,Shanghai,25,85,124091,534764,355461,536236
2026-09-06,CNSZX,port1414,Yantian,6,7,4258,4258,55631,56440
2026-09-06,DEHAM,port446,Hamburg,10,19,130536,163467,198156,264986
2026-09-06,EGALY,port23,Alexandria,4,5,19614,66816,103628,103628
2026-09-06,GBFXT,port343,Felixstowe,2,2,20317,20317,16512,16512
2026-09-06,INNSA,port776,Mumbai-Jawaharlal Nehru (Nhava Sheva),10,32,84202,275112,192166,296638
2026-09-06,KRPUS,port1065,Busan,25,32,163955,166552,87020,94878
2026-09-06,NLRTM,port1114,Rotterdam,14,72,16123,700081,21678,59927
2026-09-06,PLGDN,port380,Gdansk,4,9,51341,213516,34841,36551
2026-09-06,SGSIN,port1201,Singapore,37,128,779592,1198115,836784,1197568
2026-09-06,TRMER,port735,Mersin,3,6,13138,13702,90013,95582
2026-09-06,UAODS,port843,Odessa,0,0,0,0,0,0
2026-09-06,USLGB,port664,Los Angeles-Long Beach,5,8,289361,360935,67402,77619
2026-09-06,USNYC,port815,New York-New Jersey,5,7,22511,69293,142805,142805
2026-09-07,AEJEA,port744,Jebel Ali,0,3,0,96702,0,20602
2026-09-07,BRSSZ,port1160,Santos,7,13,56046,89042,183623,213679
2026-09-07,CNSHA,port1188,Shanghai,27,96,341234,740472,361330,561658
2026-09-07,CNSZX,port1414,Yantian,12,14,6318,11626,168721,169645
2026-09-07,DEHAM,port446,Hamburg,15,25,107817,124925,181796,184660
2026-09-07,EGALY,port23,Alexandria,3,11,53589,114260,22398,29379
2026-09-07,GBFXT,port343,Felixstowe,2,5,72872,77595,0,0
2026-09-07,INNSA,port776,Mumbai-Jawaharlal Nehru (Nhava Sheva),11,27,401138,623697,86350,187878
2026-09-07,KRPUS,port1065,Busan,21,57,112975,178929,110576,136239
2026-09-07,NLRTM,port1114,Rotterdam,20,93,156708,885881,92148,268762
2026-09-07,PLGDN,port380,Gdansk,2,13,30212,139841,152381,157507
2026-09-07,SGSIN,port1201,Singapore,43,150,955155,1586284,896188,1329929
2026-09-07,TRMER,port735,Mersin,5,8,126569,139449,54817,59976
2026-09-07,UAODS,port843,Odessa,0,0,0,0,0,0
2026-09-07,USLGB,port664,Los Angeles-Long Beach,0,5,0,88396,0,59187
2026-09-07,USNYC,port815,New York-New Jersey,1,2,46814,59776,0,0
2026-09-08,AEJEA,port744,Jebel Ali,4,8,127825,157295,43681,53315
2026-09-08,BRSSZ,port1160,Santos,6,13,42977,76996,43246,236857
2026-09-08,CNSHA,port1188,Shanghai,27,83,326139,657387,338508,487899
2026-09-08,CNSZX,port1414,Yantian,9,10,2194,2194,99697,102272
2026-09-08,DEHAM,port446,Hamburg,11,20,168561,178601,218943,277731
2026-09-08,EGALY,port23,Alexandria,3,7,35811,40180,27707,37097
2026-09-08,GBFXT,port343,Felixstowe,3,5,28628,28628,0,0
2026-09-08,INNSA,port776,Mumbai-Jawaharlal Nehru (Nhava Sheva),4,21,167317,281540,139299,158233
2026-09-08,KRPUS,port1065,Busan,29,47,170646,221472,151913,159657
2026-09-08,NLRTM,port1114,Rotterdam,17,83,62589,1199443,137091,293257
2026-09-08,PLGDN,port380,Gdansk,1,10,84568,262052,0,2797
2026-09-08,SGSIN,port1201,Singapore,35,121,395989,720151,713437,1026696
2026-09-08,TRMER,port735,Mersin,1,2,13138,13138,16874,16874
2026-09-08,UAODS,port843,Odessa,0,0,0,0,0,0
2026-09-08,USLGB,port664,Los Angeles-Long Beach,9,22,642083,814217,203331,232581
2026-09-08,USNYC,port815,New York-New Jersey,7,11,222285,315833,27395,27721
2026-09-09,AEJEA,port744,Jebel Ali,0,2,0,1116,0,18809
2026-09-09,BRSSZ,port1160,Santos,7,15,31703,96922,144010,326741
2026-09-09,CNSHA,port1188,Shanghai,28,71,528926,735789,477449,840374
2026-09-09,CNSZX,port1414,Yantian,8,10,4378,4378,166886,166886
2026-09-09,DEHAM,port446,Hamburg,11,18,28205,117930,214750,218595
2026-09-09,EGALY,port23,Alexandria,5,8,17232,104302,56553,60234
2026-09-09,GBFXT,port343,Felixstowe,2,4,88869,93974,0,0
2026-09-09,INNSA,port776,Mumbai-Jawaharlal Nehru (Nhava Sheva),9,23,129892,428754,75688,75688
2026-09-09,KRPUS,port1065,Busan,28,36,296418,310877,105455,112022
2026-09-09,NLRTM,port1114,Rotterdam,18,91,347367,603731,189002,309011
2026-09-09,PLGDN,port380,Gdansk,1,8,8411,74071,0,1309
2026-09-09,SGSIN,port1201,Singapore,40,135,1008532,1506305,1109466,1411702
2026-09-09,TRMER,port735,Mersin,4,9,33893,44958,81042,82911
2026-09-09,UAODS,port843,Odessa,0,0,0,0,0,0
2026-09-09,USLGB,port664,Los Angeles-Long Beach,4,6,219632,254948,225776,298257
2026-09-09,USNYC,port815,New York-New Jersey,7,14,193684,355139,7244,10474
2026-09-10,AEJEA,port744,Jebel Ali,5,6,70117,71234,110998,112178
2026-09-10,BRSSZ,port1160,Santos,5,14,15331,76220,46806,349906
2026-09-10,CNSHA,port1188,Shanghai,25,87,236865,641857,244460,405756
2026-09-10,CNSZX,port1414,Yantian,5,7,1236,2140,67670,68575
2026-09-10,DEHAM,port446,Hamburg,10,19,211837,246331,88414,93288
2026-09-10,EGALY,port23,Alexandria,2,7,55241,94149,21185,26765
2026-09-10,GBFXT,port343,Felixstowe,3,3,50719,50719,16512,16512
2026-09-10,INNSA,port776,Mumbai-Jawaharlal Nehru (Nhava Sheva),10,19,174534,209403,168543,206314
2026-09-10,KRPUS,port1065,Busan,35,64,221219,282653,189247,230414
2026-09-10,NLRTM,port1114,Rotterdam,17,91,53763,681916,150102,310777
2026-09-10,PLGDN,port380,Gdansk,2,10,52761,89092,38426,47589
2026-09-10,SGSIN,port1201,Singapore,38,111,459983,790269,1023085,1360666
2026-09-10,TRMER,port735,Mersin,1,3,25309,25309,0,4830
2026-09-10,UAODS,port843,Odessa,0,0,0,0,0,0
2026-09-10,USLGB,port664,Los Angeles-Long Beach,4,10,208354,433454,7526,8589
2026-09-10,USNYC,port815,New York-New Jersey,4,8,155088,223026,41370,71279
2026-09-11,AEJEA,port744,Jebel Ali,1,5,78159,79276,0,65701
2026-09-11,BRSSZ,port1160,Santos,7,15,285530,334313,29339,192951
2026-09-11,CNSHA,port1188,Shanghai,32,93,202099,435914,432093,596666
2026-09-11,CNSZX,port1414,Yantian,12,13,3550,4485,178286,178286
2026-09-11,DEHAM,port446,Hamburg,13,21,198334,419566,152388,161362
2026-09-11,EGALY,port23,Alexandria,4,7,179898,210966,11199,11199
2026-09-11,GBFXT,port343,Felixstowe,2,2,29148,29148,6759,6759
2026-09-11,INNSA,port776,Mumbai-Jawaharlal Nehru (Nhava Sheva),6,22,109657,446769,103377,110906
2026-09-11,KRPUS,port1065,Busan,34,54,272936,299894,258956,267371
2026-09-11,NLRTM,port1114,Rotterdam,19,76,126132,754385,170046,242612
2026-09-11,PLGDN,port380,Gdansk,3,8,90269,279106,250735,252433
2026-09-11,SGSIN,port1201,Singapore,29,105,728568,1119912,603826,880918
2026-09-11,TRMER,port735,Mersin,3,7,13138,15991,26304,27815
2026-09-11,UAODS,port843,Odessa,0,0,0,0,0,0
2026-09-11,USLGB,port664,Los Angeles-Long Beach,6,11,349622,361127,0,0
2026-09-11,USNYC,port815,New York-New Jersey,10,14,279497,393834,37811,38071
2026-09-12,AEJEA,port744,Jebel Ali,2,5,64913,64913,42973,60011
2026-09-12,BRSSZ,port1160,Santos,9,15,149117,200250,138308,299937
2026-09-12,CNSHA,port1188,Shanghai,31,71,307342,429426,349196,559636
2026-09-12,CNSZX,port1414,Yantian,5,6,2194,5985,78169,78169
2026-09-12,DEHAM,port446,Hamburg,6,14,37121,80922,211426,217052
2026-09-12,EGALY,port23,Alexandria,3,8,124260,173442,30170,30805
2026-09-12,GBFXT,port343,Felixstowe,2,2,3592,3592,16117,16117
2026-09-12,INNSA,port776,Mumbai-Jawaharlal Nehru (Nhava Sheva),8,25,51989,253316,253083,288198
2026-09-12,KRPUS,port1065,Busan,29,50,133011,170569,261868,281712
2026-09-12,NLRTM,port1114,Rotterdam,9,67,223491,693264,11535,194460
2026-09-12,PLGDN,port380,Gdansk,2,5,50491,147019,0,0
2026-09-12,SGSIN,port1201,Singapore,36,121,508158,1046743,885457,1181811
2026-09-12,TRMER,port735,Mersin,6,6,422671,422671,12293,12293
2026-09-12,UAODS,port843,Odessa,0,0,0,0,0,0
2026-09-12,USLGB,port664,Los Angeles-Long Beach,8,9,631237,689475,18358,25749
2026-09-12,USNYC,port815,New York-New Jersey,2,4,35031,70446,18328,18328
2026-09-13,AEJEA,port744,Jebel Ali,0,2,0,39266,0,91
2026-09-13,BRSSZ,port1160,Santos,5,8,117475,117475,52299,68963
2026-09-13,CNSHA,port1188,Shanghai,21,79,251393,506291,309731,532604
2026-09-13,CNSZX,port1414,Yantian,8,10,5858,6762,137713,138617
2026-09-13,DEHAM,port446,Hamburg,8,15,107337,109033,92001,94797
2026-09-13,EGALY,port23,Alexandria,4,10,66978,75804,28291,33375
2026-09-13,GBFXT,port343,Felixstowe,2,2,17684,17684,0,0
2026-09-13,INNSA,port776,Mumbai-Jawaharlal Nehru (Nhava Sheva),5,22,174949,244138,24413,74910
2026-09-13,KRPUS,port1065,Busan,31,48,219343,250090,193536,201290
2026-09-13,NLRTM,port1114,Rotterdam,17,86,296635,689634,122040,384705
2026-09-13,PLGDN,port380,Gdansk,4,8,192382,331703,661001,661581
2026-09-13,SGSIN,port1201,Singapore,35,121,669870,1040704,1078924,1423784
2026-09-13,TRMER,port735,Mersin,2,6,0,1334,42201,79812
2026-09-13,UAODS,port843,Odessa,0,0,0,0,0,0
2026-09-13,USLGB,port664,Los Angeles-Long Beach,6,11,469575,483011,156332,190476
2026-09-13,USNYC,port815,New York-New Jersey,8,11,249440,288926,13084,13084
2026-09-14,AEJEA,port744,Jebel Ali,1,4,0,4103,0,1082
2026-09-14,BRSSZ,port1160,Santos,9,15,123369,144278,104366,138920
2026-09-14,CNSHA,port1188,Shanghai,25,79,350610,650827,314031,378913
2026-09-14,CNSZX,port1414,Yantian,6,8,29145,32177,53218,53218
2026-09-14,DEHAM,port446,Hamburg,9,17,133238,228620,15125,27096
2026-09-14,EGALY,port23,Alexandria,5,15,48234,123737,36617,42997
2026-09-14,GBFXT,port343,Felixstowe,1,4,0,2100,12703,12703
2026-09-14,INNSA,port776,Mumbai-Jawaharlal Nehru (Nhava Sheva),8,28,88845,146045,105709,128020
2026-09-14,KRPUS,port1065,Busan,21,45,152998,200416,63282,73422
2026-09-14,NLRTM,port1114,Rotterdam,19,93,215319,766822,61042,248639
2026-09-14,PLGDN,port380,Gdansk,2,12,51562,191890,34841,41010
2026-09-14,SGSIN,port1201,Singapore,30,114,464696,891388,562203,1072651
2026-09-14,TRMER,port735,Mersin,2,6,15743,25987,0,2762
2026-09-14,UAODS,port843,Odessa,0,0,0,0,0,0
2026-09-14,USLGB,port664,Los Angeles-Long Beach,4,10,226020,317959,0,383
2026-09-14,USNYC,port815,New York-New Jersey,5,7,111720,164490,20113,20113
2026-09-15,AEJEA,port744,Jebel Ali,2,7,0,3350,33784,38389
2026-09-15,BRSSZ,port1160,Santos,4,15,15191,35541,41609,301229
2026-09-15,CNSHA,port1188,Shanghai,22,85,493298,826943,295876,420964
2026-09-15,CNSZX,port1414,Yantian,8,9,19548,20452,121280,122184
2026-09-15,DEHAM,port446,Hamburg,8,15,90408,167747,158749,161529
2026-09-15,EGALY,port23,Alexandria,4,6,17232,21510,71805,72820
2026-09-15,GBFXT,port343,Felixstowe,2,4,35447,36827,16512,16512
2026-09-15,INNSA,port776,Mumbai-Jawaharlal Nehru (Nhava Sheva),11,25,294160,388083,71311,101025
2026-09-15,KRPUS,port1065,Busan,32,52,147989,181147,209276,220989
2026-09-15,NLRTM,port1114,Rotterdam,22,87,108765,825271,194297,320009
2026-09-15,PLGDN,port380,Gdansk,3,11,33466,144567,0,4533
2026-09-15,SGSIN,port1201,Singapore,38,119,1059259,1836252,846509,1202712
2026-09-15,TRMER,port735,Mersin,1,4,0,902,7627,8003
2026-09-15,UAODS,port843,Odessa,0,0,0,0,0,0
2026-09-15,USLGB,port664,Los Angeles-Long Beach,6,10,380832,510777,18358,49657
2026-09-15,USNYC,port815,New York-New Jersey,4,10,143661,322282,0,2218
2026-09-16,AEJEA,port744,Jebel Ali,1,3,63445,63978,0,31068
2026-09-16,BRSSZ,port1160,Santos,9,20,96142,137982,187987,510491
2026-09-16,CNSHA,port1188,Shanghai,29,92,415176,726535,476961,780575
2026-09-16,CNSZX,port1414,Yantian,11,12,17836,22239,128801,128822
2026-09-16,DEHAM,port446,Hamburg,8,18,35597,142043,243580,247898
2026-09-16,EGALY,port23,Alexandria,3,6,17232,32296,26481,33743
2026-09-16,GBFXT,port343,Felixstowe,3,3,56537,56537,27610,27610
2026-09-16,INNSA,port776,Mumbai-Jawaharlal Nehru (Nhava Sheva),8,21,107004,320768,70526,73781
2026-09-16,KRPUS,port1065,Busan,24,38,268198,282605,105295,113090
2026-09-16,NLRTM,port1114,Rotterdam,19,80,152414,642917,78485,188702
2026-09-16,PLGDN,port380,Gdansk,3,10,123149,237788,146974,147914
2026-09-16,SGSIN,port1201,Singapore,33,129,594686,1106940,512338,826270
2026-09-16,TRMER,port735,Mersin,3,7,24204,25607,58310,60056
2026-09-16,UAODS,port843,Odessa,0,0,0,0,0,0
2026-09-16,USLGB,port664,Los Angeles-Long Beach,4,6,259133,288411,0,0
2026-09-16,USNYC,port815,New York-New Jersey,6,10,109947,149730,22497,67803
2026-09-17,AEJEA,port744,Jebel Ali,3,5,129826,156196,49187,49187
2026-09-17,BRSSZ,port1160,Santos,7,21,182986,250662,89215,453880
2026-09-17,CNSHA,port1188,Shanghai,27,87,484261,806004,298785,475281
2026-09-17,CNSZX,port1414,Yantian,14,17,15142,27331,139366,139366
2026-09-17,DEHAM,port446,Hamburg,5,16,97379,145008,71526,85575
2026-09-17,EGALY,port23,Alexandria,2,9,23820,136257,11199,29302
2026-09-17,GBFXT,port343,Felixstowe,1,1,0,0,47322,47322
2026-09-17,INNSA,port776,Mumbai-Jawaharlal Nehru (Nhava Sheva),7,24,56377,353720,162487,170520
2026-09-17,KRPUS,port1065,Busan,20,36,83489,127644,169078,215466
2026-09-17,NLRTM,port1114,Rotterdam,22,89,153830,1251064,79836,215237
2026-09-17,PLGDN,port380,Gdansk,2,13,173779,421670,0,13322
2026-09-17,SGSIN,port1201,Singapore,30,96,1101168,1303630,430499,765343
2026-09-17,TRMER,port735,Mersin,3,5,13138,13138,40501,40501
2026-09-17,UAODS,port843,Odessa,0,0,0,0,0,0
2026-09-17,USLGB,port664,Los Angeles-Long Beach,5,7,382591,410744,167369,168350
2026-09-17,USNYC,port815,New York-New Jersey,3,10,10808,119116,65812,65812
2026-09-18,AEJEA,port744,Jebel Ali,1,6,128779,190801,0,1180
2026-09-18,BRSSZ,port1160,Santos,4,18,78819,146653,51017,298901
2026-09-18,CNSHA,port1188,Shanghai,34,70,637278,832290,423964,495356
2026-09-18,CNSZX,port1414,Yantian,5,6,2194,3098,76986,77890
2026-09-18,DEHAM,port446,Hamburg,11,20,175885,187958,138121,170154
2026-09-18,EGALY,port23,Alexandria,4,7,238158,238158,31920,54184
2026-09-18,GBFXT,port343,Felixstowe,3,4,28188,28188,4627,5984
2026-09-18,INNSA,port776,Mumbai-Jawaharlal Nehru (Nhava Sheva),9,29,118500,413393,214382,269327
2026-09-18,KRPUS,port1065,Busan,32,52,316016,384950,274243,280426
2026-09-18,NLRTM,port1114,Rotterdam,21,79,204682,429050,276834,369301
2026-09-18,PLGDN,port380,Gdansk,0,11,0,100981,0,38051
2026-09-18,SGSIN,port1201,Singapore,39,125,373220,874013,1016976,1399086
2026-09-18,TRMER,port735,Mersin,3,6,35196,52759,63947,65544
2026-09-18,UAODS,port843,Odessa,0,0,0,0,0,0
2026-09-18,USLGB,port664,Los Angeles-Long Beach,6,12,296212,501555,469547,469547
2026-09-18,USNYC,port815,New York-New Jersey,5,7,112531,136983,11248,11248
2026-09-19,AEJEA,port744,Jebel Ali,3,6,194739,274123,73781,86029
2026-09-19,BRSSZ,port1160,Santos,6,20,192938,237106,14550,257141
2026-09-19,CNSHA,port1188,Shanghai,29,82,486651,772171,384860,516427
2026-09-19,CNSZX,port1414,Yantian,8,10,44957,58778,75268,75268
2026-09-19,DEHAM,port446,Hamburg,7,14,41968,233897,149260,151803
2026-09-19,EGALY,port23,Alexandria,4,9,169963,185735,63842,63842
2026-09-19,GBFXT,port343,Felixstowe,0,0,0,0,0,0
2026-09-19,INNSA,port776,Mumbai-Jawaharlal Nehru (Nhava Sheva),6,27,80044,298586,224274,290497
2026-09-19,KRPUS,port1065,Busan,21,39,61730,117788,134534,146785
2026-09-19,NLRTM,port1114,Rotterdam,10,65,79816,950074,32265,88417
2026-09-19,PLGDN,port380,Gdansk,5,14,49959,145211,5239,44628
2026-09-19,SGSIN,port1201,Singapore,28,106,676101,976765,293208,650730
2026-09-19,TRMER,port735,Mersin,5,5,67414,67414,9455,9455
2026-09-19,UAODS,port843,Odessa,0,0,0,0,0,0
2026-09-19,USLGB,port664,Los Angeles-Long Beach,6,9,397512,537113,0,2126
2026-09-19,USNYC,port815,New York-New Jersey,11,15,265198,292637,83495,91978
2026-09-20,AEJEA,port744,Jebel Ali,1,2,64913,66029,24593,25774
2026-09-20,BRSSZ,port1160,Santos,7,15,56835,61713,137753,530792
2026-09-20,CNSHA,port1188,Shanghai,22,68,105619,495360,379867,455715
2026-09-20,CNSZX,port1414,Yantian,6,9,3978,9766,73608,73737
2026-09-20,DEHAM,port446,Hamburg,5,14,25922,48642,43098,59087
2026-09-20,EGALY,port23,Alexandria,4,6,38882,40740,75877,78631
2026-09-20,GBFXT,port343,Felixstowe,3,4,83305,83753,75513,75513
2026-09-20,INNSA,port776,Mumbai-Jawaharlal Nehru (Nhava Sheva),7,18,57515,80200,175913,217555
2026-09-20,KRPUS,port1065,Busan,38,58,329013,370488,115340,124851
2026-09-20,NLRTM,port1114,Rotterdam,17,85,314239,979282,28686,152657
2026-09-20,PLGDN,port380,Gdansk,2,5,24072,209573,0,2255
2026-09-20,SGSIN,port1201,Singapore,35,94,601599,988746,803648,1186563
2026-09-20,TRMER,port735,Mersin,0,7,0,5388,0,8114
2026-09-20,UAODS,port843,Odessa,0,0,0,0,0,0
2026-09-20,USLGB,port664,Los Angeles-Long Beach,5,7,445496,445496,0,75821
2026-09-20,USNYC,port815,New York-New Jersey,6,8,195294,326688,40751,40751
2026-09-21,AEJEA,port744,Jebel Ali,2,6,0,64464,49648,69117
2026-09-21,BRSSZ,port1160,Santos,4,11,75757,134654,18526,242632
2026-09-21,CNSHA,port1188,Shanghai,32,78,543452,813809,314373,397121
2026-09-21,CNSZX,port1414,Yantian,9,9,45963,45963,117495,117495
2026-09-21,DEHAM,port446,Hamburg,6,8,40543,41526,87098,89086
2026-09-21,EGALY,port23,Alexandria,2,10,61941,164729,11199,31047
2026-09-21,GBFXT,port343,Felixstowe,2,4,71273,71273,0,0
2026-09-21,INNSA,port776,Mumbai-Jawaharlal Nehru (Nhava Sheva),9,33,122441,303356,80030,151610
2026-09-21,KRPUS,port1065,Busan,32,58,231241,307145,208061,222760
2026-09-21,NLRTM,port1114,Rotterdam,15,101,81247,865882,52515,267279
2026-09-21,PLGDN,port380,Gdansk,2,13,16154,174832,5465,45405
2026-09-21,SGSIN,port1201,Singapore,38,136,628308,993316,603953,1081016
2026-09-21,TRMER,port735,Mersin,6,12,78746,107010,65292,120032
2026-09-21,UAODS,port843,Odessa,0,0,0,0,0,0
2026-09-21,USLGB,port664,Los Angeles-Long Beach,6,12,279059,329298,55944,77794
2026-09-21,USNYC,port815,New York-New Jersey,6,12,142262,226194,15523,15783
2026-09-22,AEJEA,port744,Jebel Ali,0,2,0,1116,0,26480
2026-09-22,BRSSZ,port1160,Santos,5,12,62328,65814,96874,207328
2026-09-22,CNSHA,port1188,Shanghai,29,90,256854,661391,339302,489055
2026-09-22,CNSZX,port1414,Yantian,7,9,10585,15043,130107,130107
2026-09-22,DEHAM,port446,Hamburg,19,26,180240,192108,360868,365268
2026-09-22,EGALY,port23,Alexandria,3,9,34464,70229,30685,33807
2026-09-22,GBFXT,port343,Felixstowe,2,6,14718,17978,39224,40539
2026-09-22,INNSA,port776,Mumbai-Jawaharlal Nehru (Nhava Sheva),10,22,197704,307666,116910,123121
2026-09-22,KRPUS,port1065,Busan,25,45,207751,236040,142019,156719
2026-09-22,NLRTM,port1114,Rotterdam,18,101,90670,713628,211459,354424
2026-09-22,PLGDN,port380,Gdansk,1,8,0,5212,108208,138558
2026-09-22,SGSIN,port1201,Singapore,29,102,851759,1102443,514496,870368
2026-09-22,TRMER,port735,Mersin,3,10,13138,24166,89953,93271
2026-09-22,UAODS,port843,Odessa,0,0,0,0,0,0
2026-09-22,USLGB,port664,Los Angeles-Long Beach,5,12,395391,437098,18358,43325
2026-09-22,USNYC,port815,New York-New Jersey,5,8,158860,309026,0,0
2026-09-23,AEJEA,port744,Jebel Ali,2,4,0,1116,0,2708
2026-09-23,BRSSZ,port1160,Santos,5,7,37753,37753,7753,15635
2026-09-23,CNSHA,port1188,Shanghai,27,90,187797,604684,417942,586558
2026-09-23,CNSZX,port1414,Yantian,9,10,5452,6356,165489,166394
2026-09-23,DEHAM,port446,Hamburg,8,17,40008,55235,41806,108776
2026-09-23,EGALY,port23,Alexandria,1,8,21350,77792,0,6382
2026-09-23,GBFXT,port343,Felixstowe,3,3,37255,37255,38571,38571
2026-09-23,INNSA,port776,Mumbai-Jawaharlal Nehru (Nhava Sheva),12,26,264833,405081,62850,81516
2026-09-23,KRPUS,port1065,Busan,31,48,117182,138953,103003,115857
2026-09-23,NLRTM,port1114,Rotterdam,18,96,184705,778809,153415,391047
2026-09-23,PLGDN,port380,Gdansk,0,6,0,198957,0,5342
2026-09-23,SGSIN,port1201,Singapore,40,133,494794,913653,690431,1054994
2026-09-23,TRMER,port735,Mersin,2,8,44195,57126,0,6912
2026-09-23,UAODS,port843,Odessa,0,0,0,0,0,0
2026-09-23,USLGB,port664,Los Angeles-Long Beach,5,9,336712,412140,0,2091
2026-09-23,USNYC,port815,New York-New Jersey,4,7,0,4724,127555,127555
2026-09-24,AEJEA,port744,Jebel Ali,4,8,282363,283480,63215,65236
2026-09-24,BRSSZ,port1160,Santos,9,17,118401,176198,261361,413358
2026-09-24,CNSHA,port1188,Shanghai,26,91,269413,823789,287131,452340
2026-09-24,CNSZX,port1414,Yantian,8,8,9307,9307,77147,77147
2026-09-24,DEHAM,port446,Hamburg,8,16,17031,54723,310823,315562
2026-09-24,EGALY,port23,Alexandria,2,6,17232,74416,11199,13506
2026-09-24,GBFXT,port343,Felixstowe,2,3,8122,8122,11656,12460
2026-09-24,INNSA,port776,Mumbai-Jawaharlal Nehru (Nhava Sheva),3,18,47839,135835,135431,142838
2026-09-24,KRPUS,port1065,Busan,29,44,188757,214370,119759,125703
2026-09-24,NLRTM,port1114,Rotterdam,16,78,61539,489602,204909,281593
2026-09-24,PLGDN,port380,Gdansk,2,13,98109,207077,0,16572
2026-09-24,SGSIN,port1201,Singapore,33,119,643869,1042534,528605,918114
2026-09-24,TRMER,port735,Mersin,2,5,86742,91739,32605,32605
2026-09-24,UAODS,port843,Odessa,0,0,0,0,0,0
2026-09-24,USLGB,port664,Los Angeles-Long Beach,7,12,376258,431058,352866,358294
2026-09-24,USNYC,port815,New York-New Jersey,7,10,257698,321087,18486,18486
2026-09-25,AEJEA,port744,Jebel Ali,0,3,0,24752,0,1180
2026-09-25,BRSSZ,port1160,Santos,4,16,71252,149212,28835,350637
2026-09-25,CNSHA,port1188,Shanghai,28,69,478549,686983,289279,524109
2026-09-25,CNSZX,port1414,Yantian,7,7,5214,5214,71187,71187
2026-09-25,DEHAM,port446,Hamburg,9,13,185250,297153,85271,93227
2026-09-25,EGALY,port23,Alexandria,4,12,53785,85540,22865,33197
2026-09-25,GBFXT,port343,Felixstowe,2,2,55039,55039,0,0
2026-09-25,INNSA,port776,Mumbai-Jawaharlal Nehru (Nhava Sheva),8,26,88858,176397,164973,201497
2026-09-25,KRPUS,port1065,Busan,19,28,137594,169306,126871,129039
2026-09-25,NLRTM,port1114,Rotterdam,20,85,112051,750781,108756,266876
2026-09-25,PLGDN,port380,Gdansk,2,7,2702,101432,63005,69355
2026-09-25,SGSIN,port1201,Singapore,34,117,477487,1027403,1190928,1468624
2026-09-25,TRMER,port735,Mersin,3,5,35287,35851,36888,45397
2026-09-25,UAODS,port843,Odessa,0,0,0,0,0,0
2026-09-25,USLGB,port664,Los Angeles-Long Beach,5,6,426861,434184,131584,131584
2026-09-25,USNYC,port815,New York-New Jersey,5,8,93859,200750,12122,12122
2026-09-26,AEJEA,port744,Jebel Ali,2,6,66318,89358,0,11964
2026-09-26,BRSSZ,port1160,Santos,7,20,71961,135790,92614,646428
2026-09-26,CNSHA,port1188,Shanghai,30,76,58316,405095,391976,499495
2026-09-26,CNSZX,port1414,Yantian,10,13,2194,4923,122282,124081
2026-09-26,DEHAM,port446,Hamburg,8,16,275313,317263,140210,163129
2026-09-26,EGALY,port23,Alexandria,6,10,47973,76095,60769,64450
2026-09-26,GBFXT,port343,Felixstowe,2,3,37305,39151,7382,7382
2026-09-26,INNSA,port776,Mumbai-Jawaharlal Nehru (Nhava Sheva),7,25,90288,167142,80210,107772
2026-09-26,KRPUS,port1065,Busan,21,41,120782,155815,198915,246646
2026-09-26,NLRTM,port1114,Rotterdam,18,63,230956,440438,51098,164015
2026-09-26,PLGDN,port380,Gdansk,3,8,22057,122673,351831,354948
2026-09-26,SGSIN,port1201,Singapore,35,99,411319,905404,846735,1063023
2026-09-26,TRMER,port735,Mersin,1,4,0,2552,97647,98368
2026-09-26,UAODS,port843,Odessa,0,0,0,0,0,0
2026-09-26,USLGB,port664,Los Angeles-Long Beach,8,10,429703,487941,102912,110304
2026-09-26,USNYC,port815,New York-New Jersey,0,1,0,0,0,0
2026-09-27,AEJEA,port744,Jebel Ali,0,1,0,0,0,0
2026-09-27,BRSSZ,port1160,Santos,5,18,48859,78872,49598,387203
2026-09-27,CNSHA,port1188,Shanghai,25,73,625473,755699,246866,391711
2026-09-27,CNSZX,port1414,Yantian,13,14,48424,48424,100672,100672
2026-09-27,DEHAM,port446,Hamburg,12,19,63700,170295,271253,276109
2026-09-27,EGALY,port23,Alexandria,3,8,0,39269,22527,37101
2026-09-27,GBFXT,port343,Felixstowe,2,3,63108,63108,27610,27610
2026-09-27,INNSA,port776,Mumbai-Jawaharlal Nehru (Nhava Sheva),10,29,174654,399052,93910,155860
2026-09-27,KRPUS,port1065,Busan,31,53,216439,250090,206645,217223
2026-09-27,NLRTM,port1114,Rotterdam,18,79,123758,710859,10629,93563
2026-09-27,PLGDN,port380,Gdansk,2,9,21804,24706,0,5396
2026-09-27,SGSIN,port1201,Singapore,34,119,925609,1206900,359961,892401
2026-09-27,TRMER,port735,Mersin,4,10,77608,83422,63398,68899
2026-09-27,UAODS,port843,Odessa,0,0,0,0,0,0
2026-09-27,USLGB,port664,Los Angeles-Long Beach,4,14,177588,557157,69489,131562
2026-09-27,USNYC,port815,New York-New Jersey,4,8,59201,202431,22862,55693
2026-09-28,AEJEA,port744,Jebel Ali,1,2,64913,94893,24593,26055
2026-09-28,BRSSZ,port1160,Santos,8,10,94873,96486,82506,130979
2026-09-28,CNSHA,port1188,Shanghai,25,65,85434,282041,433863,465413
2026-09-28,CNSZX,port1414,Yantian,7,8,14787,15691,185947,186852
2026-09-28,DEHAM,port446,Hamburg,7,16,70650,89345,59671,65972
2026-09-28,EGALY,port23,Alexandria,5,14,243090,284380,3492,20744
2026-09-28,GBFXT,port343,Felixstowe,3,6,43341,44017,0,0
2026-09-28,INNSA,port776,Mumbai-Jawaharlal Nehru (Nhava Sheva),8,26,151084,222146,181901,202221
2026-09-28,KRPUS,port1065,Busan,38,64,159952,202354,229897,239952
2026-09-28,NLRTM,port1114,Rotterdam,17,85,192070,983716,49336,220616
2026-09-28,PLGDN,port380,Gdansk,1,7,0,9378,0,5415
2026-09-28,SGSIN,port1201,Singapore,37,128,878043,1390814,556362,885891
2026-09-28,TRMER,port735,Mersin,4,7,26276,39980,49631,51873
2026-09-28,UAODS,port843,Odessa,0,0,0,0,0,0
2026-09-28,USLGB,port664,Los Angeles-Long Beach,9,13,760898,938924,18358,33140
2026-09-28,USNYC,port815,New York-New Jersey,6,16,146699,308177,22497,41405
2026-09-29,AEJEA,port744,Jebel Ali,4,4,194739,194739,79937,79937
2026-09-29,BRSSZ,port1160,Santos,6,16,106458,126592,129221,483868
2026-09-29,CNSHA,port1188,Shanghai,25,72,380173,652161,332937,588230
2026-09-29,CNSZX,port1414,Yantian,8,10,4389,8007,89380,89559
2026-09-29,DEHAM,port446,Hamburg,10,22,92031,216422,90188,115471
2026-09-29,EGALY,port23,Alexandria,3,7,30354,40233,53744,60644
2026-09-29,GBFXT,port343,Felixstowe,0,3,0,8753,0,0
2026-09-29,INNSA,port776,Mumbai-Jawaharlal Nehru (Nhava Sheva),7,19,83082,155316,103576,118659
2026-09-29,KRPUS,port1065,Busan,27,39,134551,167120,131972,135077
2026-09-29,NLRTM,port1114,Rotterdam,23,82,60525,335767,234291,350158
2026-09-29,PLGDN,port380,Gdansk,5,19,39338,355091,41292,59999
2026-09-29,SGSIN,port1201,Singapore,33,122,548719,902787,977130,1399749
2026-09-29,TRMER,port735,Mersin,4,9,27311,52990,19008,22549
2026-09-29,UAODS,port843,Odessa,0,0,0,0,0,0
2026-09-29,USLGB,port664,Los Angeles-Long Beach,3,6,90008,127005,18358,62577
2026-09-29,USNYC,port815,New York-New Jersey,11,18,269708,364435,31373,60249
2026-09-30,AEJEA,port744,Jebel Ali,3,9,64913,104737,35067,39080
2026-09-30,BRSSZ,port1160,Santos,6,17,131242,194875,46156,356436
2026-09-30,CNSHA,port1188,Shanghai,33,69,293429,467384,492902,548480
2026-09-30,CNSZX,port1414,Yantian,8,9,0,904,107524,108429
2026-09-30,DEHAM,port446,Hamburg,7,18,157480,245277,39694,54566
2026-09-30,EGALY,port23,Alexandria,3,5,34818,38445,40390,41025
2026-09-30,GBFXT,port343,Felixstowe,5,5,111016,111016,44761,44761
2026-09-30,INNSA,port776,Mumbai-Jawaharlal Nehru (Nhava Sheva),10,26,273641,320496,158902,201100
2026-09-30,KRPUS,port1065,Busan,33,57,282550,322860,185218,287387
2026-09-30,NLRTM,port1114,Rotterdam,22,97,214745,712407,90419,291034
2026-09-30,PLGDN,port380,Gdansk,1,9,22636,63607,0,22511
2026-09-30,SGSIN,port1201,Singapore,35,119,665422,1691747,641579,875698
2026-09-30,TRMER,port735,Mersin,4,10,141717,144133,68466,72930
2026-09-30,UAODS,port843,Odessa,0,0,0,0,0,0
2026-09-30,USLGB,port664,Los Angeles-Long Beach,9,12,453315,752309,158792,159727
2026-09-30,USNYC,port815,New York-New Jersey,4,14,98005,224523,4880,18566
2026-10-01,AEJEA,port744,Jebel Ali,0,4,0,24898,0,11863
2026-10-01,BRSSZ,port1160,Santos,9,20,102892,137754,131497,480493
2026-10-01,CNSHA,port1188,Shanghai,28,64,303074,496577,403985,472043
2026-10-01,CNSZX,port1414,Yantian,6,6,2194,2194,48498,48498
2026-10-01,DEHAM,port446,Hamburg,11,17,239894,282938,160037,161054
2026-10-01,EGALY,port23,Alexandria,4,5,168995,174899,59144,62201
2026-10-01,GBFXT,port343,Felixstowe,2,5,96443,99651,0,635
2026-10-01,INNSA,port776,Mumbai-Jawaharlal Nehru (Nhava Sheva),8,18,57249,207046,181481,184284
2026-10-01,KRPUS,port1065,Busan,25,47,106733,140616,159557,198978
2026-10-01,NLRTM,port1114,Rotterdam,16,91,104248,623282,84124,224105
2026-10-01,PLGDN,port380,Gdansk,1,6,42884,78539,0,12267
2026-10-01,SGSIN,port1201,Singapore,38,116,803956,1224299,502531,818537
2026-10-01,TRMER,port735,Mersin,1,4,13138,28886,16874,19472
2026-10-01,UAODS,port843,Odessa,0,0,0,0,0,0
2026-10-01,USLGB,port664,Los Angeles-Long Beach,5,7,129229,129229,226433,226433
2026-10-01,USNYC,port815,New York-New Jersey,2,6,27803,60609,0,0
2026-10-02,AEJEA,port744,Jebel Ali,4,7,139803,183008,81834,93195
2026-10-02,BRSSZ,port1160,Santos,5,11,146760,166854,6638,86082
2026-10-02,CNSHA,port1188,Shanghai,26,70,245872,381712,308113,369768
2026-10-02,CNSZX,port1414,Yantian,13,14,6962,6962,159390,159390
2026-10-02,DEHAM,port446,Hamburg,10,17,79128,138111,150423,162548
2026-10-02,EGALY,port23,Alexandria,4,7,85033,90160,69063,70996
2026-10-02,GBFXT,port343,Felixstowe,3,4,25306,26367,16512,16512
2026-10-02,INNSA,port776,Mumbai-Jawaharlal Nehru (Nhava Sheva),6,22,80835,146635,63204,70045
2026-10-02,KRPUS,port1065,Busan,25,43,181628,209908,160033,170897
2026-10-02,NLRTM,port1114,Rotterdam,16,83,79140,934466,120356,301269
2026-10-02,PLGDN,port380,Gdansk,0,7,0,136098,0,41295
2026-10-02,SGSIN,port1201,Singapore,31,108,549804,853797,852608,1114700
2026-10-02,TRMER,port735,Mersin,5,8,110124,120012,117386,119472
2026-10-02,UAODS,port843,Odessa,0,0,0,0,0,0
2026-10-02,USLGB,port664,Los Angeles-Long Beach,10,12,445750,447389,317202,318925
2026-10-02,USNYC,port815,New York-New Jersey,6,7,110893,214238,15949,15949
